This is XeTeX, Version 3.141592653-2.6-0.999998 (TeX Live 2026) (preloaded format=xelatex 2026.6.7)  10 AUG 2026 11:38
entering extended mode
 restricted \write18 enabled.
 %&-line parsing enabled.
**index.tex
(./index.tex
LaTeX2e <2026-06-01>
L3 programming layer <2026-05-26>
(c:/Users/ngreen62/AppData/Roaming/TinyTeX/texmf-dist/tex/latex/base/report.cls
Document Class: report 2025/01/22 v1.4n Standard LaTeX document class
(c:/Users/ngreen62/AppData/Roaming/TinyTeX/texmf-dist/tex/latex/base/size10.clo
File: size10.clo 2025/01/22 v1.4n Standard LaTeX file (size option)
)
\c@part=\count273
\c@chapter=\count274
\c@section=\count275
\c@subsection=\count276
\c@subsubsection=\count277
\c@paragraph=\count278
\c@subparagraph=\count279
\c@figure=\count280
\c@table=\count281
\abovecaptionskip=\skip49
\belowcaptionskip=\skip50
\bibindent=\dimen150
) (c:/Users/ngreen62/AppData/Roaming/TinyTeX/texmf-dist/tex/latex/xcolor/xcolor.sty
Package: xcolor 2024/09/29 v3.02 LaTeX color extensions (UK)
(c:/Users/ngreen62/AppData/Roaming/TinyTeX/texmf-dist/tex/latex/graphics-cfg/color.cfg
File: color.cfg 2016/01/02 v1.6 sample color configuration
)
Package xcolor Info: Driver file: xetex.def on input line 274.
(c:/Users/ngreen62/AppData/Roaming/TinyTeX/texmf-dist/tex/latex/graphics-def/xetex.def
File: xetex.def 2025/11/01 v5.0p Graphics/color driver for xetex
) (c:/Users/ngreen62/AppData/Roaming/TinyTeX/texmf-dist/tex/latex/graphics/mathcolor.ltx)
Package xcolor Info: Model `cmy' substituted by `cmy0' on input line 1349.
Package xcolor Info: Model `RGB' extended on input line 1365.
Package xcolor Info: Model `HTML' substituted by `rgb' on input line 1367.
Package xcolor Info: Model `Hsb' substituted by `hsb' on input line 1368.
Package xcolor Info: Model `tHsb' substituted by `hsb' on input line 1369.
Package xcolor Info: Model `HSB' substituted by `hsb' on input line 1370.
Package xcolor Info: Model `Gray' substituted by `gray' on input line 1371.
Package xcolor Info: Model `wave' substituted by `hsb' on input line 1372.
) (c:/Users/ngreen62/AppData/Roaming/TinyTeX/texmf-dist/tex/latex/graphics/dvipsnam.def
File: dvipsnam.def 2026-05-17 v3.0m Driver-dependent file (DPC,SPQR)
) (c:/Users/ngreen62/AppData/Roaming/TinyTeX/texmf-dist/tex/latex/xcolor/svgnam.def
File: svgnam.def 2024/09/29 v3.02 Predefined colors according to SVG 1.1 (UK)
) (c:/Users/ngreen62/AppData/Roaming/TinyTeX/texmf-dist/tex/latex/xcolor/x11nam.def
File: x11nam.def 2024/09/29 v3.02 Predefined colors according to Unix/X11 (UK)
) (c:/Users/ngreen62/AppData/Roaming/TinyTeX/texmf-dist/tex/latex/geometry/geometry.sty
Package: geometry 2026/03/07 v6.0 Page Geometry
(c:/Users/ngreen62/AppData/Roaming/TinyTeX/texmf-dist/tex/latex/graphics/keyval.sty
Package: keyval 2026-05-17 v1.15 key=value parser (DPC)
\KV@toks@=\toks17
) (c:/Users/ngreen62/AppData/Roaming/TinyTeX/texmf-dist/tex/generic/iftex/ifvtex.sty
Package: ifvtex 2019/10/25 v1.7 ifvtex legacy package. Use iftex instead.
(c:/Users/ngreen62/AppData/Roaming/TinyTeX/texmf-dist/tex/generic/iftex/iftex.sty
Package: iftex 2024/12/12 v1.0g TeX engine tests
))
\Gm@cnth=\count282
\Gm@cntv=\count283
\c@Gm@tempcnt=\count284
\Gm@bindingoffset=\dimen151
\Gm@wd@mp=\dimen152
\Gm@odd@mp=\dimen153
\Gm@even@mp=\dimen154
\Gm@layoutwidth=\dimen155
\Gm@layoutheight=\dimen156
\Gm@layouthoffset=\dimen157
\Gm@layoutvoffset=\dimen158
\Gm@dimlist=\toks18
) (c:/Users/ngreen62/AppData/Roaming/TinyTeX/texmf-dist/tex/latex/amsmath/amsmath.sty
Package: amsmath 2026/05/19 v2.18d AMS math features
\@mathmargin=\skip51
For additional information on amsmath, use the `?' option.
(c:/Users/ngreen62/AppData/Roaming/TinyTeX/texmf-dist/tex/latex/amsmath/amstext.sty
Package: amstext 2024/11/17 v2.01 AMS text
(c:/Users/ngreen62/AppData/Roaming/TinyTeX/texmf-dist/tex/latex/amsmath/amsgen.sty
File: amsgen.sty 1999/11/30 v2.0 generic functions
\@emptytoks=\toks19
\ex@=\dimen159
)) (c:/Users/ngreen62/AppData/Roaming/TinyTeX/texmf-dist/tex/latex/amsmath/amsbsy.sty
Package: amsbsy 1999/11/29 v1.2d Bold Symbols
\pmbraise@=\dimen160
) (c:/Users/ngreen62/AppData/Roaming/TinyTeX/texmf-dist/tex/latex/amsmath/amsopn.sty
Package: amsopn 2022/04/08 v2.04 operator names
)
\inf@bad=\count285
LaTeX Info: Redefining \frac on input line 233.
\uproot@=\count286
\leftroot@=\count287
LaTeX Info: Redefining \overline on input line 398.
LaTeX Info: Redefining \colon on input line 409.
\classnum@=\count288
\DOTSCASE@=\count289
LaTeX Info: Redefining \ldots on input line 495.
LaTeX Info: Redefining \dots on input line 498.
LaTeX Info: Redefining \cdots on input line 619.
\Mathstrutbox@=\box53
\strutbox@=\box54
LaTeX Info: Redefining \big on input line 721.
LaTeX Info: Redefining \Big on input line 722.
LaTeX Info: Redefining \bigg on input line 723.
LaTeX Info: Redefining \Bigg on input line 724.
\big@size=\dimen161
LaTeX Font Info:    Redeclaring font encoding OML on input line 742.
LaTeX Font Info:    Redeclaring font encoding OMS on input line 743.
\macc@depth=\count290
LaTeX Info: Redefining \bmod on input line 904.
LaTeX Info: Redefining \pmod on input line 909.
LaTeX Info: Redefining \smash on input line 939.
LaTeX Info: Redefining \relbar on input line 969.
LaTeX Info: Redefining \Relbar on input line 970.
\c@MaxMatrixCols=\count291
\dotsspace@=\muskip17
\c@parentequation=\count292
\dspbrk@lvl=\count293
\tag@help=\toks20
\row@=\count294
\column@=\count295
\maxfields@=\count296
\andhelp@=\toks21
\eqnshift@=\dimen162
\alignsep@=\dimen163
\tagshift@=\dimen164
\tagwidth@=\dimen165
\totwidth@=\dimen166
\lineht@=\dimen167
\@envbody=\toks22
\multlinegap=\skip52
\multlinetaggap=\skip53
\mathdisplay@stack=\toks23
LaTeX Info: Redefining \[ on input line 2965.
LaTeX Info: Redefining \] on input line 2966.
) (c:/Users/ngreen62/AppData/Roaming/TinyTeX/texmf-dist/tex/latex/amsfonts/amssymb.sty
Package: amssymb 2013/01/14 v3.01 AMS font symbols
(c:/Users/ngreen62/AppData/Roaming/TinyTeX/texmf-dist/tex/latex/amsfonts/amsfonts.sty
Package: amsfonts 2013/01/14 v3.01 Basic AMSFonts support
\symAMSa=\mathgroup4
\symAMSb=\mathgroup5
LaTeX Font Info:    Redeclaring math symbol \hbar on input line 98.
LaTeX Font Info:    Overwriting math alphabet `\mathfrak' in version `bold'
(Font)                  U/euf/m/n --> U/euf/b/n on input line 106.
)) (c:/Users/ngreen62/AppData/Roaming/TinyTeX/texmf-dist/tex/latex/unicode-math/unicode-math.sty (c:/Users/ngreen62/AppData/Roaming/TinyTeX/texmf-dist/tex/latex/l3kernel/expl3.sty
Package: expl3 2026-05-26 L3 programming layer (loader) 
(c:/Users/ngreen62/AppData/Roaming/TinyTeX/texmf-dist/tex/latex/l3backend/l3backend-xetex.def
File: l3backend-xetex.def 2026-02-18 L3 backend support: XeTeX
\g__graphics_track_int=\count297
\g__pdfannot_backend_int=\count298
\g__pdfannot_backend_link_int=\count299
))
Package: unicode-math 2023/08/13 v0.8r Unicode maths in XeLaTeX and LuaLaTeX
(c:/Users/ngreen62/AppData/Roaming/TinyTeX/texmf-dist/tex/latex/unicode-math/unicode-math-xetex.sty
Package: unicode-math-xetex 2023/08/13 v0.8r Unicode maths in XeLaTeX and LuaLaTeX
(c:/Users/ngreen62/AppData/Roaming/TinyTeX/texmf-dist/tex/latex/l3packages/xparse/xparse.sty
Package: xparse 2025-10-09 L3 Experimental document command parser
) (c:/Users/ngreen62/AppData/Roaming/TinyTeX/texmf-dist/tex/latex/l3packages/l3keys2e/l3keys2e.sty
Package: l3keys2e 2025-10-09 LaTeX2e option processing using LaTeX3 keys
) (c:/Users/ngreen62/AppData/Roaming/TinyTeX/texmf-dist/tex/latex/fontspec/fontspec.sty
Package: fontspec 2025/09/29 v2.9g Font selection for XeLaTeX and LuaLaTeX
(c:/Users/ngreen62/AppData/Roaming/TinyTeX/texmf-dist/tex/latex/fontspec/fontspec-xetex.sty
Package: fontspec-xetex 2025/09/29 v2.9g Font selection for XeLaTeX and LuaLaTeX
\l__fontspec_script_int=\count300
\l__fontspec_language_int=\count301
\l__fontspec_strnum_int=\count302
\l__fontspec_tmp_int=\count303
\l__fontspec_tmpa_int=\count304
\l__fontspec_tmpb_int=\count305
\l__fontspec_tmpc_int=\count306
\l__fontspec_em_int=\count307
\l__fontspec_emdef_int=\count308
\l__fontspec_strong_int=\count309
\l__fontspec_strongdef_int=\count310
\l__fontspec_tmpa_dim=\dimen168
\l__fontspec_tmpb_dim=\dimen169
\l__fontspec_tmpc_dim=\dimen170
(c:/Users/ngreen62/AppData/Roaming/TinyTeX/texmf-dist/tex/latex/base/fontenc.sty
Package: fontenc 2025/07/18 v2.1d Standard LaTeX package
) (c:/Users/ngreen62/AppData/Roaming/TinyTeX/texmf-dist/tex/latex/fontspec/fontspec.cfg))) (c:/Users/ngreen62/AppData/Roaming/TinyTeX/texmf-dist/tex/latex/base/fix-cm.sty
Package: fix-cm 2020/11/24 v1.1t fixes to LaTeX
(c:/Users/ngreen62/AppData/Roaming/TinyTeX/texmf-dist/tex/latex/base/ts1enc.def
File: ts1enc.def 2001/06/05 v3.0e (jk/car/fm) Standard LaTeX file
LaTeX Font Info:    Redeclaring font encoding TS1 on input line 47.
LaTeX Encoding Info:    Redeclaring text command \capitalcedilla (encoding TS1) on input line 49.
LaTeX Encoding Info:    Redeclaring text command \capitalogonek (encoding TS1) on input line 52.
LaTeX Encoding Info:    Redeclaring text command \capitalgrave (encoding TS1) on input line 55.
LaTeX Encoding Info:    Redeclaring text command \capitalacute (encoding TS1) on input line 56.
LaTeX Encoding Info:    Redeclaring text command \capitalcircumflex (encoding TS1) on input line 57.
LaTeX Encoding Info:    Redeclaring text command \capitaltilde (encoding TS1) on input line 58.
LaTeX Encoding Info:    Redeclaring text command \capitaldieresis (encoding TS1) on input line 59.
LaTeX Encoding Info:    Redeclaring text command \capitalhungarumlaut (encoding TS1) on input line 60.
LaTeX Encoding Info:    Redeclaring text command \capitalring (encoding TS1) on input line 61.
LaTeX Encoding Info:    Redeclaring text command \capitalcaron (encoding TS1) on input line 62.
LaTeX Encoding Info:    Redeclaring text command \capitalbreve (encoding TS1) on input line 63.
LaTeX Encoding Info:    Redeclaring text command \capitalmacron (encoding TS1) on input line 64.
LaTeX Encoding Info:    Redeclaring text command \capitaldotaccent (encoding TS1) on input line 65.
LaTeX Encoding Info:    Redeclaring text command \t (encoding TS1) on input line 66.
LaTeX Encoding Info:    Redeclaring text command \capitaltie (encoding TS1) on input line 67.
LaTeX Encoding Info:    Redeclaring text command \newtie (encoding TS1) on input line 68.
LaTeX Encoding Info:    Redeclaring text command \capitalnewtie (encoding TS1) on input line 69.
LaTeX Encoding Info:    Redeclaring text symbol \textcapitalcompwordmark (encoding TS1) on input line 70.
LaTeX Encoding Info:    Redeclaring text symbol \textascendercompwordmark (encoding TS1) on input line 71.
LaTeX Encoding Info:    Redeclaring text symbol \textquotestraightbase (encoding TS1) on input line 72.
LaTeX Encoding Info:    Redeclaring text symbol \textquotestraightdblbase (encoding TS1) on input line 73.
LaTeX Encoding Info:    Redeclaring text symbol \texttwelveudash (encoding TS1) on input line 74.
LaTeX Encoding Info:    Redeclaring text symbol \textthreequartersemdash (encoding TS1) on input line 75.
LaTeX Encoding Info:    Redeclaring text symbol \textleftarrow (encoding TS1) on input line 76.
LaTeX Encoding Info:    Redeclaring text symbol \textrightarrow (encoding TS1) on input line 77.
LaTeX Encoding Info:    Redeclaring text symbol \textblank (encoding TS1) on input line 78.
LaTeX Encoding Info:    Redeclaring text symbol \textdollar (encoding TS1) on input line 79.
LaTeX Encoding Info:    Redeclaring text symbol \textquotesingle (encoding TS1) on input line 80.
LaTeX Encoding Info:    Redeclaring text command \textasteriskcentered (encoding TS1) on input line 81.
LaTeX Encoding Info:    Redeclaring text symbol \textdblhyphen (encoding TS1) on input line 92.
LaTeX Encoding Info:    Redeclaring text symbol \textfractionsolidus (encoding TS1) on input line 93.
LaTeX Encoding Info:    Redeclaring text symbol \textzerooldstyle (encoding TS1) on input line 94.
LaTeX Encoding Info:    Redeclaring text symbol \textoneoldstyle (encoding TS1) on input line 95.
LaTeX Encoding Info:    Redeclaring text symbol \texttwooldstyle (encoding TS1) on input line 96.
LaTeX Encoding Info:    Redeclaring text symbol \textthreeoldstyle (encoding TS1) on input line 97.
LaTeX Encoding Info:    Redeclaring text symbol \textfouroldstyle (encoding TS1) on input line 98.
LaTeX Encoding Info:    Redeclaring text symbol \textfiveoldstyle (encoding TS1) on input line 99.
LaTeX Encoding Info:    Redeclaring text symbol \textsixoldstyle (encoding TS1) on input line 100.
LaTeX Encoding Info:    Redeclaring text symbol \textsevenoldstyle (encoding TS1) on input line 101.
LaTeX Encoding Info:    Redeclaring text symbol \texteightoldstyle (encoding TS1) on input line 102.
LaTeX Encoding Info:    Redeclaring text symbol \textnineoldstyle (encoding TS1) on input line 103.
LaTeX Encoding Info:    Redeclaring text symbol \textlangle (encoding TS1) on input line 104.
LaTeX Encoding Info:    Redeclaring text symbol \textminus (encoding TS1) on input line 105.
LaTeX Encoding Info:    Redeclaring text symbol \textrangle (encoding TS1) on input line 106.
LaTeX Encoding Info:    Redeclaring text symbol \textmho (encoding TS1) on input line 107.
LaTeX Encoding Info:    Redeclaring text symbol \textbigcircle (encoding TS1) on input line 108.
LaTeX Encoding Info:    Redeclaring text command \textcircled (encoding TS1) on input line 109.
LaTeX Encoding Info:    Redeclaring text symbol \textohm (encoding TS1) on input line 115.
LaTeX Encoding Info:    Redeclaring text symbol \textlbrackdbl (encoding TS1) on input line 116.
LaTeX Encoding Info:    Redeclaring text symbol \textrbrackdbl (encoding TS1) on input line 117.
LaTeX Encoding Info:    Redeclaring text symbol \textuparrow (encoding TS1) on input line 118.
LaTeX Encoding Info:    Redeclaring text symbol \textdownarrow (encoding TS1) on input line 119.
LaTeX Encoding Info:    Redeclaring text symbol \textasciigrave (encoding TS1) on input line 120.
LaTeX Encoding Info:    Redeclaring text symbol \textborn (encoding TS1) on input line 121.
LaTeX Encoding Info:    Redeclaring text symbol \textdivorced (encoding TS1) on input line 122.
LaTeX Encoding Info:    Redeclaring text symbol \textdied (encoding TS1) on input line 123.
LaTeX Encoding Info:    Redeclaring text symbol \textleaf (encoding TS1) on input line 124.
LaTeX Encoding Info:    Redeclaring text symbol \textmarried (encoding TS1) on input line 125.
LaTeX Encoding Info:    Redeclaring text symbol \textmusicalnote (encoding TS1) on input line 126.
LaTeX Encoding Info:    Redeclaring text symbol \texttildelow (encoding TS1) on input line 127.
LaTeX Encoding Info:    Redeclaring text symbol \textdblhyphenchar (encoding TS1) on input line 128.
LaTeX Encoding Info:    Redeclaring text symbol \textasciibreve (encoding TS1) on input line 129.
LaTeX Encoding Info:    Redeclaring text symbol \textasciicaron (encoding TS1) on input line 130.
LaTeX Encoding Info:    Redeclaring text symbol \textacutedbl (encoding TS1) on input line 131.
LaTeX Encoding Info:    Redeclaring text symbol \textgravedbl (encoding TS1) on input line 132.
LaTeX Encoding Info:    Redeclaring text symbol \textdagger (encoding TS1) on input line 133.
LaTeX Encoding Info:    Redeclaring text symbol \textdaggerdbl (encoding TS1) on input line 134.
LaTeX Encoding Info:    Redeclaring text symbol \textbardbl (encoding TS1) on input line 135.
LaTeX Encoding Info:    Redeclaring text symbol \textperthousand (encoding TS1) on input line 136.
LaTeX Encoding Info:    Redeclaring text symbol \textbullet (encoding TS1) on input line 137.
LaTeX Encoding Info:    Redeclaring text symbol \textcelsius (encoding TS1) on input line 138.
LaTeX Encoding Info:    Redeclaring text symbol \textdollaroldstyle (encoding TS1) on input line 139.
LaTeX Encoding Info:    Redeclaring text symbol \textcentoldstyle (encoding TS1) on input line 140.
LaTeX Encoding Info:    Redeclaring text symbol \textflorin (encoding TS1) on input line 141.
LaTeX Encoding Info:    Redeclaring text symbol \textcolonmonetary (encoding TS1) on input line 142.
LaTeX Encoding Info:    Redeclaring text symbol \textwon (encoding TS1) on input line 143.
LaTeX Encoding Info:    Redeclaring text symbol \textnaira (encoding TS1) on input line 144.
LaTeX Encoding Info:    Redeclaring text symbol \textguarani (encoding TS1) on input line 145.
LaTeX Encoding Info:    Redeclaring text symbol \textpeso (encoding TS1) on input line 146.
LaTeX Encoding Info:    Redeclaring text symbol \textlira (encoding TS1) on input line 147.
LaTeX Encoding Info:    Redeclaring text symbol \textrecipe (encoding TS1) on input line 148.
LaTeX Encoding Info:    Redeclaring text symbol \textinterrobang (encoding TS1) on input line 149.
LaTeX Encoding Info:    Redeclaring text symbol \textinterrobangdown (encoding TS1) on input line 150.
LaTeX Encoding Info:    Redeclaring text symbol \textdong (encoding TS1) on input line 151.
LaTeX Encoding Info:    Redeclaring text symbol \texttrademark (encoding TS1) on input line 152.
LaTeX Encoding Info:    Redeclaring text symbol \textpertenthousand (encoding TS1) on input line 153.
LaTeX Encoding Info:    Redeclaring text symbol \textpilcrow (encoding TS1) on input line 154.
LaTeX Encoding Info:    Redeclaring text symbol \textbaht (encoding TS1) on input line 155.
LaTeX Encoding Info:    Redeclaring text symbol \textnumero (encoding TS1) on input line 156.
LaTeX Encoding Info:    Redeclaring text symbol \textdiscount (encoding TS1) on input line 157.
LaTeX Encoding Info:    Redeclaring text symbol \textestimated (encoding TS1) on input line 158.
LaTeX Encoding Info:    Redeclaring text symbol \textopenbullet (encoding TS1) on input line 159.
LaTeX Encoding Info:    Redeclaring text symbol \textservicemark (encoding TS1) on input line 160.
LaTeX Encoding Info:    Redeclaring text symbol \textlquill (encoding TS1) on input line 161.
LaTeX Encoding Info:    Redeclaring text symbol \textrquill (encoding TS1) on input line 162.
LaTeX Encoding Info:    Redeclaring text symbol \textcent (encoding TS1) on input line 163.
LaTeX Encoding Info:    Redeclaring text symbol \textsterling (encoding TS1) on input line 164.
LaTeX Encoding Info:    Redeclaring text symbol \textcurrency (encoding TS1) on input line 165.
LaTeX Encoding Info:    Redeclaring text symbol \textyen (encoding TS1) on input line 166.
LaTeX Encoding Info:    Redeclaring text symbol \textbrokenbar (encoding TS1) on input line 167.
LaTeX Encoding Info:    Redeclaring text symbol \textsection (encoding TS1) on input line 168.
LaTeX Encoding Info:    Redeclaring text symbol \textasciidieresis (encoding TS1) on input line 169.
LaTeX Encoding Info:    Redeclaring text symbol \textcopyright (encoding TS1) on input line 170.
LaTeX Encoding Info:    Redeclaring text symbol \textordfeminine (encoding TS1) on input line 171.
LaTeX Encoding Info:    Redeclaring text symbol \textcopyleft (encoding TS1) on input line 172.
LaTeX Encoding Info:    Redeclaring text symbol \textlnot (encoding TS1) on input line 173.
LaTeX Encoding Info:    Redeclaring text symbol \textcircledP (encoding TS1) on input line 174.
LaTeX Encoding Info:    Redeclaring text symbol \textregistered (encoding TS1) on input line 175.
LaTeX Encoding Info:    Redeclaring text symbol \textasciimacron (encoding TS1) on input line 176.
LaTeX Encoding Info:    Redeclaring text symbol \textdegree (encoding TS1) on input line 177.
LaTeX Encoding Info:    Redeclaring text symbol \textpm (encoding TS1) on input line 178.
LaTeX Encoding Info:    Redeclaring text symbol \texttwosuperior (encoding TS1) on input line 179.
LaTeX Encoding Info:    Redeclaring text symbol \textthreesuperior (encoding TS1) on input line 180.
LaTeX Encoding Info:    Redeclaring text symbol \textasciiacute (encoding TS1) on input line 181.
LaTeX Encoding Info:    Redeclaring text symbol \textmu (encoding TS1) on input line 182.
LaTeX Encoding Info:    Redeclaring text symbol \textparagraph (encoding TS1) on input line 183.
LaTeX Encoding Info:    Redeclaring text symbol \textperiodcentered (encoding TS1) on input line 184.
LaTeX Encoding Info:    Redeclaring text symbol \textreferencemark (encoding TS1) on input line 185.
LaTeX Encoding Info:    Redeclaring text symbol \textonesuperior (encoding TS1) on input line 186.
LaTeX Encoding Info:    Redeclaring text symbol \textordmasculine (encoding TS1) on input line 187.
LaTeX Encoding Info:    Redeclaring text symbol \textsurd (encoding TS1) on input line 188.
LaTeX Encoding Info:    Redeclaring text symbol \textonequarter (encoding TS1) on input line 189.
LaTeX Encoding Info:    Redeclaring text symbol \textonehalf (encoding TS1) on input line 190.
LaTeX Encoding Info:    Redeclaring text symbol \textthreequarters (encoding TS1) on input line 191.
LaTeX Encoding Info:    Redeclaring text symbol \texteuro (encoding TS1) on input line 192.
LaTeX Encoding Info:    Redeclaring text symbol \texttimes (encoding TS1) on input line 193.
LaTeX Encoding Info:    Redeclaring text symbol \textdiv (encoding TS1) on input line 194.
))
\g__um_fam_int=\count311
\g__um_fonts_used_int=\count312
\l__um_primecount_int=\count313
\g__um_primekern_muskip=\muskip18
(c:/Users/ngreen62/AppData/Roaming/TinyTeX/texmf-dist/tex/latex/unicode-math/unicode-math-table.tex))) (c:/Users/ngreen62/AppData/Roaming/TinyTeX/texmf-dist/tex/latex/lm/lmodern.sty
Package: lmodern 2015/05/01 v1.6.1 Latin Modern Fonts
LaTeX Font Info:    Overwriting symbol font `operators' in version `normal'
(Font)                  OT1/cmr/m/n --> OT1/lmr/m/n on input line 22.
LaTeX Font Info:    Overwriting symbol font `letters' in version `normal'
(Font)                  OML/cmm/m/it --> OML/lmm/m/it on input line 23.
LaTeX Font Info:    Overwriting symbol font `symbols' in version `normal'
(Font)                  OMS/cmsy/m/n --> OMS/lmsy/m/n on input line 24.
LaTeX Font Info:    Overwriting symbol font `largesymbols' in version `normal'
(Font)                  OMX/cmex/m/n --> OMX/lmex/m/n on input line 25.
LaTeX Font Info:    Overwriting symbol font `operators' in version `bold'
(Font)                  OT1/cmr/bx/n --> OT1/lmr/bx/n on input line 26.
LaTeX Font Info:    Overwriting symbol font `letters' in version `bold'
(Font)                  OML/cmm/b/it --> OML/lmm/b/it on input line 27.
LaTeX Font Info:    Overwriting symbol font `symbols' in version `bold'
(Font)                  OMS/cmsy/b/n --> OMS/lmsy/b/n on input line 28.
LaTeX Font Info:    Overwriting symbol font `largesymbols' in version `bold'
(Font)                  OMX/cmex/m/n --> OMX/lmex/m/n on input line 29.
LaTeX Font Info:    Overwriting math alphabet `\mathbf' in version `normal'
(Font)                  OT1/cmr/bx/n --> OT1/lmr/bx/n on input line 31.
LaTeX Font Info:    Overwriting math alphabet `\mathsf' in version `normal'
(Font)                  OT1/cmss/m/n --> OT1/lmss/m/n on input line 32.
LaTeX Font Info:    Overwriting math alphabet `\mathit' in version `normal'
(Font)                  OT1/cmr/m/it --> OT1/lmr/m/it on input line 33.
LaTeX Font Info:    Overwriting math alphabet `\mathtt' in version `normal'
(Font)                  OT1/cmtt/m/n --> OT1/lmtt/m/n on input line 34.
LaTeX Font Info:    Overwriting math alphabet `\mathbf' in version `bold'
(Font)                  OT1/cmr/bx/n --> OT1/lmr/bx/n on input line 35.
LaTeX Font Info:    Overwriting math alphabet `\mathsf' in version `bold'
(Font)                  OT1/cmss/bx/n --> OT1/lmss/bx/n on input line 36.
LaTeX Font Info:    Overwriting math alphabet `\mathit' in version `bold'
(Font)                  OT1/cmr/bx/it --> OT1/lmr/bx/it on input line 37.
LaTeX Font Info:    Overwriting math alphabet `\mathtt' in version `bold'
(Font)                  OT1/cmtt/m/n --> OT1/lmtt/m/n on input line 38.
)

Package fontspec Info: 
(fontspec)             Arial scale = 0.8311533923217035.


Package fontspec Info: 
(fontspec)             Arial scale = 1.


Package fontspec Info: 
(fontspec)             Arial scale = 0.8311533923217035.


Package fontspec Info: 
(fontspec)             Arial scale = 1.


Package fontspec Info: 
(fontspec)             Arial scale = 0.8311533923217035.


Package fontspec Info: 
(fontspec)             Arial scale = 1.


Package fontspec Info: 
(fontspec)             Arial/B scale = 0.8311533923217035.


Package fontspec Info: 
(fontspec)             Arial/B scale = 1.


Package fontspec Info: 
(fontspec)             Arial/B scale = 0.8311533923217035.


Package fontspec Info: 
(fontspec)             Arial/B scale = 1.


Package fontspec Info: 
(fontspec)             Arial/I scale = 0.8311533923217035.


Package fontspec Info: 
(fontspec)             Arial/I scale = 1.


Package fontspec Info: 
(fontspec)             Arial/I scale = 0.8311533923217035.


Package fontspec Info: 
(fontspec)             Arial/I scale = 1.


Package fontspec Info: 
(fontspec)             Arial/BI scale = 0.8311533923217035.


Package fontspec Info: 
(fontspec)             Arial/BI scale = 1.


Package fontspec Info: 
(fontspec)             Arial/BI scale = 0.8311533923217035.


Package fontspec Info: 
(fontspec)             Arial/BI scale = 1.


Package fontspec Info: 
(fontspec)             Font family 'Arial(0)' created for font 'Arial' with
(fontspec)             options [Scale=MatchLowercase,Ligatures=TeX,Scale=1].
(fontspec)              
(fontspec)              This font family consists of the following NFSS
(fontspec)             series/shapes:
(fontspec)              
(fontspec)             - 'normal' (m/n) with NFSS spec.:
(fontspec)             <->s*[1]"Arial/OT:script=latn;language=dflt;mapping=tex-text;"
(fontspec)             - 'small caps'  (m/sc) with NFSS spec.:
(fontspec)             <->s*[1]"Arial/OT:script=latn;language=dflt;+smcp;mapping=tex-text;"
(fontspec)             - 'bold' (b/n) with NFSS spec.:
(fontspec)             <->s*[1]"Arial/B/OT:script=latn;language=dflt;mapping=tex-text;"
(fontspec)             - 'bold small caps'  (b/sc) with NFSS spec.:
(fontspec)             <->s*[1]"Arial/B/OT:script=latn;language=dflt;+smcp;mapping=tex-text;"
(fontspec)             - 'italic' (m/it) with NFSS spec.:
(fontspec)             <->s*[1]"Arial/I/OT:script=latn;language=dflt;mapping=tex-text;"
(fontspec)             - 'italic small caps'  (m/scit) with NFSS spec.:
(fontspec)             <->s*[1]"Arial/I/OT:script=latn;language=dflt;+smcp;mapping=tex-text;"
(fontspec)             - 'bold italic' (b/it) with NFSS spec.:
(fontspec)             <->s*[1]"Arial/BI/OT:script=latn;language=dflt;mapping=tex-text;"
(fontspec)             - 'bold italic small caps'  (b/scit) with NFSS spec.:
(fontspec)             <->s*[1]"Arial/BI/OT:script=latn;language=dflt;+smcp;mapping=tex-text;"

LaTeX Font Info:    Font shape `TU/Arial(0)/m/n' will be
(Font)              scaled to size 10.0pt on input line 29.

Package fontspec Info: 
(fontspec)             Arial scale = 0.9999970574474535.


Package fontspec Info: 
(fontspec)             Arial scale = 0.9999970574474535.


Package fontspec Info: 
(fontspec)             Arial scale = 0.9999970574474535.


Package fontspec Info: 
(fontspec)             Arial/B scale = 0.9999970574474535.


Package fontspec Info: 
(fontspec)             Arial/B scale = 0.9999970574474535.


Package fontspec Info: 
(fontspec)             Arial/I scale = 0.9999970574474535.


Package fontspec Info: 
(fontspec)             Arial/I scale = 0.9999970574474535.


Package fontspec Info: 
(fontspec)             Arial/BI scale = 0.9999970574474535.


Package fontspec Info: 
(fontspec)             Arial/BI scale = 0.9999970574474535.


Package fontspec Info: 
(fontspec)             Font family 'Arial(1)' created for font 'Arial' with
(fontspec)             options [Scale=MatchLowercase].
(fontspec)              
(fontspec)              This font family consists of the following NFSS
(fontspec)             series/shapes:
(fontspec)              
(fontspec)             - 'normal' (m/n) with NFSS spec.:
(fontspec)             <->s*[0.9999970574474535]"Arial/OT:script=latn;language=dflt;"
(fontspec)             - 'small caps'  (m/sc) with NFSS spec.:
(fontspec)             <->s*[0.9999970574474535]"Arial/OT:script=latn;language=dflt;+smcp;"
(fontspec)             - 'bold' (b/n) with NFSS spec.:
(fontspec)             <->s*[0.9999970574474535]"Arial/B/OT:script=latn;language=dflt;"
(fontspec)             - 'bold small caps'  (b/sc) with NFSS spec.:
(fontspec)             <->s*[0.9999970574474535]"Arial/B/OT:script=latn;language=dflt;+smcp;"
(fontspec)             - 'italic' (m/it) with NFSS spec.:
(fontspec)             <->s*[0.9999970574474535]"Arial/I/OT:script=latn;language=dflt;"
(fontspec)             - 'italic small caps'  (m/scit) with NFSS spec.:
(fontspec)             <->s*[0.9999970574474535]"Arial/I/OT:script=latn;language=dflt;+smcp;"
(fontspec)             - 'bold italic' (b/it) with NFSS spec.:
(fontspec)             <->s*[0.9999970574474535]"Arial/BI/OT:script=latn;language=dflt;"
(fontspec)             - 'bold italic small caps'  (b/scit) with NFSS spec.:
(fontspec)             <->s*[0.9999970574474535]"Arial/BI/OT:script=latn;language=dflt;+smcp;"

LaTeX Font Info:    Overwriting math alphabet `\mathrm' in version `normal'
(Font)                  OT1/lmr/m/n --> TU/Arial(1)/m/n on input line 29.
LaTeX Font Info:    Overwriting math alphabet `\mathit' in version `normal'
(Font)                  OT1/lmr/m/it --> TU/Arial(1)/m/it on input line 29.
LaTeX Font Info:    Overwriting math alphabet `\mathbf' in version `normal'
(Font)                  OT1/lmr/bx/n --> TU/Arial(1)/b/n on input line 29.

Package fontspec Info: 
(fontspec)             Courier New scale = 1.226323519329102.


Package fontspec Info: 
(fontspec)             Courier New scale = 1.226323519329102.


Package fontspec Info: 
(fontspec)             Courier New/B scale = 1.169599498900403.


Package fontspec Info: 
(fontspec)             Courier New/I scale = 1.226323519329102.


Package fontspec Info: 
(fontspec)             Courier New/BI scale = 1.169599498900403.


Package fontspec Info: 
(fontspec)             Font family 'CourierNew(0)' created for font 'Courier
(fontspec)             New' with options
(fontspec)             [Scale=MatchLowercase,WordSpace={1,0,0},HyphenChar=None,PunctuationSpace=WordSpace].
(fontspec)              
(fontspec)              This font family consists of the following NFSS
(fontspec)             series/shapes:
(fontspec)              
(fontspec)             - 'normal' (m/n) with NFSS spec.:
(fontspec)             <->s*[1.226323519329102]"Courier
(fontspec)             New/OT:script=latn;language=dflt;"
(fontspec)             - 'bold' (b/n) with NFSS spec.:
(fontspec)             <->s*[1.169599498900403]"Courier
(fontspec)             New/B/OT:script=latn;language=dflt;"
(fontspec)             - 'italic' (m/it) with NFSS spec.:
(fontspec)             <->s*[1.226323519329102]"Courier
(fontspec)             New/I/OT:script=latn;language=dflt;"
(fontspec)             - 'bold italic' (b/it) with NFSS spec.:
(fontspec)             <->s*[1.169599498900403]"Courier
(fontspec)             New/BI/OT:script=latn;language=dflt;"


Package fontspec Info: 
(fontspec)             Courier New scale = 1.226323519329102.


Package fontspec Info: 
(fontspec)             Courier New scale = 1.226323519329102.


Package fontspec Info: 
(fontspec)             Courier New/B scale = 1.169599498900403.


Package fontspec Info: 
(fontspec)             Courier New/I scale = 1.226323519329102.


Package fontspec Info: 
(fontspec)             Courier New/BI scale = 1.169599498900403.


Package fontspec Info: 
(fontspec)             Font family 'CourierNew(1)' created for font 'Courier
(fontspec)             New' with options [Scale=MatchLowercase].
(fontspec)              
(fontspec)              This font family consists of the following NFSS
(fontspec)             series/shapes:
(fontspec)              
(fontspec)             - 'normal' (m/n) with NFSS spec.:
(fontspec)             <->s*[1.226323519329102]"Courier
(fontspec)             New/OT:script=latn;language=dflt;"
(fontspec)             - 'bold' (b/n) with NFSS spec.:
(fontspec)             <->s*[1.169599498900403]"Courier
(fontspec)             New/B/OT:script=latn;language=dflt;"
(fontspec)             - 'italic' (m/it) with NFSS spec.:
(fontspec)             <->s*[1.226323519329102]"Courier
(fontspec)             New/I/OT:script=latn;language=dflt;"
(fontspec)             - 'bold italic' (b/it) with NFSS spec.:
(fontspec)             <->s*[1.169599498900403]"Courier
(fontspec)             New/BI/OT:script=latn;language=dflt;"

LaTeX Font Info:    Overwriting math alphabet `\mathtt' in version `normal'
(Font)                  OT1/lmtt/m/n --> TU/CourierNew(1)/m/n on input line 30.
LaTeX Font Info:    Overwriting math alphabet `\mathtt' in version `bold'
(Font)                  OT1/lmtt/m/n --> TU/CourierNew(1)/b/n on input line 30.
(c:/Users/ngreen62/AppData/Roaming/TinyTeX/texmf-dist/tex/latex/upquote/upquote.sty
Package: upquote 2012/04/19 v1.3 upright-quote and grave-accent glyphs in verbatim
(c:/Users/ngreen62/AppData/Roaming/TinyTeX/texmf-dist/tex/latex/base/textcomp.sty
Package: textcomp 2024/04/24 v2.1b Standard LaTeX package
)) (c:/Users/ngreen62/AppData/Roaming/TinyTeX/texmf-dist/tex/latex/microtype/microtype.sty
Package: microtype 2026/03/01 v3.2d Micro-typographical refinements (RS)
(c:/Users/ngreen62/AppData/Roaming/TinyTeX/texmf-dist/tex/latex/etoolbox/etoolbox.sty
Package: etoolbox 2025/10/02 v2.5m e-TeX tools for LaTeX (JAW)
\etb@tempcnta=\count314
)
\MT@toks=\toks24
\MT@tempbox=\box55
\MT@count=\count315
LaTeX Info: Redefining \noprotrusionifhmode on input line 1084.
LaTeX Info: Redefining \leftprotrusion on input line 1085.
\MT@prot@toks=\toks25
LaTeX Info: Redefining \rightprotrusion on input line 1104.
LaTeX Info: Redefining \textls on input line 1449.
\MT@outer@kern=\dimen171
LaTeX Info: Redefining \microtypecontext on input line 2053.
LaTeX Info: Redefining \textmicrotypecontext on input line 2070.
\MT@listname@count=\count316
(c:/Users/ngreen62/AppData/Roaming/TinyTeX/texmf-dist/tex/latex/microtype/microtype-xetex.def
File: microtype-xetex.def 2026/03/01 v3.2d Definitions specific to xetex (RS)
LaTeX Info: Redefining \lsstyle on input line 443.
LaTeX Info: Redefining \lslig on input line 451.
\MT@outer@space=\skip54
)
Package microtype Info: Loading configuration file microtype.cfg.
(c:/Users/ngreen62/AppData/Roaming/TinyTeX/texmf-dist/tex/latex/microtype/microtype.cfg
File: microtype.cfg 2026/03/01 v3.2d microtype main configuration file (RS)
)
LaTeX Info: Redefining \microtypesetup on input line 3065.
) (c:/Users/ngreen62/AppData/Roaming/TinyTeX/texmf-dist/tex/latex/setspace/setspace.sty
Package: setspace 2022/12/04 v6.7b set line spacing
) (c:/Users/ngreen62/AppData/Roaming/TinyTeX/texmf-dist/tex/latex/parskip/parskip.sty
Package: parskip 2021-03-14 v2.0h non-zero parskip adjustments
(c:/Users/ngreen62/AppData/Roaming/TinyTeX/texmf-dist/tex/latex/kvoptions/kvoptions.sty
Package: kvoptions 2022-06-15 v3.15 Key value format for package options (HO)
(c:/Users/ngreen62/AppData/Roaming/TinyTeX/texmf-dist/tex/generic/ltxcmds/ltxcmds.sty
Package: ltxcmds 2023-12-04 v1.26 LaTeX kernel commands for general use (HO)
) (c:/Users/ngreen62/AppData/Roaming/TinyTeX/texmf-dist/tex/latex/kvsetkeys/kvsetkeys.sty
Package: kvsetkeys 2022-10-05 v1.19 Key value parser (HO)
))) (c:/Users/ngreen62/AppData/Roaming/TinyTeX/texmf-dist/tex/latex/fancyvrb/fancyvrb.sty
Package: fancyvrb 2026/04/16 4.6a verbatim text (tvz,hv)
\FV@CodeLineNo=\count317
\FV@InFile=\read2
\FV@TabBox=\box56
\c@FancyVerbLine=\count318
\FV@StepNumber=\count319
\FV@OutFile=\write3
) (c:/Users/ngreen62/AppData/Roaming/TinyTeX/texmf-dist/tex/latex/framed/framed.sty
Package: framed 2011/10/22 v 0.96: framed or shaded text with page breaks
\OuterFrameSep=\skip55
\fb@frw=\dimen172
\fb@frh=\dimen173
\FrameRule=\dimen174
\FrameSep=\dimen175
) (c:/Users/ngreen62/AppData/Roaming/TinyTeX/texmf-dist/tex/latex/tools/longtable.sty
Package: longtable 2026-01-28 v4.27 Multi-page Table package (DPC)
\LTleft=\skip56
\LTright=\skip57
\LTpre=\skip58
\LTpost=\skip59
\LTchunksize=\count320
\LTcapwidth=\dimen176
\LT@head=\box57
\LT@firsthead=\box58
\LT@foot=\box59
\LT@lastfoot=\box60
\LT@gbox=\box61
\LT@cols=\count321
\LT@rows=\count322
\c@LT@tables=\count323
\c@LT@chunks=\count324
\LT@p@ftn=\toks26
) (c:/Users/ngreen62/AppData/Roaming/TinyTeX/texmf-dist/tex/latex/booktabs/booktabs.sty
Package: booktabs 2020/01/12 v1.61803398 Publication quality tables
\heavyrulewidth=\dimen177
\lightrulewidth=\dimen178
\cmidrulewidth=\dimen179
\belowrulesep=\dimen180
\belowbottomsep=\dimen181
\aboverulesep=\dimen182
\abovetopsep=\dimen183
\cmidrulesep=\dimen184
\cmidrulekern=\dimen185
\defaultaddspace=\dimen186
\@cmidla=\count325
\@cmidlb=\count326
\@aboverulesep=\dimen187
\@belowrulesep=\dimen188
\@thisruleclass=\count327
\@lastruleclass=\count328
\@thisrulewidth=\dimen189
) (c:/Users/ngreen62/AppData/Roaming/TinyTeX/texmf-dist/tex/latex/tools/array.sty
Package: array 2026/02/24 v2.7b Tabular extension package (FMi)
\col@sep=\dimen190
\ar@mcellbox=\box62
\extrarowheight=\dimen191
\NC@list=\toks27
\extratabsurround=\skip60
\backup@length=\skip61
\ar@cellbox=\box63
) (c:/Users/ngreen62/AppData/Roaming/TinyTeX/texmf-dist/tex/latex/tools/calc.sty
Package: calc 2025/03/01 v4.3b Infix arithmetic (KKT,FJ)
\calc@Acount=\count329
\calc@Bcount=\count330
\calc@Adimen=\dimen192
\calc@Bdimen=\dimen193
\calc@Askip=\skip62
\calc@Bskip=\skip63
LaTeX Info: Redefining \setlength on input line 86.
LaTeX Info: Redefining \addtolength on input line 87.
\calc@Ccount=\count331
\calc@Cskip=\skip64
) (c:/Users/ngreen62/AppData/Roaming/TinyTeX/texmf-dist/tex/latex/mdwtools/footnote.sty
Package: footnote 1997/01/28 1.13 Save footnotes around boxes
\fn@notes=\box64
\fn@width=\dimen194
) (c:/Users/ngreen62/AppData/Roaming/TinyTeX/texmf-dist/tex/latex/graphics/graphicx.sty
Package: graphicx 2026-05-17 v1.2e Enhanced LaTeX Graphics (DPC,SPQR)
(c:/Users/ngreen62/AppData/Roaming/TinyTeX/texmf-dist/tex/latex/graphics/graphics.sty
Package: graphics 2026-05-17 v1.4h Standard LaTeX Graphics (DPC,SPQR)
(c:/Users/ngreen62/AppData/Roaming/TinyTeX/texmf-dist/tex/latex/graphics/trig.sty
Package: trig 2023/12/02 v1.11 sin cos tan (DPC)
) (c:/Users/ngreen62/AppData/Roaming/TinyTeX/texmf-dist/tex/latex/graphics-cfg/graphics.cfg
File: graphics.cfg 2016/06/04 v1.11 sample graphics configuration
)
Package graphics Info: Driver file: xetex.def on input line 106.
)
\Gin@req@height=\dimen195
\Gin@req@width=\dimen196
)
\pandoc@box=\box65
(c:/Users/ngreen62/AppData/Roaming/TinyTeX/texmf-dist/tex/generic/soul/soul.sty
Package: soul 2026-03-06 v3.2 Permit use of UTF-8 characters in soul (HO)
(c:/Users/ngreen62/AppData/Roaming/TinyTeX/texmf-dist/tex/generic/soul/soul-ori.sty
Package: soul-ori 2026-03-06 v3.2 letterspacing/underlining (mf)
\SOUL@word=\toks28
\SOUL@lasttoken=\toks29
\SOUL@syllable=\toks30
\SOUL@cmds=\toks31
\SOUL@buffer=\toks32
\SOUL@token=\toks33
\SOUL@syllgoal=\dimen197
\SOUL@syllwidth=\dimen198
\SOUL@charkern=\dimen199
\SOUL@hyphkern=\dimen256
\SOUL@dimen=\dimen257
\SOUL@dimeni=\dimen258
\SOUL@minus=\count332
\SOUL@comma=\count333
\SOUL@apo=\count334
\SOUL@grave=\count335
\SOUL@spaceskip=\skip65
\SOUL@ttwidth=\dimen259
\SOUL@uldp=\dimen260
\SOUL@ulht=\dimen261
) (c:/Users/ngreen62/AppData/Roaming/TinyTeX/texmf-dist/tex/generic/infwarerr/infwarerr.sty
Package: infwarerr 2019/12/03 v1.5 Providing info/warning/error messages (HO)
) (c:/Users/ngreen62/AppData/Roaming/TinyTeX/texmf-dist/tex/generic/etexcmds/etexcmds.sty
Package: etexcmds 2019/12/15 v1.7 Avoid name clashes with e-TeX commands (HO)
))
\cslhangindent=\skip66
\csllabelwidth=\skip67
(c:/Users/ngreen62/AppData/Roaming/TinyTeX/texmf-dist/tex/latex/bookmark/bookmark.sty
Package: bookmark 2026-05-21 v1.32 PDF bookmarks (HO)
(c:/Users/ngreen62/AppData/Roaming/TinyTeX/texmf-dist/tex/latex/hyperref/hyperref.sty
Package: hyperref 2026-04-24 v7.01q Hypertext links for LaTeX
(c:/Users/ngreen62/AppData/Roaming/TinyTeX/texmf-dist/tex/generic/kvdefinekeys/kvdefinekeys.sty
Package: kvdefinekeys 2019-12-19 v1.6 Define keys (HO)
) (c:/Users/ngreen62/AppData/Roaming/TinyTeX/texmf-dist/tex/generic/pdfescape/pdfescape.sty
Package: pdfescape 2019/12/09 v1.15 Implements pdfTeX's escape features (HO)
(c:/Users/ngreen62/AppData/Roaming/TinyTeX/texmf-dist/tex/generic/pdftexcmds/pdftexcmds.sty
Package: pdftexcmds 2020-06-27 v0.33 Utility functions of pdfTeX for LuaTeX (HO)
Package pdftexcmds Info: \pdf@primitive is available.
Package pdftexcmds Info: \pdf@ifprimitive is available.
Package pdftexcmds Info: \pdfdraftmode not found.
)) (c:/Users/ngreen62/AppData/Roaming/TinyTeX/texmf-dist/tex/latex/hycolor/hycolor.sty
Package: hycolor 2020-01-27 v1.10 Color options for hyperref/bookmark (HO)
) (c:/Users/ngreen62/AppData/Roaming/TinyTeX/texmf-dist/tex/latex/hyperref/nameref.sty
Package: nameref 2026-01-29 v2.58 Cross-referencing by name of section
(c:/Users/ngreen62/AppData/Roaming/TinyTeX/texmf-dist/tex/latex/refcount/refcount.sty
Package: refcount 2019/12/15 v3.6 Data extraction from label references (HO)
) (c:/Users/ngreen62/AppData/Roaming/TinyTeX/texmf-dist/tex/generic/gettitlestring/gettitlestring.sty
Package: gettitlestring 2019/12/15 v1.6 Cleanup title references (HO)
)
\c@section@level=\count336
) (c:/Users/ngreen62/AppData/Roaming/TinyTeX/texmf-dist/tex/generic/stringenc/stringenc.sty
Package: stringenc 2019/11/29 v1.12 Convert strings between diff. encodings (HO)
)
\@linkdim=\dimen262
\Hy@linkcounter=\count337
\Hy@pagecounter=\count338
(c:/Users/ngreen62/AppData/Roaming/TinyTeX/texmf-dist/tex/latex/hyperref/pd1enc.def
File: pd1enc.def 2026-04-24 v7.01q Hyperref: PDFDocEncoding definition (HO)
) (c:/Users/ngreen62/AppData/Roaming/TinyTeX/texmf-dist/tex/generic/intcalc/intcalc.sty
Package: intcalc 2019/12/15 v1.3 Expandable calculations with integers (HO)
)
\Hy@SavedSpaceFactor=\count339
(c:/Users/ngreen62/AppData/Roaming/TinyTeX/texmf-dist/tex/latex/hyperref/puenc.def
File: puenc.def 2026-04-24 v7.01q Hyperref: PDF Unicode definition (HO)
)
Package hyperref Info: Option `unicode' set `true' on input line 4070.
Package hyperref Info: Hyper figures OFF on input line 4199.
Package hyperref Info: Link nesting OFF on input line 4204.
Package hyperref Info: Hyper index ON on input line 4207.
Package hyperref Info: Plain pages OFF on input line 4214.
Package hyperref Info: Backreferencing OFF on input line 4219.
Package hyperref Info: Implicit mode ON; LaTeX internals redefined.
Package hyperref Info: Bookmarks ON on input line 4466.
\c@Hy@tempcnt=\count340
(c:/Users/ngreen62/AppData/Roaming/TinyTeX/texmf-dist/tex/latex/url/url.sty
\Urlmuskip=\muskip19
Package: url 2013/09/16  ver 3.4  Verb mode for urls, etc.
)
LaTeX Info: Redefining \url on input line 4805.
\XeTeXLinkMargin=\dimen263
(c:/Users/ngreen62/AppData/Roaming/TinyTeX/texmf-dist/tex/generic/bitset/bitset.sty
Package: bitset 2019/12/09 v1.3 Handle bit-vector datatype (HO)
(c:/Users/ngreen62/AppData/Roaming/TinyTeX/texmf-dist/tex/generic/bigintcalc/bigintcalc.sty
Package: bigintcalc 2019/12/15 v1.5 Expandable calculations on big integers (HO)
))
\Fld@menulength=\count341
\Field@Width=\dimen264
\Fld@charsize=\dimen265
Package hyperref Info: Hyper figures OFF on input line 6091.
Package hyperref Info: Link nesting OFF on input line 6096.
Package hyperref Info: Hyper index ON on input line 6099.
Package hyperref Info: backreferencing OFF on input line 6106.
Package hyperref Info: Link coloring OFF on input line 6111.
Package hyperref Info: Link coloring with OCG OFF on input line 6116.
Package hyperref Info: PDF/A mode OFF on input line 6121.
\Hy@abspage=\count342
\c@Item=\count343
\c@Hfootnote=\count344
)
Package hyperref Info: Driver (autodetected): hxetex.
(c:/Users/ngreen62/AppData/Roaming/TinyTeX/texmf-dist/tex/latex/hyperref/hxetex.def
File: hxetex.def 2026-04-24 v7.01q Hyperref driver for XeTeX
\pdfm@box=\box66
\c@Hy@AnnotLevel=\count345
\HyField@AnnotCount=\count346
\Fld@listcount=\count347
\c@bookmark@seq@number=\count348
(c:/Users/ngreen62/AppData/Roaming/TinyTeX/texmf-dist/tex/latex/rerunfilecheck/rerunfilecheck.sty
Package: rerunfilecheck 2025-06-21 v1.11 Rerun checks for auxiliary files (HO)
(c:/Users/ngreen62/AppData/Roaming/TinyTeX/texmf-dist/tex/generic/uniquecounter/uniquecounter.sty
Package: uniquecounter 2019/12/15 v1.4 Provide unlimited unique counter (HO)
)
Package uniquecounter Info: New unique counter `rerunfilecheck' on input line 284.
)
\Hy@SectionHShift=\skip68
) (c:/Users/ngreen62/AppData/Roaming/TinyTeX/texmf-dist/tex/latex/bookmark/bkm-xetex.def
File: bkm-xetex.def 2026-05-21 v1.32 bookmark driver for xetex (HO)
\BKM@id=\count349
)) (c:/Users/ngreen62/AppData/Roaming/TinyTeX/texmf-dist/tex/latex/caption/caption.sty
Package: caption 2023/08/05 v3.6o Customizing captions (AR)
(c:/Users/ngreen62/AppData/Roaming/TinyTeX/texmf-dist/tex/latex/caption/caption3.sty
Package: caption3 2023/07/31 v2.4d caption3 kernel (AR)
\caption@tempdima=\dimen266
\captionmargin=\dimen267
\caption@leftmargin=\dimen268
\caption@rightmargin=\dimen269
\caption@width=\dimen270
\caption@indent=\dimen271
\caption@parindent=\dimen272
\caption@hangindent=\dimen273
Package caption Info: Standard document class detected.
)
\c@caption@flags=\count350
\c@continuedfloat=\count351
Package caption Info: hyperref package is loaded.
Package caption Info: longtable package is loaded.
(c:/Users/ngreen62/AppData/Roaming/TinyTeX/texmf-dist/tex/latex/caption/ltcaption.sty
Package: ltcaption 2021/01/08 v1.4c longtable captions (AR)
)) (c:/Users/ngreen62/AppData/Roaming/TinyTeX/texmf-dist/tex/latex/float/float.sty
Package: float 2001/11/08 v1.3d Float enhancements (AL)
\c@float@type=\count352
\float@exts=\toks34
\float@box=\box67
\@float@everytoks=\toks35
\@floatcapt=\box68
)
\@float@every@codelisting=\toks36
\c@codelisting=\count353
(c:/Users/ngreen62/AppData/Roaming/TinyTeX/texmf-dist/tex/latex/caption/subcaption.sty
Package: subcaption 2023/07/28 v1.6b Sub-captions (AR)
Package caption Info: New subtype `subfigure' on input line 238.
\c@subfigure=\count354
Package caption Info: New subtype `subtable' on input line 238.
\c@subtable=\count355
)
Package hyperref Info: Option `colorlinks' set `true' on input line 250.

LaTeX Warning: Unused global option(s):
    [13].

No file index.aux.
\openout1 = `index.aux'.

LaTeX Font Info:    Checking defaults for OML/cmm/m/it on input line 256.
LaTeX Font Info:    ... okay on input line 256.
LaTeX Font Info:    Checking defaults for OMS/cmsy/m/n on input line 256.
LaTeX Font Info:    ... okay on input line 256.
LaTeX Font Info:    Checking defaults for OT1/cmr/m/n on input line 256.
LaTeX Font Info:    ... okay on input line 256.
LaTeX Font Info:    Checking defaults for T1/cmr/m/n on input line 256.
LaTeX Font Info:    ... okay on input line 256.
LaTeX Font Info:    Checking defaults for TS1/cmr/m/n on input line 256.
LaTeX Font Info:    ... okay on input line 256.
LaTeX Font Info:    Checking defaults for TU/lmr/m/n on input line 256.
LaTeX Font Info:    ... okay on input line 256.
LaTeX Font Info:    Checking defaults for OMX/cmex/m/n on input line 256.
LaTeX Font Info:    ... okay on input line 256.
LaTeX Font Info:    Checking defaults for U/cmr/m/n on input line 256.
LaTeX Font Info:    ... okay on input line 256.
LaTeX Font Info:    Checking defaults for PD1/pdf/m/n on input line 256.
LaTeX Font Info:    ... okay on input line 256.
LaTeX Font Info:    Checking defaults for PU/pdf/m/n on input line 256.
LaTeX Font Info:    ... okay on input line 256.
*geometry* driver: auto-detecting
*geometry* detected driver: xetex
*geometry* verbose mode - [ preamble ] result:
* driver: xetex
* paper: letterpaper
* layout: <same size as paper>
* layoutoffset:(h,v)=(0.0pt,0.0pt)
* modes: 
* h-part:(L,W,R)=(72.26999pt, 469.75502pt, 72.26999pt)
* v-part:(T,H,B)=(72.26999pt, 650.43001pt, 72.26999pt)
* \paperwidth=614.295pt
* \paperheight=794.96999pt
* \textwidth=469.75502pt
* \textheight=650.43001pt
* \oddsidemargin=0.0pt
* \evensidemargin=0.0pt
* \topmargin=-37.0pt
* \headheight=12.0pt
* \headsep=25.0pt
* \topskip=10.0pt
* \footskip=30.0pt
* \marginparwidth=65.0pt
* \marginparsep=11.0pt
* \columnsep=10.0pt
* \skip\footins=9.0pt plus 4.0pt minus 2.0pt
* \hoffset=0.0pt
* \voffset=0.0pt
* \mag=1000
* \@twocolumnfalse
* \@twosidefalse
* \@mparswitchfalse
* \@reversemarginfalse
* (1in=72.27pt=25.4mm, 1cm=28.453pt)

LaTeX Font Info:    Overwriting math alphabet `\mathsf' in version `normal'
(Font)                  OT1/lmss/m/n --> TU/lmss/m/n on input line 256.
LaTeX Font Info:    Overwriting math alphabet `\mathsf' in version `bold'
(Font)                  OT1/lmss/bx/n --> TU/lmss/b/n on input line 256.

Package fontspec Info: 
(fontspec)             latinmodern-math scale = 1.203139548468638.


Package fontspec Info: 
(fontspec)             latinmodern-math scale = 1.203139548468638.


Package fontspec Info: 
(fontspec)             latinmodern-math scale = 1.203139548468638.


Package fontspec Info: 
(fontspec)             Font family 'latinmodern-math.otf(0)' created for font
(fontspec)             'latinmodern-math.otf' with options
(fontspec)             [Scale=MatchLowercase,BoldItalicFont={},ItalicFont={},SmallCapsFont={},Script=Math,BoldFont={latinmodern-math.otf}].
(fontspec)              
(fontspec)              This font family consists of the following NFSS
(fontspec)             series/shapes:
(fontspec)              
(fontspec)             - 'normal' (m/n) with NFSS spec.:
(fontspec)             <->s*[1.203139548468638]"[latinmodern-math.otf]/OT:script=math;language=dflt;"
(fontspec)             - 'bold' (b/n) with NFSS spec.:
(fontspec)             <->s*[1.203139548468638]"[latinmodern-math.otf]/OT:script=math;language=dflt;"

LaTeX Font Info:    Font shape `TU/latinmodern-math.otf(0)/m/n' will be
(Font)              scaled to size 12.0314pt on input line 256.

Package fontspec Info: 
(fontspec)             latinmodern-math scale = 1.203139548468638.


Package fontspec Info: 
(fontspec)             latinmodern-math scale = 1.203139548468638.


Package fontspec Info: 
(fontspec)             latinmodern-math scale = 1.203139548468638.


Package fontspec Info: 
(fontspec)             latinmodern-math scale = 1.203139548468638.


Package fontspec Info: 
(fontspec)             latinmodern-math scale = 1.203139548468638.


Package fontspec Info: 
(fontspec)             Font family 'latinmodern-math.otf(1)' created for font
(fontspec)             'latinmodern-math.otf' with options
(fontspec)             [Scale=MatchLowercase,BoldItalicFont={},ItalicFont={},SmallCapsFont={},Script=Math,SizeFeatures={{Size=8.5-},{Size=6-8.5,Font=latinmodern-math.otf,Style=MathScript},{Size=-6,Font=latinmodern-math.otf,Style=MathScriptScript}},BoldFont={latinmodern-math.otf}].
(fontspec)              
(fontspec)              This font family consists of the following NFSS
(fontspec)             series/shapes:
(fontspec)              
(fontspec)             - 'normal' (m/n) with NFSS spec.:
(fontspec)             <8.5->s*[1.203139548468638]"[latinmodern-math.otf]/OT:script=math;language=dflt;"<6-8.5>s*[1.203139548468638]"[latinmodern-math.otf]/OT:script=math;language=dflt;+ssty=0;"<-6>s*[1.203139548468638]"[latinmodern-math.otf]/OT:script=math;language=dflt;+ssty=1;"
(fontspec)             - 'bold' (b/n) with NFSS spec.:
(fontspec)             <->s*[1.203139548468638]"[latinmodern-math.otf]/OT:script=math;language=dflt;"

LaTeX Font Info:    Font shape `TU/latinmodern-math.otf(1)/m/n' will be
(Font)              scaled to size 12.0314pt on input line 256.
LaTeX Font Info:    Encoding `OT1' has changed to `TU' for symbol font
(Font)              `operators' in the math version `normal' on input line 256.
LaTeX Font Info:    Overwriting symbol font `operators' in version `normal'
(Font)                  OT1/lmr/m/n --> TU/latinmodern-math.otf(1)/m/n on input line 256.
LaTeX Font Info:    Encoding `OT1' has changed to `TU' for symbol font
(Font)              `operators' in the math version `bold' on input line 256.
LaTeX Font Info:    Overwriting symbol font `operators' in version `bold'
(Font)                  OT1/lmr/bx/n --> TU/latinmodern-math.otf(1)/b/n on input line 256.

Package fontspec Info: 
(fontspec)             latinmodern-math scale = 1.203139548468638.


Package fontspec Info: 
(fontspec)             latinmodern-math scale = 1.203259862423485.


Package fontspec Info: 
(fontspec)             latinmodern-math scale = 1.203139548468638.


Package fontspec Info: 
(fontspec)             latinmodern-math scale = 1.203259862423485.


Package fontspec Info: 
(fontspec)             latinmodern-math scale = 1.203139548468638.


Package fontspec Info: 
(fontspec)             latinmodern-math scale = 1.203259862423485.


Package fontspec Info: 
(fontspec)             latinmodern-math scale = 1.203139548468638.


Package fontspec Info: 
(fontspec)             latinmodern-math scale = 1.203259862423485.


Package fontspec Info: 
(fontspec)             latinmodern-math scale = 1.203139548468638.


Package fontspec Info: 
(fontspec)             latinmodern-math scale = 1.203259862423485.


Package fontspec Info: 
(fontspec)             Font family 'latinmodern-math.otf(2)' created for font
(fontspec)             'latinmodern-math.otf' with options
(fontspec)             [Scale=MatchLowercase,BoldItalicFont={},ItalicFont={},SmallCapsFont={},Script=Math,SizeFeatures={{Size=8.5-},{Size=6-8.5,Font=latinmodern-math.otf,Style=MathScript},{Size=-6,Font=latinmodern-math.otf,Style=MathScriptScript}},BoldFont={latinmodern-math.otf},ScaleAgain=1.0001,FontAdjustment={\fontdimen
(fontspec)             8\font =8.14526pt\relax \fontdimen 9\font
(fontspec)             =4.74037pt\relax \fontdimen 10\font =5.34195pt\relax
(fontspec)             \fontdimen 11\font =8.25354pt\relax \fontdimen 12\font
(fontspec)             =4.15083pt\relax \fontdimen 13\font =4.3674pt\relax
(fontspec)             \fontdimen 14\font =4.3674pt\relax \fontdimen 15\font
(fontspec)             =3.47708pt\relax \fontdimen 16\font =2.97176pt\relax
(fontspec)             \fontdimen 17\font =2.97176pt\relax \fontdimen 18\font
(fontspec)             =3.00786pt\relax \fontdimen 19\font =2.40628pt\relax
(fontspec)             \fontdimen 22\font =3.00786pt\relax \fontdimen 20\font
(fontspec)             =0pt\relax \fontdimen 21\font =0pt\relax }].
(fontspec)              
(fontspec)              This font family consists of the following NFSS
(fontspec)             series/shapes:
(fontspec)              
(fontspec)             - 'normal' (m/n) with NFSS spec.:
(fontspec)             <8.5->s*[1.203259862423485]"[latinmodern-math.otf]/OT:script=math;language=dflt;"<6-8.5>s*[1.203259862423485]"[latinmodern-math.otf]/OT:script=math;language=dflt;+ssty=0;"<-6>s*[1.203259862423485]"[latinmodern-math.otf]/OT:script=math;language=dflt;+ssty=1;"
(fontspec)             - 'bold' (b/n) with NFSS spec.:
(fontspec)             <->s*[1.203259862423485]"[latinmodern-math.otf]/OT:script=math;language=dflt;"

LaTeX Font Info:    Encoding `OMS' has changed to `TU' for symbol font
(Font)              `symbols' in the math version `normal' on input line 256.
LaTeX Font Info:    Overwriting symbol font `symbols' in version `normal'
(Font)                  OMS/lmsy/m/n --> TU/latinmodern-math.otf(2)/m/n on input line 256.
LaTeX Font Info:    Encoding `OMS' has changed to `TU' for symbol font
(Font)              `symbols' in the math version `bold' on input line 256.
LaTeX Font Info:    Overwriting symbol font `symbols' in version `bold'
(Font)                  OMS/lmsy/b/n --> TU/latinmodern-math.otf(2)/b/n on input line 256.

Package fontspec Info: 
(fontspec)             latinmodern-math scale = 1.203139548468638.


Package fontspec Info: 
(fontspec)             latinmodern-math scale = 1.203019234513791.


Package fontspec Info: 
(fontspec)             latinmodern-math scale = 1.203139548468638.


Package fontspec Info: 
(fontspec)             latinmodern-math scale = 1.203019234513791.


Package fontspec Info: 
(fontspec)             latinmodern-math scale = 1.203139548468638.


Package fontspec Info: 
(fontspec)             latinmodern-math scale = 1.203019234513791.


Package fontspec Info: 
(fontspec)             latinmodern-math scale = 1.203139548468638.


Package fontspec Info: 
(fontspec)             latinmodern-math scale = 1.203019234513791.


Package fontspec Info: 
(fontspec)             latinmodern-math scale = 1.203139548468638.


Package fontspec Info: 
(fontspec)             latinmodern-math scale = 1.203019234513791.


Package fontspec Info: 
(fontspec)             Font family 'latinmodern-math.otf(3)' created for font
(fontspec)             'latinmodern-math.otf' with options
(fontspec)             [Scale=MatchLowercase,BoldItalicFont={},ItalicFont={},SmallCapsFont={},Script=Math,SizeFeatures={{Size=8.5-},{Size=6-8.5,Font=latinmodern-math.otf,Style=MathScript},{Size=-6,Font=latinmodern-math.otf,Style=MathScriptScript}},BoldFont={latinmodern-math.otf},ScaleAgain=0.9999,FontAdjustment={\fontdimen
(fontspec)             8\font =0.48126pt\relax \fontdimen 9\font
(fontspec)             =2.40628pt\relax \fontdimen 10\font =2.00925pt\relax
(fontspec)             \fontdimen 11\font =1.33548pt\relax \fontdimen 12\font
(fontspec)             =7.21884pt\relax \fontdimen 13\font =0pt\relax }].
(fontspec)              
(fontspec)              This font family consists of the following NFSS
(fontspec)             series/shapes:
(fontspec)              
(fontspec)             - 'normal' (m/n) with NFSS spec.:
(fontspec)             <8.5->s*[1.203019234513791]"[latinmodern-math.otf]/OT:script=math;language=dflt;"<6-8.5>s*[1.203019234513791]"[latinmodern-math.otf]/OT:script=math;language=dflt;+ssty=0;"<-6>s*[1.203019234513791]"[latinmodern-math.otf]/OT:script=math;language=dflt;+ssty=1;"
(fontspec)             - 'bold' (b/n) with NFSS spec.:
(fontspec)             <->s*[1.203019234513791]"[latinmodern-math.otf]/OT:script=math;language=dflt;"

LaTeX Font Info:    Encoding `OMX' has changed to `TU' for symbol font
(Font)              `largesymbols' in the math version `normal' on input line 256.
LaTeX Font Info:    Overwriting symbol font `largesymbols' in version `normal'
(Font)                  OMX/lmex/m/n --> TU/latinmodern-math.otf(3)/m/n on input line 256.
LaTeX Font Info:    Encoding `OMX' has changed to `TU' for symbol font
(Font)              `largesymbols' in the math version `bold' on input line 256.
LaTeX Font Info:    Overwriting symbol font `largesymbols' in version `bold'
(Font)                  OMX/lmex/m/n --> TU/latinmodern-math.otf(3)/b/n on input line 256.
LaTeX Info: Redefining \microtypecontext on input line 256.
Package microtype Info: Applying patch `item' on input line 256.
Package microtype Info: Applying patch `toc' on input line 256.
Package microtype Info: Applying patch `eqnum' on input line 256.
Package microtype Info: Applying patch `footnote' on input line 256.
Package microtype Info: Applying patch `verbatim' on input line 256.
LaTeX Info: Redefining \microtypesetup on input line 256.
Package microtype Info: Character protrusion enabled (level 2).
Package microtype Info: Using protrusion set `basicmath'.
Package microtype Info: No adjustment of tracking.
Package microtype Info: No adjustment of spacing.
Package microtype Info: No adjustment of kerning.
Package microtype Info: Loading generic protrusion settings for font family
(microtype)             `Arial' (encoding: TU).
(microtype)             For optimal results, create family-specific settings.
(microtype)             See the microtype manual for details.
Package hyperref Info: Link coloring ON on input line 256.

Package hyperref Warning: Rerun to get /PageLabels entry.

Package caption Info: Begin \AtBeginDocument code.
Package caption Info: float package is loaded.
Package caption Info: End \AtBeginDocument code.
LaTeX Font Info:    Font shape `TU/Arial(0)/m/n' will be
(Font)              scaled to size 17.28pt on input line 258.
LaTeX Font Info:    Font shape `TU/Arial(0)/m/n' will be
(Font)              scaled to size 12.0pt on input line 258.
[1

]
LaTeX Font Info:    Font shape `TU/Arial(0)/m/n' will be
(Font)              scaled to size 24.88pt on input line 263.
LaTeX Font Info:    Font shape `TU/Arial(0)/b/n' will be
(Font)              scaled to size 24.88pt on input line 263.
No file index.toc.
\tf@toc=\write4
\openout4 = `index.toc'.

[1

]
LaTeX Font Info:    Font shape `TU/Arial(0)/b/n' will be
(Font)              scaled to size 10.0pt on input line 275.
LaTeX Font Info:    Font shape `TU/latinmodern-math.otf(1)/m/n' will be
(Font)              scaled to size 8.42198pt on input line 280.
LaTeX Font Info:    Font shape `TU/latinmodern-math.otf(1)/m/n' will be
(Font)              scaled to size 6.0157pt on input line 280.
LaTeX Font Info:    Trying to load font information for OML+lmm on input line 280.
(c:/Users/ngreen62/AppData/Roaming/TinyTeX/texmf-dist/tex/latex/lm/omllmm.fd
File: omllmm.fd 2015/05/01 v1.6.1 Font defs for Latin Modern
)
LaTeX Font Info:    Font shape `TU/latinmodern-math.otf(2)/m/n' will be
(Font)              scaled to size 12.03262pt on input line 280.
LaTeX Font Info:    Font shape `TU/latinmodern-math.otf(2)/m/n' will be
(Font)              scaled to size 8.42284pt on input line 280.
LaTeX Font Info:    Font shape `TU/latinmodern-math.otf(2)/m/n' will be
(Font)              scaled to size 6.01631pt on input line 280.
LaTeX Font Info:    Font shape `TU/latinmodern-math.otf(3)/m/n' will be
(Font)              scaled to size 12.03018pt on input line 280.
LaTeX Font Info:    Font shape `TU/latinmodern-math.otf(3)/m/n' will be
(Font)              scaled to size 8.42113pt on input line 280.
LaTeX Font Info:    Font shape `TU/latinmodern-math.otf(3)/m/n' will be
(Font)              scaled to size 6.01509pt on input line 280.
LaTeX Font Info:    Trying to load font information for U+msa on input line 280.
(c:/Users/ngreen62/AppData/Roaming/TinyTeX/texmf-dist/tex/latex/amsfonts/umsa.fd
File: umsa.fd 2013/01/14 v3.01 AMS symbols A
) (c:/Users/ngreen62/AppData/Roaming/TinyTeX/texmf-dist/tex/latex/microtype/mt-msa.cfg
File: mt-msa.cfg 2006/02/04 v1.1 microtype config. file: AMS symbols (a) (RS)
)
LaTeX Font Info:    Trying to load font information for U+msb on input line 280.
(c:/Users/ngreen62/AppData/Roaming/TinyTeX/texmf-dist/tex/latex/amsfonts/umsb.fd
File: umsb.fd 2013/01/14 v3.01 AMS symbols B
) (c:/Users/ngreen62/AppData/Roaming/TinyTeX/texmf-dist/tex/latex/microtype/mt-msb.cfg
File: mt-msb.cfg 2005/06/01 v1.0 microtype config. file: AMS symbols (b) (RS)
)
LaTeX Font Info:    Font shape `TU/Arial(0)/m/n' will be
(Font)              scaled to size 14.4pt on input line 290.
LaTeX Font Info:    Font shape `TU/Arial(0)/b/n' will be
(Font)              scaled to size 14.4pt on input line 290.
LaTeX Font Info:    Font shape `TU/CourierNew(0)/m/n' will be
(Font)              scaled to size 12.26318pt on input line 320.
LaTeX Font Info:    Font shape `TU/Arial(0)/m/it' will be
(Font)              scaled to size 10.0pt on input line 324.
[2

] [3] [4]

LaTeX Warning: Hyper reference `sec-intro' on page 5 undefined on input line 526.


LaTeX Warning: Hyper reference `sec-r' on page 5 undefined on input line 533.


LaTeX Warning: Hyper reference `sec-data' on page 5 undefined on input line 536.


LaTeX Warning: Hyper reference `sec-ie' on page 5 undefined on input line 539.


LaTeX Warning: Hyper reference `sec-manip' on page 5 undefined on input line 542.


LaTeX Warning: Hyper reference `sec-desc' on page 5 undefined on input line 552.


LaTeX Warning: Hyper reference `sec-summ' on page 5 undefined on input line 555.


LaTeX Warning: Hyper reference `sec-plot1' on page 5 undefined on input line 558.


LaTeX Warning: Hyper reference `sec-dist' on page 5 undefined on input line 561.


LaTeX Warning: Hyper reference `sec-dtest' on page 5 undefined on input line 564.


LaTeX Warning: Hyper reference `sec-trans' on page 5 undefined on input line 567.


LaTeX Warning: Hyper reference `sec-problem' on page 5 undefined on input line 570.


LaTeX Warning: Hyper reference `sec-plan' on page 5 undefined on input line 574.


LaTeX Warning: Hyper reference `sec-review' on page 5 undefined on input line 583.


LaTeX Warning: Hyper reference `sec-groups' on page 5 undefined on input line 587.

[5]

LaTeX Warning: Hyper reference `sec-contin' on page 6 undefined on input line 591.


LaTeX Warning: Hyper reference `sec-indep' on page 6 undefined on input line 597.


LaTeX Warning: Hyper reference `sec-glm1' on page 6 undefined on input line 605.


LaTeX Warning: Hyper reference `sec-glm2' on page 6 undefined on input line 609.


LaTeX Warning: Hyper reference `sec-glm3' on page 6 undefined on input line 612.


LaTeX Warning: Hyper reference `sec-glm4' on page 6 undefined on input line 615.


LaTeX Warning: Hyper reference `sec-non' on page 6 undefined on input line 622.


LaTeX Warning: Hyper reference `sec-mixed' on page 6 undefined on input line 626.


LaTeX Warning: Hyper reference `sec-mdata' on page 6 undefined on input line 633.


LaTeX Warning: Hyper reference `sec-dist' on page 6 undefined on input line 637.


LaTeX Warning: Hyper reference `sec-clust' on page 6 undefined on input line 644.


LaTeX Warning: Hyper reference `sec-ord' on page 6 undefined on input line 647.


LaTeX Warning: Hyper reference `sec-mtest' on page 6 undefined on input line 652.

[6]

LaTeX Warning: Hyper reference `sec-it' on page 7 undefined on input line 658.


LaTeX Warning: Hyper reference `sec-bayes' on page 7 undefined on input line 663.


LaTeX Warning: Hyper reference `sec-plot2' on page 7 undefined on input line 670.


LaTeX Warning: Hyper reference `sec-cart' on page 7 undefined on input line 673.


LaTeX Warning: Hyper reference `sec-append' on page 7 undefined on input line 677.

File: images/squirrel_pic.jpg Graphic file (type bmp)
<images/squirrel_pic.jpg>
[7]
File: images/lab_logo_02.jpg Graphic file (type bmp)
<images/lab_logo_02.jpg>
[8] [9]
LaTeX Font Info:    Font shape `TU/Arial(0)/m/n' will be
(Font)              scaled to size 20.74pt on input line 731.
LaTeX Font Info:    Font shape `TU/Arial(0)/b/n' will be
(Font)              scaled to size 20.74pt on input line 731.
[10

] [11]
Chapter 1.
File: chapters/../images/01_01.jpg Graphic file (type bmp)
<chapters/../images/01_01.jpg>
[12

] [13]
LaTeX Font Info:    Font shape `TU/Arial(0)/b/it' will be
(Font)              scaled to size 14.4pt on input line 867.
LaTeX Font Info:    Font shape `TU/Arial(0)/b/n' will be
(Font)              scaled to size 12.0pt on input line 869.
[14]
LaTeX Font Info:    Font shape `TU/Arial(0)/b/it' will be
(Font)              scaled to size 10.0pt on input line 906.
LaTeX Font Info:    Font shape `TU/Arial(0)/m/n' will be
(Font)              scaled to size 7.0pt on input line 912.
LaTeX Font Info:    Font shape `TU/Arial(0)/m/n' will be
(Font)              scaled to size 8.0pt on input line 913.
LaTeX Font Info:    Font shape `TU/latinmodern-math.otf(1)/m/n' will be
(Font)              scaled to size 9.62512pt on input line 913.
LaTeX Font Info:    Font shape `TU/latinmodern-math.otf(1)/m/n' will be
(Font)              scaled to size 7.21884pt on input line 913.
LaTeX Font Info:    Font shape `TU/latinmodern-math.otf(2)/m/n' will be
(Font)              scaled to size 9.6261pt on input line 913.
LaTeX Font Info:    Font shape `TU/latinmodern-math.otf(2)/m/n' will be
(Font)              scaled to size 7.21957pt on input line 913.
LaTeX Font Info:    Font shape `TU/latinmodern-math.otf(3)/m/n' will be
(Font)              scaled to size 9.62415pt on input line 913.
LaTeX Font Info:    Font shape `TU/latinmodern-math.otf(3)/m/n' will be
(Font)              scaled to size 7.21811pt on input line 913.
LaTeX Font Info:    Font shape `TU/Arial(0)/m/n' will be
(Font)              scaled to size 6.0pt on input line 913.
[15]
File: chapters/../images/01_02.jpg Graphic file (type bmp)
<chapters/../images/01_02.jpg>
File: chapters/../images/01_03.jpg Graphic file (type bmp)
<chapters/../images/01_03.jpg>
[16]
LaTeX Font Info:    Font shape `TU/Arial(0)/b/it' will be
(Font)              scaled to size 12.0pt on input line 1064.
[17] [18] [19]
File: chapters/ch01_files/figure-pdf/unnamed-chunk-2-1.pdf Graphic file (type pdf)
<use chapters/ch01_files/figure-pdf/unnamed-chunk-2-1.pdf>
File: chapters/../images/01_04.jpg Graphic file (type bmp)
<chapters/../images/01_04.jpg>
[20] [21] [22]

LaTeX Warning: Reference `sec-it' on page 23 undefined on input line 1444.


LaTeX Warning: Reference `sec-bayes' on page 23 undefined on input line 1445.

[23] [24] [25

] [26]
Chapter 2.

LaTeX Warning: Reference `sec-object' on page 27 undefined on input line 1457.


LaTeX Warning: Reference `sec-ie' on page 27 undefined on input line 1457.


LaTeX Warning: Reference `sec-manip' on page 27 undefined on input line 1458.

[27

]
File: chapters/../images/02_01.jpg Graphic file (type bmp)
<chapters/../images/02_01.jpg>
[28] [29]
Underfull \hbox (badness 2932) in paragraph at lines 1615--1618
[]\TU/Arial(0)/b/n/10 Remove all objects\TU/Arial(0)/m/n/10 : removes all objects form workspace. Equivalent to command
 []

File: chapters/../images/02_02.jpg Graphic file (type bmp)
<chapters/../images/02_02.jpg>
[30] [31]

LaTeX Warning: Reference `sec-object' on page 32 undefined on input line 1708.

[32]
Overfull \hbox (23.30533pt too wide) in paragraph at lines 1877--1877
[]  \TU/CourierNew(0)/m/n/10 [1] -1.600748770 -0.266624052 -0.637836355  0.993755884  2.598512518[] 
 []


Overfull \hbox (23.30533pt too wide) in paragraph at lines 1877--1877
[] \TU/CourierNew(0)/m/n/10 [11] -0.166490940  0.407665140  0.858663531 -0.323472514  0.988322630[] 
 []


Overfull \hbox (23.30533pt too wide) in paragraph at lines 1877--1877
[] \TU/CourierNew(0)/m/n/10 [16] -1.277271909  1.686499999  2.215667155 -0.126782716  1.103479887[] 
 []


Overfull \hbox (25.75835pt too wide) in paragraph at lines 1877--1877
[] \TU/CourierNew(0)/m/n/10 [21]  0.381607537 -0.544989714 -1.425527683 -0.515057798  0.196673515[] 
 []


Overfull \hbox (20.85231pt too wide) in paragraph at lines 1877--1877
[] \TU/CourierNew(0)/m/n/10 [26]  0.329542049  2.169272010  0.145446814 -0.606075762  0.702418529[] 
 []


Overfull \hbox (20.85231pt too wide) in paragraph at lines 1877--1877
[] \TU/CourierNew(0)/m/n/10 [36]  1.147497864  0.326705501  0.962396682 -2.386840343  0.520445695[] 
 []


Overfull \hbox (25.75835pt too wide) in paragraph at lines 1877--1877
[] \TU/CourierNew(0)/m/n/10 [46]  0.643713128 -0.944476207 -0.878426853 -0.355530996  1.002566525[] 
 []

[33]
Overfull \hbox (23.30533pt too wide) in paragraph at lines 1877--1877
[] \TU/CourierNew(0)/m/n/10 [56]  0.230750581  1.252366722 -0.250633391 -0.866463805  0.363897402[] 
 []


Overfull \hbox (23.30533pt too wide) in paragraph at lines 1877--1877
[] \TU/CourierNew(0)/m/n/10 [71] -1.612458825  0.621948653  0.878261109 -0.048466277  0.148077358[] 
 []


Overfull \hbox (23.30533pt too wide) in paragraph at lines 1877--1877
[] \TU/CourierNew(0)/m/n/10 [81]  1.598215488 -1.356784839 -0.150874333  0.724587833  0.994102009[] 
 []


Overfull \hbox (25.75835pt too wide) in paragraph at lines 1877--1877
[] \TU/CourierNew(0)/m/n/10 [91] -0.008568770  0.013186966 -0.274324348 -0.027369891  0.189356166[] 
 []

[34]
File: chapters/../images/02_04.jpg Graphic file (type bmp)
<chapters/../images/02_04.jpg>
[35]
LaTeX Font Info:    Font shape `TU/CourierNew(0)/m/it' will be
(Font)              scaled to size 12.26318pt on input line 1996.
[36] [37] [38]
LaTeX Font Info:    Font shape `TU/CourierNew(0)/b/it' will be
(Font)              scaled to size 11.69601pt on input line 2177.

LaTeX Warning: Reference `sec-manip' on page 39 undefined on input line 2228.

[39] [40]
Underfull \vbox (badness 10000) detected at line 2375
 []


Underfull \vbox (badness 10000) detected at line 2375
 []

[41] [42] [43] [44] [45] [46] [47]
Overfull \hbox (13.49327pt too wide) in paragraph at lines 2763--2763
[]    \TU/CourierNew(0)/m/n/10 title = {R: A Language and Environment for Statistical Computing},[] 
 []

[48] [49] [50] [51]
File: chapters/../images/02_05.jpg Graphic file (type bmp)
<chapters/../images/02_05.jpg>
[52]
File: chapters/../images/02_06.jpg Graphic file (type bmp)
<chapters/../images/02_06.jpg>
[53]
File: chapters/../images/02_07.jpg Graphic file (type bmp)
<chapters/../images/02_07.jpg>
[54] [55]
File: chapters/../images/02_08.jpg Graphic file (type bmp)
<chapters/../images/02_08.jpg>
File: chapters/../images/02_09.jpg Graphic file (type bmp)
<chapters/../images/02_09.jpg>
[56]
File: chapters/../images/02_10.jpg Graphic file (type bmp)
<chapters/../images/02_10.jpg>
[57] [58]
LaTeX Font Info:    Font shape `TU/Arial(0)/m/it' will be
(Font)              scaled to size 8.0pt on input line 3256.
[59] [60]
Chapter 3.
[61

]
File: chapters/ch03_files/figure-pdf/unnamed-chunk-4-1.pdf Graphic file (type pdf)
<use chapters/ch03_files/figure-pdf/unnamed-chunk-4-1.pdf>
File: chapters/ch03_files/figure-pdf/unnamed-chunk-5-1.pdf Graphic file (type pdf)
<use chapters/ch03_files/figure-pdf/unnamed-chunk-5-1.pdf>
[62] [63] [64] [65]
LaTeX Font Info:    Font shape `TU/CourierNew(0)/b/n' will be
(Font)              scaled to size 11.69601pt on input line 3688.
[66] [67] [68] [69] [70]
Overfull \hbox (28.21136pt too wide) in paragraph at lines 3972--3972
[] \TU/CourierNew(0)/m/n/10 [1] 0.96936023 0.32949942 0.84928612 0.89281459 0.22683672 0.24315660[] 
 []


Overfull \hbox (28.21136pt too wide) in paragraph at lines 3972--3972
[] \TU/CourierNew(0)/m/n/10 [7] 0.02669942 0.51838261 0.98298806 0.98969328 0.58012573 0.09212624[] 
 []


Overfull \hbox (30.66438pt too wide) in paragraph at lines 3972--3972
[]\TU/CourierNew(0)/m/n/10 [13] 0.84867899 0.08735776 0.75321744 0.85389591 0.29513531 0.53199513[] 
 []

[71] [72]
Underfull \vbox (badness 7540) detected at line 4112
 []

[73]
Underfull \vbox (badness 5490) detected at line 4173
 []

[74] [75]
Overfull \hbox (47.83592pt too wide) in paragraph at lines 4263--4263
[]  \TU/CourierNew(0)/m/n/10 [1] 5.1 4.9 4.7 4.6 5.0 5.4 4.6 5.0 4.4 4.9 5.4 4.8 4.8 4.3 5.8 5.7 5.4 5.1[] 
 []


Overfull \hbox (50.28894pt too wide) in paragraph at lines 4263--4263
[] \TU/CourierNew(0)/m/n/10 [19] 5.7 5.1 5.4 5.1 4.6 5.1 4.8 5.0 5.0 5.2 5.2 4.7 4.8 5.4 5.2 5.5 4.9 5.0[] 
 []


Overfull \hbox (50.28894pt too wide) in paragraph at lines 4263--4263
[] \TU/CourierNew(0)/m/n/10 [37] 5.5 4.9 4.4 5.1 5.0 4.5 4.4 5.0 5.1 4.8 5.1 4.6 5.3 5.0 7.0 6.4 6.9 5.5[] 
 []


Overfull \hbox (50.28894pt too wide) in paragraph at lines 4263--4263
[] \TU/CourierNew(0)/m/n/10 [55] 6.5 5.7 6.3 4.9 6.6 5.2 5.0 5.9 6.0 6.1 5.6 6.7 5.6 5.8 6.2 5.6 5.9 6.1[] 
 []


Overfull \hbox (50.28894pt too wide) in paragraph at lines 4263--4263
[] \TU/CourierNew(0)/m/n/10 [73] 6.3 6.1 6.4 6.6 6.8 6.7 6.0 5.7 5.5 5.5 5.8 6.0 5.4 6.0 6.7 6.3 5.6 5.5[] 
 []


Overfull \hbox (50.28894pt too wide) in paragraph at lines 4263--4263
[] \TU/CourierNew(0)/m/n/10 [91] 5.5 6.1 5.8 5.0 5.6 5.7 5.7 6.2 5.1 5.7 6.3 5.8 7.1 6.3 6.5 7.6 4.9 7.3[] 
 []


Overfull \hbox (52.74197pt too wide) in paragraph at lines 4263--4263
[]\TU/CourierNew(0)/m/n/10 [109] 6.7 7.2 6.5 6.4 6.8 5.7 5.8 6.4 6.5 7.7 7.7 6.0 6.9 5.6 7.7 6.3 6.7 7.2[] 
 []


Overfull \hbox (52.74197pt too wide) in paragraph at lines 4263--4263
[]\TU/CourierNew(0)/m/n/10 [127] 6.2 6.1 6.4 7.2 7.4 7.9 6.4 6.3 6.1 7.7 6.3 6.4 6.0 6.9 6.7 6.9 5.8 6.8[] 
 []

[76] [77]

LaTeX Warning: Reference `sec-manip' on page 78 undefined on input line 4399.

[78] [79] [80] [81]
Underfull \vbox (badness 10000) detected at line 4761
 []


Underfull \vbox (badness 10000) detected at line 4761
 []

[82]
Underfull \vbox (badness 10000) detected at line 4761
 []


Underfull \vbox (badness 10000) detected at line 4761
 []

[83]
Underfull \vbox (badness 10000) detected at line 4761
 []


Underfull \vbox (badness 10000) detected at line 4761
 []

[84]
Underfull \vbox (badness 10000) detected at line 4761
 []


Underfull \vbox (badness 10000) detected at line 4761
 []

[85]
Overfull \hbox (55.19482pt too wide) in paragraph at lines 4789--4789
[] \TU/CourierNew(0)/m/n/10 [1] 0.6910715 0.7080356 0.1003079 0.3473342 0.7076533 0.1869121 0.6725983[] 
 []


Overfull \hbox (55.19482pt too wide) in paragraph at lines 4813--4813
[] \TU/CourierNew(0)/m/n/10 [1] 0.6910715 0.7080356 0.1003079 0.3473342 0.7076533 0.1869121 0.6725983[] 
 []

[86]
Overfull \hbox (55.19482pt too wide) in paragraph at lines 4850--4850
[] \TU/CourierNew(0)/m/n/10 [1] 0.6910715 0.7080356 0.1003079 0.3473342 0.7076533 0.1869121 0.6725983[] 
 []


Overfull \hbox (55.19482pt too wide) in paragraph at lines 4850--4850
[] \TU/CourierNew(0)/m/n/10 [1] 0.6910715 0.7080356 0.1003079 0.3473342 0.7076533 0.1869121 0.6725983[] 
 []

[87]
Overfull \hbox (55.19482pt too wide) in paragraph at lines 4913--4913
[] \TU/CourierNew(0)/m/n/10 [1] 0.6910715 0.7080356 0.1003079 0.3473342 0.7076533 0.1869121 0.6725983[] 
 []

[88]
Chapter 4.
[89

]
File: chapters/../images/04_01.jpg Graphic file (type bmp)
<chapters/../images/04_01.jpg>
[90]
LaTeX Font Info:    Font shape `TU/Arial(0)/m/n' will be
(Font)              scaled to size 9.0pt on input line 5044.
File: chapters/../images/04_02.jpg Graphic file (type bmp)
<chapters/../images/04_02.jpg>
File: chapters/../images/04_03.jpg Graphic file (type bmp)
<chapters/../images/04_03.jpg>
[91] [92] [93] [94]

LaTeX Warning: Reference `sec-object-type' on page 95 undefined on input line 5346.

[95]
File: chapters/../images/04_04.jpg Graphic file (type bmp)
<chapters/../images/04_04.jpg>
[96] [97]

LaTeX Warning: Reference `sec-ie-import-special' on page 98 undefined on input line 5522.

[98] [99] [100]
Overfull \hbox (11.0403pt too wide) in paragraph at lines 5712--5712
[]    \TU/CourierNew(0)/m/n/10 Sepal.Width = c(3.5, 3, 3.2, 3.1, 3.6, 3.9), Petal.Length = c(1.4,[] 
 []


Overfull \hbox (192.56494pt too wide) in paragraph at lines 5712--5712
[]    \TU/CourierNew(0)/m/n/10 1L), levels = c("setosa", "versicolor", "virginica"), class = "factor")), row.names = c(NA,[] 
 []


LaTeX Warning: Reference `sec-ie-export-rdata' on page 101 undefined on input line 5720.

[101] [102] [103] [104] [105] [106]

LaTeX Warning: Reference `sec-bayes' on page 107 undefined on input line 6072.

[107] [108]
Chapter 5.
[109

] [110]
Overfull \hbox (35.57083pt too wide) in paragraph at lines 6381--6381
[] \TU/CourierNew(0)/m/n/10 [1]  0.0  0.5  1.0  1.5  2.0  2.5  3.0  3.5  4.0  4.5  5.0  5.5  6.0  6.5  7.0[] 
 []


Overfull \hbox (62.55403pt too wide) in paragraph at lines 6381--6381
[]\TU/CourierNew(0)/m/n/10 [16]  7.5  8.0  8.5  9.0  9.5 10.0 10.5 11.0 11.5 12.0 12.5 13.0 13.5 14.0 14.5[] 
 []

[111]
Overfull \hbox (1.228pt too wide) in paragraph at lines 6401--6401
[]\TU/CourierNew(0)/m/n/10 [13] -1.94159265 -1.84159265 -1.74159265 -1.64159265 -1.54159265 -
 []


Overfull \hbox (1.228pt too wide) in paragraph at lines 6401--6401
[]\TU/CourierNew(0)/m/n/10 [19] -1.34159265 -1.24159265 -1.14159265 -1.04159265 -0.94159265 -
 []


Overfull \hbox (1.228pt too wide) in paragraph at lines 6401--6401
[]\TU/CourierNew(0)/m/n/10 [25] -0.74159265 -0.64159265 -0.54159265 -0.44159265 -0.34159265 -
 []


Overfull \hbox (65.00694pt too wide) in paragraph at lines 6401--6401
[]\TU/CourierNew(0)/m/n/10 [31] -0.14159265 -0.04159265  0.05840735  0.15840735  0.25840735  0.35840735[] 
 []


Overfull \hbox (60.10088pt too wide) in paragraph at lines 6401--6401
[]\TU/CourierNew(0)/m/n/10 [37]  0.45840735  0.55840735  0.65840735  0.75840735  0.85840735  0.95840735[] 
 []


Overfull \hbox (60.10088pt too wide) in paragraph at lines 6401--6401
[]\TU/CourierNew(0)/m/n/10 [43]  1.05840735  1.15840735  1.25840735  1.35840735  1.45840735  1.55840735[] 
 []


Overfull \hbox (60.10088pt too wide) in paragraph at lines 6401--6401
[]\TU/CourierNew(0)/m/n/10 [49]  1.65840735  1.75840735  1.85840735  1.95840735  2.05840735  2.15840735[] 
 []


Overfull \hbox (60.10088pt too wide) in paragraph at lines 6401--6401
[]\TU/CourierNew(0)/m/n/10 [55]  2.25840735  2.35840735  2.45840735  2.55840735  2.65840735  2.75840735[] 
 []


Overfull \hbox (67.45999pt too wide) in paragraph at lines 6414--6414
[] \TU/CourierNew(0)/m/n/10 [7] -0.36842105 -0.26315789 -0.15789474 -0.05263158  0.05263158  0.15789474[] 
 []


Overfull \hbox (60.10088pt too wide) in paragraph at lines 6414--6414
[]\TU/CourierNew(0)/m/n/10 [13]  0.26315789  0.36842105  0.47368421  0.57894737  0.68421053  0.78947368[] 
 []

[112] [113] [114] [115]

LaTeX Warning: Reference `sec-dist' on page 116 undefined on input line 6719.

[116]
File: chapters/ch05_files/figure-pdf/unnamed-chunk-21-1.pdf Graphic file (type pdf)
<use chapters/ch05_files/figure-pdf/unnamed-chunk-21-1.pdf>
[117]
File: chapters/../images/05_01.jpg Graphic file (type bmp)
<chapters/../images/05_01.jpg>
[118]
File: chapters/../images/05_02.jpg Graphic file (type bmp)
<chapters/../images/05_02.jpg>
[119] [120] [121] [122]
File: chapters/../images/05_03.jpg Graphic file (type bmp)
<chapters/../images/05_03.jpg>
File: chapters/../images/05_04.jpg Graphic file (type bmp)
<chapters/../images/05_04.jpg>
[123]
File: chapters/../images/05_05.jpg Graphic file (type bmp)
<chapters/../images/05_05.jpg>
File: chapters/../images/05_06.jpg Graphic file (type bmp)
<chapters/../images/05_06.jpg>
[124]
File: chapters/../images/05_07.jpg Graphic file (type bmp)
<chapters/../images/05_07.jpg>
[125]
File: chapters/../images/05_08.jpg Graphic file (type bmp)
<chapters/../images/05_08.jpg>
[126] [127]
Overfull \hbox (28.21136pt too wide) in paragraph at lines 7310--7310
[] \TU/CourierNew(0)/m/n/10 [1] 0.81537826 0.85151339 0.94974433 0.24860408 0.20883937 0.23072284[] 
 []


Overfull \vbox (2.24872pt too high) detected at line 7335
 []

[128] [129] [130]
LaTeX Font Info:    Font shape `TU/CourierNew(0)/m/n' will be
(Font)              scaled to size 9.81055pt on input line 7468.
[131] [132] [133]
Overfull \vbox (0.22398pt too high) detected at line 7700
 []

[134] [135] [136] [137] [138] [139] [140] [141]

LaTeX Warning: Reference `sec-ie-export-sink' on page 142 undefined on input line 8122.


LaTeX Warning: Reference `sec-manip-char-grep' on page 142 undefined on input line 8155.

[142] [143] [144] [145] [146]

LaTeX Warning: Reference `sec-manip-df-oth-merg' on page 147 undefined on input line 8442.

[147]
File: chapters/../images/05_08.jpg Graphic file (type bmp)
<chapters/../images/05_08.jpg>
[148] [149] [150] [151] [152] [153] [154] [155] [156] [157] [158]
Overfull \vbox (0.18788pt too high) detected at line 9122
 []

[159]
Underfull \vbox (badness 2181) detected at line 9185
 []

[160]
Underfull \hbox (badness 10000) in paragraph at lines 9198--9208
[][]\TU/Arial(0)/m/n/10 neon_grids_2025-08-03.csv[][], [][]neon_measures_2025-08-03.csv[][], and [][]neon_measures_2025-08-03.csv[][].
 []

[161] [162] [163] [164]
File: chapters/../images/05_09.jpg Graphic file (type bmp)
<chapters/../images/05_09.jpg>
[165] [166] [167]
Underfull \hbox (badness 7468) in paragraph at lines 9546--9555
[]\TU/Arial(0)/m/n/10 The \TU/CourierNew(0)/m/n/10 tidyverse \TU/Arial(0)/m/n/10 equivalents for \TU/CourierNew(0)/m/n/10 melt() \TU/Arial(0)/m/n/10 and \TU/CourierNew(0)/m/n/10 dcast() \TU/Arial(0)/m/n/10 are \TU/CourierNew(0)/m/n/10 pivot_longer() \TU/Arial(0)/m/n/10 and
 []


Underfull \vbox (badness 10000) detected at line 9595
 []

[168] [169] [170

] [171]
Chapter 6.
File: chapters/../images/06_01.jpg Graphic file (type bmp)
<chapters/../images/06_01.jpg>
[172

] [173]
File: chapters/ch06_files/figure-pdf/unnamed-chunk-1-1.pdf Graphic file (type pdf)
<use chapters/ch06_files/figure-pdf/unnamed-chunk-1-1.pdf>
[174]
File: chapters/../images/06_02.jpg Graphic file (type bmp)
<chapters/../images/06_02.jpg>
[175] [176]
LaTeX Font Info:    Font shape `TU/Arial(1)/m/n' will be
(Font)              scaled to size 10.0pt on input line 9810.
LaTeX Font Info:    Font shape `TU/Arial(1)/m/n' will be
(Font)              scaled to size 7.0pt on input line 9810.
LaTeX Font Info:    Font shape `TU/Arial(1)/m/n' will be
(Font)              scaled to size 5.0pt on input line 9810.
[177] [178] [179]

LaTeX Warning: Reference `sec-plot1-sing-kern' on page 180 undefined on input line 10001.

File: chapters/ch06_files/figure-pdf/unnamed-chunk-9-1.pdf Graphic file (type pdf)
<use chapters/ch06_files/figure-pdf/unnamed-chunk-9-1.pdf>
[180] [181]
File: chapters/ch06_files/figure-pdf/unnamed-chunk-10-1.pdf Graphic file (type pdf)
<use chapters/ch06_files/figure-pdf/unnamed-chunk-10-1.pdf>
[182] [183] [184] [185] [186]
File: chapters/ch06_files/figure-pdf/unnamed-chunk-16-1.pdf Graphic file (type pdf)
<use chapters/ch06_files/figure-pdf/unnamed-chunk-16-1.pdf>
[187] [188]
File: chapters/ch06_files/figure-pdf/fig-correlations-1.pdf Graphic file (type pdf)
<use chapters/ch06_files/figure-pdf/fig-correlations-1.pdf>
[189] [190] [191]
File: chapters/ch06_files/figure-pdf/fig-scatterplotmatrix-1.pdf Graphic file (type pdf)
<use chapters/ch06_files/figure-pdf/fig-scatterplotmatrix-1.pdf>
[192]
File: chapters/ch06_files/figure-pdf/fig-nonlinear-1.pdf Graphic file (type pdf)
<use chapters/ch06_files/figure-pdf/fig-nonlinear-1.pdf>
[193]
Overfull \hbox (31.89142pt too wide) in paragraph at lines 10711--10716
[]\TU/Arial(0)/m/n/10 When you run a nonlinear correlation test, you will often get the warning \TU/CourierNew(0)/m/n/10 Warning in cor.test.default
 []

[194]
Chapter 7.

LaTeX Warning: Reference `sec-desc' on page 195 undefined on input line 10720.


LaTeX Warning: Reference `sec-groups' on page 195 undefined on input line 10724.

[195

]
File: chapters/../images/07-01.jpg Graphic file (type bmp)
<chapters/../images/07-01.jpg>
[196] [197] [198] [199] [200] [201]
LaTeX Font Info:    Font shape `TU/CourierNew(0)/b/n' will be
(Font)              scaled to size 16.84224pt on input line 11215.
[202]
LaTeX Font Info:    Font shape `TU/CourierNew(0)/b/n' will be
(Font)              scaled to size 14.03522pt on input line 11230.

Overfull \hbox (57.64804pt too wide) in paragraph at lines 11264--11264
[]  \TU/CourierNew(0)/m/n/10 [1] 10.2  9.5  9.4  9.4 10.2 11.4  9.7 10.1  8.9  9.6 10.8 10.0  9.3  8.5 11.2[] 
 []


Overfull \hbox (72.36615pt too wide) in paragraph at lines 11264--11264
[] \TU/CourierNew(0)/m/n/10 [16] 12.0 11.0 10.3 11.5 10.7 10.7 10.7  9.4 10.6 10.3  9.8 10.4 10.4 10.2  9.7[] 
 []


Overfull \hbox (65.0071pt too wide) in paragraph at lines 11264--11264
[] \TU/CourierNew(0)/m/n/10 [31]  9.7 10.7 10.9 11.3  9.7  9.6 10.5 10.0  8.9 10.2 10.1  8.4  9.1 10.7 11.2[] 
 []


Overfull \hbox (72.36615pt too wide) in paragraph at lines 11264--11264
[] \TU/CourierNew(0)/m/n/10 [46]  9.5 10.7  9.4 10.7  9.9 16.3 15.6 16.4 13.1 15.4 14.3 15.9 11.6 15.4 13.2[] 
 []


Overfull \hbox (79.7252pt too wide) in paragraph at lines 11264--11264
[] \TU/CourierNew(0)/m/n/10 [61] 11.5 14.6 13.2 15.1 13.4 15.6 14.6 13.6 14.4 13.1 15.7 14.2 15.2 14.8 14.9[] 
 []


Overfull \hbox (79.7252pt too wide) in paragraph at lines 11264--11264
[] \TU/CourierNew(0)/m/n/10 [76] 15.4 15.8 16.4 14.9 12.8 12.8 12.6 13.6 15.4 14.4 15.5 16.0 14.3 14.0 13.3[] 
 []


Overfull \hbox (79.7252pt too wide) in paragraph at lines 11264--11264
[] \TU/CourierNew(0)/m/n/10 [91] 13.7 15.1 13.6 11.6 13.8 14.1 14.1 14.7 11.7 13.9 18.1 15.5 18.1 16.6 17.5[] 
 []


Overfull \hbox (82.17824pt too wide) in paragraph at lines 11264--11264
[]\TU/CourierNew(0)/m/n/10 [106] 19.3 13.6 18.3 16.8 19.4 16.8 16.3 17.4 15.2 16.1 17.2 16.8 20.4 19.5 14.7[] 
 []


Overfull \hbox (82.17824pt too wide) in paragraph at lines 11264--11264
[]\TU/CourierNew(0)/m/n/10 [121] 18.1 15.3 19.2 15.7 17.8 18.2 15.6 15.8 16.9 17.6 18.2 20.1 17.0 15.7 15.7[] 
 []


Overfull \hbox (82.17824pt too wide) in paragraph at lines 11264--11264
[]\TU/CourierNew(0)/m/n/10 [136] 19.1 17.7 16.8 15.6 17.5 17.8 17.4 15.5 18.2 18.2 17.2 15.7 16.7 17.3 15.8[] 
 []

[203]
Overfull \hbox (62.55403pt too wide) in paragraph at lines 11351--11351
[]  \TU/CourierNew(0)/m/n/10 [1] 2.800 2.375 2.550 2.300 2.850 2.900 2.575 2.625 2.175 2.400 2.950 2.500[] 
 []


Overfull \hbox (65.00705pt too wide) in paragraph at lines 11351--11351
[] \TU/CourierNew(0)/m/n/10 [13] 2.375 2.475 3.500 3.500 3.200 2.775 2.925 2.925 2.575 2.825 3.050 2.350[] 
 []


Overfull \hbox (65.00705pt too wide) in paragraph at lines 11351--11351
[] \TU/CourierNew(0)/m/n/10 [25] 2.275 2.250 2.500 2.750 2.750 2.325 2.275 2.675 3.225 3.425 2.375 2.700[] 
 []


Overfull \hbox (65.00705pt too wide) in paragraph at lines 11351--11351
[] \TU/CourierNew(0)/m/n/10 [37] 2.975 2.850 2.325 2.650 2.825 1.800 2.475 2.525 2.600 2.325 2.875 2.450[] 
 []


Overfull \hbox (65.00705pt too wide) in paragraph at lines 11351--11351
[] \TU/CourierNew(0)/m/n/10 [49] 2.925 2.625 2.525 2.200 2.700 2.325 2.600 2.375 2.225 1.650 2.600 1.850[] 
 []


Overfull \hbox (65.00705pt too wide) in paragraph at lines 11351--11351
[] \TU/CourierNew(0)/m/n/10 [61] 2.125 2.000 2.600 2.525 1.600 2.300 2.150 2.250 2.900 2.175 2.225 2.100[] 
 []


Overfull \hbox (65.00705pt too wide) in paragraph at lines 11351--11351
[] \TU/CourierNew(0)/m/n/10 [73] 3.000 2.650 2.325 2.350 2.850 2.750 2.325 1.850 2.150 2.100 2.050 2.900[] 
 []


Overfull \hbox (65.00705pt too wide) in paragraph at lines 11351--11351
[] \TU/CourierNew(0)/m/n/10 [85] 2.100 1.925 2.500 2.825 1.900 2.175 2.425 2.375 2.200 1.750 2.200 2.025[] 
 []


Overfull \hbox (65.00705pt too wide) in paragraph at lines 11351--11351
[] \TU/CourierNew(0)/m/n/10 [97] 2.075 2.275 1.375 2.075 2.975 2.775 3.425 3.150 3.175 4.075 2.300 3.925[] 
 []


Overfull \hbox (67.46008pt too wide) in paragraph at lines 11351--11351
[]\TU/CourierNew(0)/m/n/10 [109] 3.700 3.050 2.550 3.075 3.050 2.800 2.575 2.600 3.050 3.550 4.575 3.225[] 
 []


Overfull \hbox (67.46008pt too wide) in paragraph at lines 11351--11351
[]\TU/CourierNew(0)/m/n/10 [121] 3.025 2.475 4.350 2.775 2.950 3.450 2.600 2.500 3.175 3.500 3.850 3.425[] 
 []


Overfull \hbox (67.46008pt too wide) in paragraph at lines 11351--11351
[]\TU/CourierNew(0)/m/n/10 [133] 3.150 2.925 3.425 3.675 2.625 2.950 2.400 2.925 2.950 2.650 2.775 3.150[] 
 []

[204] [205] [206] [207]
Overfull \hbox (11.04047pt too wide) in paragraph at lines 11594--11594
[] \TU/CourierNew(0)/m/n/10 0  1  2  3  4  5  6  7  8  9 10 11 12 13 14 15 16 17 18 19 20 21 22 23 24 25[] 
 []

LaTeX Font Info:    Font shape `TU/Arial(1)/m/n' will be
(Font)              scaled to size 8.0pt on input line 11615.
LaTeX Font Info:    Font shape `TU/Arial(1)/m/n' will be
(Font)              scaled to size 6.0pt on input line 11615.
File: chapters/ch07_files/figure-pdf/unnamed-chunk-39-1.pdf Graphic file (type pdf)
<use chapters/ch07_files/figure-pdf/unnamed-chunk-39-1.pdf>
[208] [209] [210] [211]

LaTeX Warning: Reference `sec-manip-df-oth-shap' on page 212 undefined on input line 11834.

[212]
Chapter 8.
File: chapters/ch08_files/figure-pdf/unnamed-chunk-1-1.pdf Graphic file (type pdf)
<use chapters/ch08_files/figure-pdf/unnamed-chunk-1-1.pdf>
[213

]
File: chapters/ch08_files/figure-pdf/unnamed-chunk-2-1.pdf Graphic file (type pdf)
<use chapters/ch08_files/figure-pdf/unnamed-chunk-2-1.pdf>
[214]
File: chapters/../images/08-01.jpg Graphic file (type bmp)
<chapters/../images/08-01.jpg>

Overfull \hbox (21.1227pt too wide) in paragraph at lines 11943--11961
[][]\TU/Arial(0)/m/n/10 {#fig-
 []

[215] [216]
File: chapters/ch08_files/figure-pdf/unnamed-chunk-3-1.pdf Graphic file (type pdf)
<use chapters/ch08_files/figure-pdf/unnamed-chunk-3-1.pdf>

Underfull \hbox (badness 1655) in paragraph at lines 12001--12005
[]\TU/Arial(0)/m/n/10 R histograms can be presented as counts (\TU/CourierNew(0)/m/n/10 freq=TRUE\TU/Arial(0)/m/n/10 , the default), or as probability density
 []

File: chapters/ch08_files/figure-pdf/unnamed-chunk-5-1.pdf Graphic file (type pdf)
<use chapters/ch08_files/figure-pdf/unnamed-chunk-5-1.pdf>
[217]

LaTeX Warning: Reference `sec-dist-cont' on page 218 undefined on input line 12027.

File: chapters/ch08_files/figure-pdf/unnamed-chunk-6-1.pdf Graphic file (type pdf)
<use chapters/ch08_files/figure-pdf/unnamed-chunk-6-1.pdf>
[218]
File: chapters/ch08_files/figure-pdf/unnamed-chunk-7-1.pdf Graphic file (type pdf)
<use chapters/ch08_files/figure-pdf/unnamed-chunk-7-1.pdf>
[219]
File: chapters/ch08_files/figure-pdf/unnamed-chunk-8-1.pdf Graphic file (type pdf)
<use chapters/ch08_files/figure-pdf/unnamed-chunk-8-1.pdf>
[220]
Underfull \hbox (badness 1221) in paragraph at lines 12133--12141
[]\TU/Arial(0)/m/n/10 Unlike \TU/CourierNew(0)/m/n/10 boxplot()\TU/Arial(0)/m/n/10 , \TU/CourierNew(0)/m/n/10 barplot() \TU/Arial(0)/m/n/10 does not calculate its own values. The values supplied to
 []

[221]
File: chapters/ch08_files/figure-pdf/unnamed-chunk-9-1.pdf Graphic file (type pdf)
<use chapters/ch08_files/figure-pdf/unnamed-chunk-9-1.pdf>
[222]
File: chapters/ch08_files/figure-pdf/unnamed-chunk-10-1.pdf Graphic file (type pdf)
<use chapters/ch08_files/figure-pdf/unnamed-chunk-10-1.pdf>
[223]

LaTeX Warning: Reference `sec-plot1-sing-box' on page 224 undefined on input line 12180.

File: chapters/ch08_files/figure-pdf/unnamed-chunk-11-1.pdf Graphic file (type pdf)
<use chapters/ch08_files/figure-pdf/unnamed-chunk-11-1.pdf>
[224]
File: chapters/ch08_files/figure-pdf/unnamed-chunk-12-1.pdf Graphic file (type pdf)
<use chapters/ch08_files/figure-pdf/unnamed-chunk-12-1.pdf>
[225]
File: chapters/ch08_files/figure-pdf/unnamed-chunk-13-1.pdf Graphic file (type pdf)
<use chapters/ch08_files/figure-pdf/unnamed-chunk-13-1.pdf>
[226]
File: chapters/ch08_files/figure-pdf/unnamed-chunk-14-1.pdf Graphic file (type pdf)
<use chapters/ch08_files/figure-pdf/unnamed-chunk-14-1.pdf>
[227]
File: chapters/ch08_files/figure-pdf/unnamed-chunk-15-1.pdf Graphic file (type pdf)
<use chapters/ch08_files/figure-pdf/unnamed-chunk-15-1.pdf>
[228]
File: chapters/ch08_files/figure-pdf/unnamed-chunk-16-1.pdf Graphic file (type pdf)
<use chapters/ch08_files/figure-pdf/unnamed-chunk-16-1.pdf>
[229]
File: chapters/../images/08-03.jpg Graphic file (type bmp)
<chapters/../images/08-03.jpg>

Overfull \hbox (15.5633pt too wide) in paragraph at lines 12308--12318
[][]\TU/Arial(0)/m/n/10 {alt-
 []

[230]
File: chapters/../images/08-04.jpg Graphic file (type bmp)
<chapters/../images/08-04.jpg>
[231]
File: chapters/ch08_files/figure-pdf/unnamed-chunk-18-1.pdf Graphic file (type pdf)
<use chapters/ch08_files/figure-pdf/unnamed-chunk-18-1.pdf>
[232]
File: chapters/ch08_files/figure-pdf/unnamed-chunk-19-1.pdf Graphic file (type pdf)
<use chapters/ch08_files/figure-pdf/unnamed-chunk-19-1.pdf>
[233]
File: chapters/ch08_files/figure-pdf/unnamed-chunk-21-1.pdf Graphic file (type pdf)
<use chapters/ch08_files/figure-pdf/unnamed-chunk-21-1.pdf>
[234]
Overfull \vbox (1.99515pt too high) detected at line 12482
 []

[235]
File: chapters/ch08_files/figure-pdf/unnamed-chunk-22-1.pdf Graphic file (type pdf)
<use chapters/ch08_files/figure-pdf/unnamed-chunk-22-1.pdf>

LaTeX Warning: Reference `sec-dist-cont' on page 236 undefined on input line 12496.

[236]
File: chapters/../images/08-02.jpg Graphic file (type bmp)
<chapters/../images/08-02.jpg>

Overfull \hbox (15.5871pt too wide) in paragraph at lines 12522--12533
[][]\TU/Arial(0)/m/n/10 {fig-
 []


LaTeX Warning: Reference `sec-plot1-sing-cdf' on page 237 undefined on input line 12536.

[237]
Underfull \hbox (badness 2922) in paragraph at lines 12549--12554
[]\TU/Arial(0)/m/n/10 The example below shows kernel density plots for four distributions: $[][][][][][] []$,
 []


Underfull \hbox (badness 1776) in paragraph at lines 12549--12554
[][][][][] []$\TU/Arial(0)/m/n/10 , $[][][][][][][] []$, and $[][][][][][][] []$. The first 3
 []

File: chapters/ch08_files/figure-pdf/unnamed-chunk-23-1.pdf Graphic file (type pdf)
<use chapters/ch08_files/figure-pdf/unnamed-chunk-23-1.pdf>
[238]
File: chapters/ch08_files/figure-pdf/unnamed-chunk-24-1.pdf Graphic file (type pdf)
<use chapters/ch08_files/figure-pdf/unnamed-chunk-24-1.pdf>
[239]
File: chapters/ch08_files/figure-pdf/unnamed-chunk-25-1.pdf Graphic file (type pdf)
<use chapters/ch08_files/figure-pdf/unnamed-chunk-25-1.pdf>
File: chapters/ch08_files/figure-pdf/unnamed-chunk-26-1.pdf Graphic file (type pdf)
<use chapters/ch08_files/figure-pdf/unnamed-chunk-26-1.pdf>
[240]
File: chapters/ch08_files/figure-pdf/unnamed-chunk-27-1.pdf Graphic file (type pdf)
<use chapters/ch08_files/figure-pdf/unnamed-chunk-27-1.pdf>
[241]

LaTeX Warning: Hyper reference `sec-dist-single' on page 242 undefined on input line 12685.

[242]
File: chapters/ch08_files/figure-pdf/unnamed-chunk-28-1.pdf Graphic file (type pdf)
<use chapters/ch08_files/figure-pdf/unnamed-chunk-28-1.pdf>
File: chapters/ch08_files/figure-pdf/unnamed-chunk-29-1.pdf Graphic file (type pdf)
<use chapters/ch08_files/figure-pdf/unnamed-chunk-29-1.pdf>
[243]
File: chapters/ch08_files/figure-pdf/unnamed-chunk-30-1.pdf Graphic file (type pdf)
<use chapters/ch08_files/figure-pdf/unnamed-chunk-30-1.pdf>
[244] [245]
File: chapters/ch08_files/figure-pdf/unnamed-chunk-31-1.pdf Graphic file (type pdf)
<use chapters/ch08_files/figure-pdf/unnamed-chunk-31-1.pdf>
[246]
File: chapters/ch08_files/figure-pdf/unnamed-chunk-32-1.pdf Graphic file (type pdf)
<use chapters/ch08_files/figure-pdf/unnamed-chunk-32-1.pdf>
[247]
File: chapters/ch08_files/figure-pdf/unnamed-chunk-33-1.pdf Graphic file (type pdf)
<use chapters/ch08_files/figure-pdf/unnamed-chunk-33-1.pdf>
File: chapters/ch08_files/figure-pdf/unnamed-chunk-34-1.pdf Graphic file (type pdf)
<use chapters/ch08_files/figure-pdf/unnamed-chunk-34-1.pdf>
[248]
File: chapters/ch08_files/figure-pdf/unnamed-chunk-35-1.pdf Graphic file (type pdf)
<use chapters/ch08_files/figure-pdf/unnamed-chunk-35-1.pdf>
[249] [250]
File: chapters/ch08_files/figure-pdf/unnamed-chunk-37-1.pdf Graphic file (type pdf)
<use chapters/ch08_files/figure-pdf/unnamed-chunk-37-1.pdf>
[251]
File: chapters/ch08_files/figure-pdf/unnamed-chunk-38-1.pdf Graphic file (type pdf)
<use chapters/ch08_files/figure-pdf/unnamed-chunk-38-1.pdf>
[252]
File: chapters/ch08_files/figure-pdf/unnamed-chunk-39-1.pdf Graphic file (type pdf)
<use chapters/ch08_files/figure-pdf/unnamed-chunk-39-1.pdf>
[253]
Underfull \vbox (badness 10000) detected at line 13089
 []

[254]
File: chapters/ch08_files/figure-pdf/unnamed-chunk-40-1.pdf Graphic file (type pdf)
<use chapters/ch08_files/figure-pdf/unnamed-chunk-40-1.pdf>
[255]
File: chapters/ch08_files/figure-pdf/unnamed-chunk-41-1.pdf Graphic file (type pdf)
<use chapters/ch08_files/figure-pdf/unnamed-chunk-41-1.pdf>
File: chapters/ch08_files/figure-pdf/unnamed-chunk-42-1.pdf Graphic file (type pdf)
<use chapters/ch08_files/figure-pdf/unnamed-chunk-42-1.pdf>
[256]
Underfull \vbox (badness 10000) detected at line 13144
 []

[257]
File: chapters/ch08_files/figure-pdf/unnamed-chunk-43-1.pdf Graphic file (type pdf)
<use chapters/ch08_files/figure-pdf/unnamed-chunk-43-1.pdf>
[258]
File: chapters/../images/08-05.jpg Graphic file (type bmp)
<chapters/../images/08-05.jpg>

Overfull \hbox (15.55989pt too wide) in paragraph at lines 13157--13160
[][]\TU/Arial(0)/m/n/10 {fig-
 []

File: chapters/ch08_files/figure-pdf/unnamed-chunk-44-1.pdf Graphic file (type pdf)
<use chapters/ch08_files/figure-pdf/unnamed-chunk-44-1.pdf>
[259]
File: chapters/ch08_files/figure-pdf/unnamed-chunk-45-1.pdf Graphic file (type pdf)
<use chapters/ch08_files/figure-pdf/unnamed-chunk-45-1.pdf>
[260]
File: chapters/ch08_files/figure-pdf/unnamed-chunk-46-1.pdf Graphic file (type pdf)
<use chapters/ch08_files/figure-pdf/unnamed-chunk-46-1.pdf>
[261]
File: chapters/../images/08-06.jpg Graphic file (type bmp)
<chapters/../images/08-06.jpg>

Overfull \hbox (48.91444pt too wide) in paragraph at lines 13256--13260
[][]\TU/Arial(0)/m/n/10 {Illustration
 []

[262]
Overfull \vbox (0.28741pt too high) detected at line 13294
 []

[263]
File: chapters/ch08_files/figure-pdf/unnamed-chunk-47-1.pdf Graphic file (type pdf)
<use chapters/ch08_files/figure-pdf/unnamed-chunk-47-1.pdf>
[264]

LaTeX Warning: Reference `sec-desc-co' on page 265 undefined on input line 13302.


Underfull \vbox (badness 10000) detected at line 13323
 []

[265]
File: chapters/ch08_files/figure-pdf/unnamed-chunk-48-1.pdf Graphic file (type pdf)
<use chapters/ch08_files/figure-pdf/unnamed-chunk-48-1.pdf>
[266]

LaTeX Warning: Reference `sec-ord' on page 267 undefined on input line 13340.


LaTeX Warning: Reference `sec-plot1-sing-hist' on page 267 undefined on input line 13387.


LaTeX Warning: Reference `sec-plot1-two-scatter' on page 267 undefined on input line 13389.

[267]
File: chapters/ch08_files/figure-pdf/unnamed-chunk-50-1.pdf Graphic file (type pdf)
<use chapters/ch08_files/figure-pdf/unnamed-chunk-50-1.pdf>
[268] [269]
Overfull \hbox (15.9463pt too wide) in paragraph at lines 13484--13484
[]\TU/CourierNew(0)/m/n/10 Eigenvalue            2.7808 1.9382 1.3148 1.0987 0.83622 0.7150 0.69134[] 
 []


Overfull \hbox (38.02354pt too wide) in paragraph at lines 13484--13484
[]\TU/CourierNew(0)/m/n/10 Proportion Explained  0.2781 0.1938 0.1315 0.1099 0.08362 0.0715 0.06913[] 
 []


Overfull \hbox (40.47656pt too wide) in paragraph at lines 13484--13484
[]\TU/CourierNew(0)/m/n/10 Cumulative Proportion 0.2781 0.4719 0.6034 0.7132 0.79687 0.8684 0.93750[] 
 []

LaTeX Font Info:    Font shape `TU/Arial(0)/b/n' will be
(Font)              scaled to size 8.0pt on input line 13502.

LaTeX Warning: Reference `sec-ord' on page 270 undefined on input line 13502.

[270]

LaTeX Warning: Reference `sec-plot1-two' on page 271 undefined on input line 13542.

[271]
File: chapters/ch08_files/figure-pdf/unnamed-chunk-53-1.pdf Graphic file (type pdf)
<use chapters/ch08_files/figure-pdf/unnamed-chunk-53-1.pdf>
[272] [273]
Chapter 9.
File: chapters/ch09_files/figure-pdf/unnamed-chunk-1-1.pdf Graphic file (type pdf)
<use chapters/ch09_files/figure-pdf/unnamed-chunk-1-1.pdf>
[274

]
File: chapters/ch09_files/figure-pdf/unnamed-chunk-2-1.pdf Graphic file (type pdf)
<use chapters/ch09_files/figure-pdf/unnamed-chunk-2-1.pdf>
File: chapters/ch09_files/figure-pdf/unnamed-chunk-3-1.pdf Graphic file (type pdf)
<use chapters/ch09_files/figure-pdf/unnamed-chunk-3-1.pdf>
[275] [276]
File: chapters/ch09_files/figure-pdf/unnamed-chunk-5-1.pdf Graphic file (type pdf)
<use chapters/ch09_files/figure-pdf/unnamed-chunk-5-1.pdf>
[277]
File: chapters/ch09_files/figure-pdf/unnamed-chunk-6-1.pdf Graphic file (type pdf)
<use chapters/ch09_files/figure-pdf/unnamed-chunk-6-1.pdf>
[278]
File: chapters/ch09_files/figure-pdf/unnamed-chunk-7-1.pdf Graphic file (type pdf)
<use chapters/ch09_files/figure-pdf/unnamed-chunk-7-1.pdf>
[279] [280]
File: chapters/ch09_files/figure-pdf/unnamed-chunk-8-1.pdf Graphic file (type pdf)
<use chapters/ch09_files/figure-pdf/unnamed-chunk-8-1.pdf>

Overfull \hbox (17.50488pt too wide) in paragraph at lines 13889--13892
[]\TU/Arial(0)/m/n/10 Here we see the functions used on a normal distribution with mean 20 and SD 4 (i.e., $[][][][][][] []$
 []

[281]
File: chapters/ch09_files/figure-pdf/unnamed-chunk-12-1.pdf Graphic file (type pdf)
<use chapters/ch09_files/figure-pdf/unnamed-chunk-12-1.pdf>
File: chapters/ch09_files/figure-pdf/unnamed-chunk-13-1.pdf Graphic file (type pdf)
<use chapters/ch09_files/figure-pdf/unnamed-chunk-13-1.pdf>
[282]

LaTeX Warning: Reference `sec-dist-binom' on page 283 undefined on input line 13995.

[283] [284] [285]
File: chapters/ch09_files/figure-pdf/unnamed-chunk-15-1.pdf Graphic file (type pdf)
<use chapters/ch09_files/figure-pdf/unnamed-chunk-15-1.pdf>

Underfull \vbox (badness 3965) detected at line 14173
 []

[286]
File: chapters/ch09_files/figure-pdf/chunkx400-1.pdf Graphic file (type pdf)
<use chapters/ch09_files/figure-pdf/chunkx400-1.pdf>
[287]
File: chapters/ch09_files/figure-pdf/unnamed-chunk-16-1.pdf Graphic file (type pdf)
<use chapters/ch09_files/figure-pdf/unnamed-chunk-16-1.pdf>
[288] [289] [290]
File: chapters/ch09_files/figure-pdf/unnamed-chunk-26-1.pdf Graphic file (type pdf)
<use chapters/ch09_files/figure-pdf/unnamed-chunk-26-1.pdf>
[291]

LaTeX Warning: Reference `sec-dist-geom' on page 292 undefined on input line 14493.

[292]

LaTeX Warning: Reference `sec-dist-gamma' on page 293 undefined on input line 14499.

[293]
File: chapters/ch09_files/figure-pdf/unnamed-chunk-27-1.pdf Graphic file (type pdf)
<use chapters/ch09_files/figure-pdf/unnamed-chunk-27-1.pdf>
[294] [295]
File: chapters/ch09_files/figure-pdf/unnamed-chunk-28-1.pdf Graphic file (type pdf)
<use chapters/ch09_files/figure-pdf/unnamed-chunk-28-1.pdf>
[296]
File: chapters/ch09_files/figure-pdf/unnamed-chunk-31-1.pdf Graphic file (type pdf)
<use chapters/ch09_files/figure-pdf/unnamed-chunk-31-1.pdf>
[297] [298]
File: chapters/ch09_files/figure-pdf/unnamed-chunk-36-1.pdf Graphic file (type pdf)
<use chapters/ch09_files/figure-pdf/unnamed-chunk-36-1.pdf>
[299] [300]
File: chapters/ch09_files/figure-pdf/unnamed-chunk-37-1.pdf Graphic file (type pdf)
<use chapters/ch09_files/figure-pdf/unnamed-chunk-37-1.pdf>
[301]

LaTeX Warning: Reference `sec-dist-norm' on page 302 undefined on input line 14879.

File: chapters/ch09_files/figure-pdf/unnamed-chunk-38-1.pdf Graphic file (type pdf)
<use chapters/ch09_files/figure-pdf/unnamed-chunk-38-1.pdf>
[302]
File: chapters/ch09_files/figure-pdf/unnamed-chunk-41-1.pdf Graphic file (type pdf)
<use chapters/ch09_files/figure-pdf/unnamed-chunk-41-1.pdf>
[303]
File: chapters/ch09_files/figure-pdf/unnamed-chunk-42-1.pdf Graphic file (type pdf)
<use chapters/ch09_files/figure-pdf/unnamed-chunk-42-1.pdf>
[304] [305]
File: chapters/ch09_files/figure-pdf/unnamed-chunk-44-1.pdf Graphic file (type pdf)
<use chapters/ch09_files/figure-pdf/unnamed-chunk-44-1.pdf>
[306]
File: chapters/ch09_files/figure-pdf/unnamed-chunk-45-1.pdf Graphic file (type pdf)
<use chapters/ch09_files/figure-pdf/unnamed-chunk-45-1.pdf>
[307]
Underfull \vbox (badness 10000) detected at line 15105
 []

[308]
File: chapters/ch09_files/figure-pdf/unnamed-chunk-46-1.pdf Graphic file (type pdf)
<use chapters/ch09_files/figure-pdf/unnamed-chunk-46-1.pdf>
[309]
File: chapters/ch09_files/figure-pdf/unnamed-chunk-47-1.pdf Graphic file (type pdf)
<use chapters/ch09_files/figure-pdf/unnamed-chunk-47-1.pdf>
[310]
File: chapters/ch09_files/figure-pdf/chunkx420-1.pdf Graphic file (type pdf)
<use chapters/ch09_files/figure-pdf/chunkx420-1.pdf>
[311]

LaTeX Warning: Reference `sec-dist-norm' on page 312 undefined on input line 15280.

[312]
File: chapters/ch09_files/figure-pdf/unnamed-chunk-52-1.pdf Graphic file (type pdf)
<use chapters/ch09_files/figure-pdf/unnamed-chunk-52-1.pdf>
[313]

LaTeX Warning: Reference `sec-dist-gamma' on page 314 undefined on input line 15349.

File: chapters/ch09_files/figure-pdf/unnamed-chunk-53-1.pdf Graphic file (type pdf)
<use chapters/ch09_files/figure-pdf/unnamed-chunk-53-1.pdf>
[314] [315]
File: chapters/ch09_files/figure-pdf/unnamed-chunk-60-1.pdf Graphic file (type pdf)
<use chapters/ch09_files/figure-pdf/unnamed-chunk-60-1.pdf>
[316] [317] [318]
File: chapters/ch09_files/figure-pdf/unnamed-chunk-62-1.pdf Graphic file (type pdf)
<use chapters/ch09_files/figure-pdf/unnamed-chunk-62-1.pdf>
[319]
File: chapters/ch09_files/figure-pdf/unnamed-chunk-64-1.pdf Graphic file (type pdf)
<use chapters/ch09_files/figure-pdf/unnamed-chunk-64-1.pdf>
[320] [321]
File: chapters/ch09_files/figure-pdf/unnamed-chunk-67-1.pdf Graphic file (type pdf)
<use chapters/ch09_files/figure-pdf/unnamed-chunk-67-1.pdf>
[322] [323] [324] [325]
File: chapters/ch09_files/figure-pdf/unnamed-chunk-68-1.pdf Graphic file (type pdf)
<use chapters/ch09_files/figure-pdf/unnamed-chunk-68-1.pdf>

Underfull \vbox (badness 4779) detected at line 16003
 []

[326]
File: chapters/ch09_files/figure-pdf/unnamed-chunk-69-1.pdf Graphic file (type pdf)
<use chapters/ch09_files/figure-pdf/unnamed-chunk-69-1.pdf>
[327]
Overfull \hbox (0.76176pt too wide) in paragraph at lines 16020--16021
[]\TU/Arial(0)/m/n/10 Distribution  
 []


Overfull \hbox (1.31352pt too wide) in paragraph at lines 16042--16042
[]|\TU/Arial(0)/m/n/10 Multinomial|  
 []

[328] [329]
Chapter 10.
[330

] [331]
File: chapters/ch10_files/figure-pdf/unnamed-chunk-6-1.pdf Graphic file (type pdf)
<use chapters/ch10_files/figure-pdf/unnamed-chunk-6-1.pdf>
[332]
File: chapters/ch10_files/figure-pdf/unnamed-chunk-7-1.pdf Graphic file (type pdf)
<use chapters/ch10_files/figure-pdf/unnamed-chunk-7-1.pdf>
[333]
Underfull \vbox (badness 10000) detected at line 16311
 []


Overfull \vbox (1.57582pt too high) detected at line 16311
 []

[334]
File: chapters/ch10_files/figure-pdf/unnamed-chunk-8-1.pdf Graphic file (type pdf)
<use chapters/ch10_files/figure-pdf/unnamed-chunk-8-1.pdf>
[335]
Underfull \vbox (badness 4193) detected at line 16375
 []

[336]
File: chapters/ch10_files/figure-pdf/unnamed-chunk-9-1.pdf Graphic file (type pdf)
<use chapters/ch10_files/figure-pdf/unnamed-chunk-9-1.pdf>
[337]
File: chapters/ch10_files/figure-pdf/unnamed-chunk-10-1.pdf Graphic file (type pdf)
<use chapters/ch10_files/figure-pdf/unnamed-chunk-10-1.pdf>
[338]
LaTeX Font Info:    Font shape `TU/Arial(0)/m/it' will be
(Font)              scaled to size 7.0pt on input line 16467.
[339] [340] [341]
File: chapters/ch10_files/figure-pdf/unnamed-chunk-19-1.pdf Graphic file (type pdf)
<use chapters/ch10_files/figure-pdf/unnamed-chunk-19-1.pdf>
[342] [343]
File: chapters/ch10_files/figure-pdf/unnamed-chunk-23-1.pdf Graphic file (type pdf)
<use chapters/ch10_files/figure-pdf/unnamed-chunk-23-1.pdf>
[344] [345]
Chapter 11.
File: chapters/ch11_files/figure-pdf/unnamed-chunk-1-1.pdf Graphic file (type pdf)
<use chapters/ch11_files/figure-pdf/unnamed-chunk-1-1.pdf>
[346

] [347]
File: chapters/ch11_files/figure-pdf/unnamed-chunk-2-1.pdf Graphic file (type pdf)
<use chapters/ch11_files/figure-pdf/unnamed-chunk-2-1.pdf>
[348]
! Missing } inserted.
<inserted text> 
                }
l.16899 ...variation is added to \(\log{(y_i\right
                                                  )}\). In the
I've inserted something that you may have forgotten.
(See the <inserted text> above.)
With luck, this will get me unwedged. But if you
really didn't forget anything, try typing `2' now; then
my insertion and my current dilemma will both disappear.

 
Here is how much of TeX's memory you used:
 23352 strings out of 469775
 470281 string characters out of 5465306
 1043798 words of memory out of 5000000
 51883 multiletter control sequences out of 15000+600000
 633868 words of font info for 131 fonts, out of 8000000 for 9000
 36 hyphenation exceptions out of 8191
 90i,10n,116p,1002b,665s stack positions out of 10000i,1000n,20000p,200000b,200000s
Output written on index.pdf (349 pages).
