grid,tag,sex,abb,mass,totlen,tail,foot,pinna
BART_015,NEON.MAM.D01.006039,F,NAIN,24,231,140,30,14
HARV_021,NEON.MAM.D01.0270,F,PEMA,24,158,87,21,13
BART_015,NEON.MAM.D01.3245,F,PEMA,17,166,88,21,18
HARV_010,NEON.MAM.D01.977981,F,MIPE,34,92,46,22,11
HARV_016,NEON.MAM.D01.L0003,M,PEMA,26,74,88,19,14
HARV_016,NEON.MAM.D01.L0004,M,PEMA,24,159,85,21,18
HARV_032,NEON.MAM.D01.L0037,M,PEMA,24,150,83,21,15
HARV_008,NEON.MAM.D01.L0039,M,PELE,16,146,73,20,15
HARV_008,NEON.MAM.D01.L0043,M,PELE,23,137,79,20,14
HARV_021,NEON.MAM.D01.L0102,M,PEMA,22,143,80,21,14
HARV_008,NEON.MAM.D01.L0106,M,PEMA,22,144,79,20,14
HARV_008,NEON.MAM.D01.L0109,M,PEMA,24,155,86,21,14
HARV_008,NEON.MAM.D01.L0111,F,PELE,25,177,95,20,15
HARV_021,NEON.MAM.D01.L0113,M,PELE,25,156,82,19,15
HARV_006,NEON.MAM.D01.L0115,M,PEMA,22,155,82,19,15
HARV_008,NEON.MAM.D01.L0119,M,PELE,20,137,82,20,15
HARV_001,NEON.MAM.D01.L0146,F,PEMA,24,164,88,21,17
HARV_032,NEON.MAM.D01.L0162,M,PEMA,21,152,86,20,14
HARV_032,NEON.MAM.D01.L0176,F,PELE,26,174,94,20,16
HARV_006,NEON.MAM.D01.L0177,F,PEMA,24,151,88,20,15
HARV_006,NEON.MAM.D01.L0179,M,PEMA,21,137,81,19,13
HARV_001,NEON.MAM.D01.L0192,M,PEMA,18,148,79,20,12
HARV_021,NEON.MAM.D01.L0193,F,PEMA,25,138,85,20,14
HARV_021,NEON.MAM.D01.L0195,F,PELE,29,168,82,21,15
HARV_006,NEON.MAM.D01.L0201,M,PEMA,21,147,80,20,15
HARV_001,NEON.MAM.D01.L0202,M,PEMA,25,156,83,20,16
HARV_008,NEON.MAM.D01.L0214,M,PELE,14,144,73,20,15
HARV_023,NEON.MAM.D01.L0220,M,PEMA,22,157,86,21,15
HARV_023,NEON.MAM.D01.L0221,M,PELE,23,158,84,20,16
HARV_001,NEON.MAM.D01.L0246,F,PEMA,25,161,82,19,18
HARV_008,NEON.MAM.D01.L0254,F,PELE,21,148,84,21,16
HARV_006,NEON.MAM.D01.L0256,F,PEMA,23,154,76,18,14
HARV_023,NEON.MAM.D01.L0258,M,NAIN,25,231,149,30,16
HARV_008,NEON.MAM.D01.L0263,M,PELE,18,148,73,20,14
HARV_021,NEON.MAM.D01.L0265,M,PEMA,26,121,81,19,12
HARV_021,NEON.MAM.D01.L0272,M,PEMA,22,156,75,19,13
HARV_001,NEON.MAM.D01.L0284,F,PELE,23,160,81,21,16
HARV_001,NEON.MAM.D01.L0287,M,PEMA,25,171,90,21,15
HARV_032,NEON.MAM.D01.L0294,F,PELE,25,145,85,19,12
HARV_032,NEON.MAM.D01.L0324,M,PEMA,21,158,80,21,15
HARV_008,NEON.MAM.D01.L0325,F,PELE,21,152,84,21,17
HARV_021,NEON.MAM.D01.L0331,F,PEMA,20,133,79,19,13
HARV_006,NEON.MAM.D01.L0337,M,PELE,18,152,74,20,15
HARV_006,NEON.MAM.D01.L0338,F,PELE,22,148,71,18,13
HARV_006,NEON.MAM.D01.L0339,M,PELE,27,144,86,19,17
HARV_006,NEON.MAM.D01.L0343,M,PEMA,30,157,86,20,16
HARV_021,NEON.MAM.D01.L0351,F,PEMA,21,143,80,19,13
HARV_014,NEON.MAM.D01.L0402,M,PELE,20,136,81,19,13
HARV_014,NEON.MAM.D01.L0409,F,PELE,21,148,85,19,13
BART_001,NEON.MAM.D01.L0438,M,PEMA,18,156,87,20,16
HARV_023,NEON.MAM.D01.L0481,M,PELE,24,137,80,20,14
BART_007,NEON.MAM.D01.L0613,M,PEMA,18,158,88,20,14
HARV_023,NEON.MAM.D01.L0658,F,PELE,26,152,84,21,16
BART_007,NEON.MAM.D01.L0678,M,PELE,25,165,75,22,14
BART_007,NEON.MAM.D01.L0681,F,PEMA,14,148,84,19,16
BART_007,NEON.MAM.D01.L0682,F,PEMA,20,165,88,21,17
BART_007,NEON.MAM.D01.L0687,M,PEMA,15,153,87,19,17
BART_084,NEON.MAM.D01.L0710,M,PEMA,22,155,82,19,15
HARV_021,NEON.MAM.D01.L0855,M,PEMA,27,144,79,20,16
HARV_021,NEON.MAM.D01.L1036,F,PELE,20,133,81,20,12
HARV_021,NEON.MAM.D01.L1048,M,PELE,24,167,86,22,15
HARV_021,NEON.MAM.D01.L1054,M,PELE,18,131,83,20,15
HARV_021,NEON.MAM.D01.L1055,F,PELE,18,153,74,20,16
HARV_021,NEON.MAM.D01.L1056,F,PELE,16,144,80,20,14
HARV_006,NEON.MAM.D01.L1064,M,PELE,26,113,86,19,14
HARV_023,NEON.MAM.D01.L1068,F,PELE,26,120,78,20,11
HARV_023,NEON.MAM.D01.L1096,M,PELE,25,155,84,21,14
BART_007,NEON.MAM.D01.L1137,F,PEMA,23,180,99,21,14
HARV_014,NEON.MAM.D01.L1143,M,PELE,22,150,77,20,14
HARV_008,NEON.MAM.D01.L1154,M,PELE,18,142,71,16,14
HARV_008,NEON.MAM.D01.L1157,M,PELE,16,140,79,20,14
HARV_008,NEON.MAM.D01.L1179,M,PELE,19,129,81,17,14
HARV_008,NEON.MAM.D01.L1180,M,PELE,26,150,74,20,15
HARV_008,NEON.MAM.D01.L1181,F,PELE,23,152,72,18,13
HARV_008,NEON.MAM.D01.L1185,M,PELE,23,152,80,19,15
HARV_008,NEON.MAM.D01.L1186,M,PELE,17,133,74,21,14
HARV_008,NEON.MAM.D01.L1190,M,PELE,18,136,78,20,15
HARV_008,NEON.MAM.D01.L1196,F,PELE,19,147,77,17,15
HARV_010,NEON.MAM.D01.L1235,M,PELE,28,152,80,21,15
HARV_001,NEON.MAM.D01.L1250,F,PELE,23,156,82,20,15
BART_007,NEON.MAM.D01.L1262,M,PELE,21,151,80,18,17
HARV_001,NEON.MAM.D01.L1263,F,PELE,15,135,81,18,13
HARV_001,NEON.MAM.D01.L1292,M,PELE,25,152,76,19,14
HARV_008,NEON.MAM.D01.L1424,M,PEMA,24,148,84,20,14
HARV_021,NEON.MAM.D01.L1504,F,PELE,23,147,84,20,14
HARV_008,NEON.MAM.D01.L1509,F,PEMA,23,155,87,20,15
HARV_021,NEON.MAM.D01.L1518,M,PELE,19,129,81,20,14
HARV_021,NEON.MAM.D01.L1523,M,PEMA,25,138,85,20,14
HARV_014,NEON.MAM.D01.L1533,M,PEMA,27,129,86,20,15
HARV_021,NEON.MAM.D01.L1569,M,PEMA,23,161,76,21,15
HARV_008,NEON.MAM.D01.L1574,M,PELE,18,145,77,19,14
HARV_023,NEON.MAM.D01.L1607,M,PELE,19,142,80,20,12
BART_007,NEON.MAM.D01.L1663,M,PEMA,20,155,88,20,16
HARV_023,NEON.MAM.D01.L1708,F,PELE,24,147,80,20,14
HARV_032,NEON.MAM.D01.L1714,M,PEMA,20,155,79,21,16
HARV_014,NEON.MAM.D01.L1727,M,PELE,28,142,77,19,13
BART_001,NEON.MAM.D01.L1731,F,PEMA,20,142,84,20,15
BART_001,NEON.MAM.D01.L1732,M,PEMA,16,159,86,20,12
BART_012,NEON.MAM.D01.L1743,M,PEMA,17,145,78,19,18
HARV_014,NEON.MAM.D01.L1750,M,PELE,21,157,77,20,15
HARV_008,NEON.MAM.D01.L1756,M,PEMA,27,148,84,21,14
BART_015,NEON.MAM.D01.L1802,M,PEMA,18,158,86,20,15
BART_015,NEON.MAM.D01.L1812,M,PEMA,18,153,85,19,15
BART_015,NEON.MAM.D01.L1813,M,PEMA,16,152,85,19,15
BART_012,NEON.MAM.D01.L1844,M,PEMA,17,152,88,18,13
BART_001,NEON.MAM.D01.L1914,F,PELE,20,171,94,20,15
HARV_001,NEON.MAM.D01.L1936,F,PELE,36,183,83,21,15
HARV_008,NEON.MAM.D01.L1941,M,PEMA,24,131,81,20,14
HARV_010,NEON.MAM.D01.L2035,F,PELE,31,128,78,20,14
HARV_010,NEON.MAM.D01.L2036,F,PELE,29,158,84,21,13
HARV_008,NEON.MAM.D01.L2043,F,PEMA,22,156,82,20,15
BART_015,NEON.MAM.D01.L2063,F,PEMA,22,157,80,20,19
HARV_023,NEON.MAM.D01.L2203,F,PEMA,16,139,70,20,14
HARV_021,NEON.MAM.D01.L2217,M,PEMA,26,137,10,20,15
HARV_021,NEON.MAM.D01.L2228,M,PELE,26,140,88,20,15
HARV_032,NEON.MAM.D01.L2251,F,PEMA,30,158,75,18,18
HARV_010,NEON.MAM.D01.L2300,F,PELE,28,152,79,20,16
HARV_008,NEON.MAM.D01.L2375,F,PEMA,28,135,74,20,14
HARV_008,NEON.MAM.D01.L2376,F,PEMA,31,170,82,21,16
HARV_008,NEON.MAM.D01.L2377,M,PEMA,26,151,74,20,15
HARV_008,NEON.MAM.D01.L2381,M,PEMA,28,140,73,19,14
HARV_023,NEON.MAM.D01.L2395,M,PEMA,28,123,82,20,13
HARV_008,NEON.MAM.D01.L2493,F,PEMA,26,149,88,20,15
HARV_032,NEON.MAM.D01.L2712,M,PEMA,23,152,78,20,16
HARV_008,NEON.MAM.D01.L2736,F,PEMA,21,155,80,20,16
HARV_023,NEON.MAM.D01.L2776,M,PEMA,25,156,77,20,15
HARV_006,NEON.MAM.D01.L2792,M,PEMA,22,158,88,20,17
HARV_008,NEON.MAM.D01.L2807,F,PEMA,23,157,75,20,15
BART_007,NEON.MAM.D01.L2813,M,PEMA,21,157,86,20,16
HARV_023,NEON.MAM.D01.L2824,M,PEMA,19,136,76,22,14
HARV_008,NEON.MAM.D01.L2827,F,PELE,17,141,74,19,15
HARV_006,NEON.MAM.D01.L2950,M,PEMA,18,138,65,18,14
HARV_006,NEON.MAM.D01.L2956,F,PEMA,23,145,69,20,15
HARV_010,NEON.MAM.D01.L2959,F,PEMA,24,166,88,21,16
HARV_010,NEON.MAM.D01.L2963,F,PEMA,17,157,85,20,15
HARV_010,NEON.MAM.D01.L2973,M,PEMA,22,154,78,20,15
HARV_010,NEON.MAM.D01.L3026,F,PELE,17,153,76,20,14
HARV_010,NEON.MAM.D01.L3031,F,PELE,27,156,90,21,14
HARV_023,NEON.MAM.D01.L3050,M,PEMA,17,153,75,21,15
BART_015,NEON.MAM.D01.L3111,M,PEMA,22,159,74,20,18
BART_084,NEON.MAM.D01.L3114,F,PEMA,17,158,77,20,15
BART_062,NEON.MAM.D01.L3124,M,PEMA,20,174,95,20,16
HARV_008,NEON.MAM.D01.L3128,M,PEMA,18,157,80,20,16
HARV_023,NEON.MAM.D01.L3143,M,PEMA,24,153,84,20,15
HARV_023,NEON.MAM.D01.L3195,M,PEMA,16,147,72,20,15
BART_062,NEON.MAM.D01.L3219,M,PEMA,13,139,84,19,14
BART_007,NEON.MAM.D01.L3231,F,PEMA,17,139,82,20,15
BART_062,NEON.MAM.D01.L3312,M,PEMA,16,137,82,20,15
HARV_021,NEON.MAM.D01.L3351,M,PEMA,15,156,85,18,16
BART_062,NEON.MAM.D01.L3359,M,PEMA,15,145,88,19,16
BART_062,NEON.MAM.D01.L3360,M,PEMA,15,161,86,20,16
BART_062,NEON.MAM.D01.L3361,M,PEMA,15,152,85,20,15
BART_062,NEON.MAM.D01.L3362,F,PEMA,18,164,96,20,16
BART_062,NEON.MAM.D01.L3364,M,PEMA,18,156,75,20,15
BART_062,NEON.MAM.D01.L3365,M,PEMA,21,164,87,21,17
BART_062,NEON.MAM.D01.L3366,M,PEMA,18,168,93,20,17
BART_062,NEON.MAM.D01.L3367,M,PEMA,14,131,81,20,15
BART_015,NEON.MAM.D01.L3399,F,PEMA,18,153,88,19,17
HARV_001,NEON.MAM.D01.L3513,F,PEMA,34,169,86,21,14
BART_062,NEON.MAM.D01.L3526,M,PEMA,16,157,88,20,18
BART_062,NEON.MAM.D01.L3531,F,PELE,29,156,89,20,16
BART_062,NEON.MAM.D01.L3538,M,PELE,18,145,70,20,18
BART_062,NEON.MAM.D01.L3542,M,PELE,15,135,70,19,17
BART_062,NEON.MAM.D01.L3546,M,PEMA,16,129,67,13,10
BART_012,NEON.MAM.D01.L3550,M,PEMA,17,160,88,20,14
BART_012,NEON.MAM.D01.L3551,M,PEMA,16,138,80,19,15
BART_012,NEON.MAM.D01.L3557,M,PEMA,15,147,84,20,14
BART_062,NEON.MAM.D01.L3560,M,PEMA,17,153,85,19,15
BART_012,NEON.MAM.D01.L3561,F,PEMA,19,151,81,21,17
BART_012,NEON.MAM.D01.L3564,F,PEMA,16,153,78,20,15
HARV_021,NEON.MAM.D01.L3623,M,PELE,27,159,86,21,16
HARV_010,NEON.MAM.D01.L3793,M,PEMA,23,151,78,19,15
HARV_021,NEON.MAM.D01.L3796,M,PEMA,19,155,80,21,15
BART_001,NEON.MAM.D01.L3812,F,PELE,21,148,73,18,14
HARV_001,NEON.MAM.D01.L3814,F,PELE,18,156,75,20,15
HARV_006,NEON.MAM.D01.L3820,F,PELE,19,162,87,22,14
BART_062,NEON.MAM.D01.L3977,M,PEMA,19,156,80,20,16
BART_062,NEON.MAM.D01.L3978,M,PELE,19,154,80,21,17
BART_062,NEON.MAM.D01.L3983,M,PELE,17,148,73,20,16
HARV_008,NEON.MAM.D01.L4023,F,PEMA,24,156,85,29,16
BART_012,NEON.MAM.D01.L4054,M,PEMA,18,143,75,22,14
BART_007,NEON.MAM.D01.L4077,M,PELE,27,168,93,20,16
HARV_023,NEON.MAM.D01.L4080,F,PEMA,14,145,66,20,16
BART_012,NEON.MAM.D01.L4081,F,PEMA,16,139,66,18,14
HARV_008,NEON.MAM.D01.L4123,F,PEMA,20,153,73,21,15
HARV_023,NEON.MAM.D01.L4162,F,PEMA,20,151,75,20,14
HARV_023,NEON.MAM.D01.L4184,M,PELE,23,154,79,20,15
HARV_008,NEON.MAM.D01.L4215,M,PEMA,17,134,65,20,15
HARV_008,NEON.MAM.D01.L4223,F,PELE,19,154,75,20,16
HARV_023,NEON.MAM.D01.L4294,M,PEMA,22,162,91,20,15
BART_062,NEON.MAM.D01.L4307,F,PEMA,15,143,65,22,15
BART_001,NEON.MAM.D01.L4354,F,PELE,22,151,67,20,16
BART_015,NEON.MAM.D01.L4366,F,PELE,18,149,88,20,16
BART_012,NEON.MAM.D01.L4367,M,PELE,24,155,80,20,15
BART_062,NEON.MAM.D01.L4371,F,PELE,28,150,76,20,15
HARV_001,NEON.MAM.D01.L4457,M,PELE,17,153,75,20,14
HARV_008,NEON.MAM.D01.L4606,M,PEMA,18,145,75,19,15
HARV_023,NEON.MAM.D01.L4612,M,PEMA,19,147,71,20,15
HARV_023,NEON.MAM.D01.L4648,F,PELE,20,146,87,20,14
HARV_023,NEON.MAM.D01.L4649,M,PELE,22,145,85,20,14
BART_001,NEON.MAM.D01.L4660,F,PEMA,12,150,87,19,17
BART_012,NEON.MAM.D01.L4686,M,PEMA,24,187,102,21,18
BART_001,NEON.MAM.D01.L4782,M,PELE,16,145,70,19,16
HARV_021,NEON.MAM.D01.L4842,M,PELE,18,150,82,21,16
HARV_021,NEON.MAM.D01.L4847,F,PEMA,23,143,77,21,14
HARV_021,NEON.MAM.D01.L4848,F,PELE,18,152,78,20,14
HARV_006,NEON.MAM.D01.L4865,M,PELE,20,155,75,21,15
BART_012,NEON.MAM.D01.L5167,M,PEMA,20,156,74,21,18
HARV_023,NEON.MAM.D01.L5218,M,PELE,24,156,89,20,15
HARV_021,NEON.MAM.D01.L5299,F,MIPE,35,124,20,19,11
BART_001,NEON.MAM.D01.L5393,F,PEMA,17,166,92,21,18
HARV_021,NEON.MAM.D01.L5656,M,PELE,21,165,85,22,18
HARV_008,NEON.MAM.D01.L5779,F,PELE,21,157,77,20,15
HARV_021,NEON.MAM.D01.L5875,M,PELE,20,157,76,20,16
HARV_023,NEON.MAM.D01.L5878,M,PELE,24,159,79,21,17
BART_015,NEON.MAM.D01.L6004,M,PEMA,22,157,84,21,16
HARV_021,NEON.MAM.D01.L6124,M,PELE,18,149,72,21,17
BART_084,NEON.MAM.D01.L6342,F,PEMA,21,177,97,24,15
HARV_023,NEON.MAM.D01.L6510,F,PELE,24,170,90,21,15
BART_012,NEON.MAM.D01.L6680,M,PEMA,22,179,98,20,18
BART_012,NEON.MAM.D01.L6793,M,PEMA,21,182,103,21,18
HARV_010,NEON.MAM.D01.L6886,F,PELE,25,165,85,21,15
BART_015,NEON.MAM.D01.L7124,F,NAIN,25,231,143,28,13
BART_012,NEON.MAM.D01.L7129,F,NAIN,25,231,140,31,17
BART_015,NEON.MAM.D01.L8145,M,PEMA,20,177,101,21,17
BART_015,NEON.MAM.D01.L8274,M,PEMA,16,171,102,20,18
BART_084,NEON.MAM.D01.L8404,F,PEMA,22,158,82,17,16
BART_084,NEON.MAM.D01.L8417,M,PELE,18,133,46,21,15
HARV_023,NEON.MAM.D01.LO658,F,PEMA,28,123,82,20,13
BART_001,NEON.MAM.D01.O001C520210813,M,PEMA,17,150,78,20,19
HARV_001,NEON.MAM.D01.O001H520201015,M,PELE,20,144,72,19,15
HARV_008,NEON.MAM.D01.O008A320180710,M,PELE,27,152,79,20,19
BART_015,NEON.MAM.D01.O015H1020150717,M,PELE,22,151,80,21,13
BART_015,NEON.MAM.D01.O015H1020220628,M,NAIN,20,231,149,32,15
HARV_021,NEON.MAM.D01.O021F120140723,M,PELE,26,168,90,21,16
BART_062,NEON.MAM.D01.O062I320180815,M,PELE,16,150,75,20,17
BART_007,NEON.MAM.D01.OO100,M,PELE,18,137,76,21,13
BART_001,NEON.MAM.D01.OR2552,M,PEMA,17,170,95,21,15
BART_062,NEON.MAM.D01.OR2791,M,PEMA,16,156,88,20,17
HARV_023,NEON.MAM.D01.R0018,M,PELE,23,160,78,20,16
BART_007,NEON.MAM.D01.R0031,F,PELE,23,146,89,17,14
HARV_008,NEON.MAM.D01.R0032,F,PEMA,19,156,75,20,11
BART_015,NEON.MAM.D01.R0034,M,PEMA,20,174,96,20,16
HARV_008,NEON.MAM.D01.R0050,M,PELE,18,146,80,20,14
HARV_032,NEON.MAM.D01.R0055,F,PELE,24,147,78,16,14
HARV_021,NEON.MAM.D01.R0058,F,PELE,20,137,78,19,14
HARV_023,NEON.MAM.D01.R0062,M,PELE,22,140,82,20,14
HARV_021,NEON.MAM.D01.R0068,M,PELE,24,158,84,20,16
HARV_023,NEON.MAM.D01.R0072,F,PEMA,22,154,83,22,14
HARV_006,NEON.MAM.D01.R0073,F,PELE,19,146,75,18,12
HARV_021,NEON.MAM.D01.R0076,M,PEMA,23,153,80,20,15
HARV_008,NEON.MAM.D01.R0077,M,PELE,24,150,74,20,13
HARV_023,NEON.MAM.D01.R0080,F,PEMA,16,143,72,19,13
HARV_023,NEON.MAM.D01.R0084,M,PELE,17,153,76,20,11
HARV_008,NEON.MAM.D01.R0087,F,PELE,24,151,86,20,15
HARV_008,NEON.MAM.D01.R0089,M,PELE,24,162,82,21,16
HARV_006,NEON.MAM.D01.R0090,M,PELE,26,136,73,20,13
HARV_008,NEON.MAM.D01.R0091,M,PEMA,17,153,74,20,12
HARV_008,NEON.MAM.D01.R0092,M,PELE,24,163,88,21,16
HARV_023,NEON.MAM.D01.R0096,M,PELE,20,142,76,20,15
HARV_001,NEON.MAM.D01.R0100,M,PELE,18,131,63,20,14
HARV_001,NEON.MAM.D01.R0134,M,PELE,17,156,80,20,15
HARV_014,NEON.MAM.D01.R0135,M,PELE,24,164,93,18,16
BART_015,NEON.MAM.D01.R0138,M,PEMA,17,139,82,20,15
HARV_021,NEON.MAM.D01.R0152,M,PELE,22,159,80,20,18
HARV_021,NEON.MAM.D01.R0153,F,PELE,27,168,92,21,13
HARV_021,NEON.MAM.D01.R0156,F,PELE,17,138,71,18,11
HARV_014,NEON.MAM.D01.R0157,M,PELE,19,130,72,21,14
HARV_014,NEON.MAM.D01.R0158,M,PELE,25,144,79,16,14
BART_015,NEON.MAM.D01.R0181,M,PEMA,18,156,85,18,14
BART_015,NEON.MAM.D01.R0185,F,PEMA,15,150,87,20,14
HARV_021,NEON.MAM.D01.R0208,M,PELE,25,131,88,20,14
HARV_008,NEON.MAM.D01.R0215,M,PELE,22,157,88,21,14
HARV_006,NEON.MAM.D01.R0218,F,PELE,29,123,82,20,14
BART_015,NEON.MAM.D01.R0229,M,PEMA,21,151,84,20,12
BART_007,NEON.MAM.D01.R0232,F,PELE,19,155,86,18,11
HARV_008,NEON.MAM.D01.R0234,F,PEMA,17,144,69,20,13
HARV_006,NEON.MAM.D01.R0239,M,PELE,18,139,70,20,12
HARV_014,NEON.MAM.D01.R0244,M,PELE,15,138,78,18,12
HARV_008,NEON.MAM.D01.R0247,F,PEMA,22,143,70,20,12
HARV_008,NEON.MAM.D01.R0260,M,PELE,14,131,59,19,13
HARV_023,NEON.MAM.D01.R0276,M,PELE,27,163,83,22,12
HARV_023,NEON.MAM.D01.R0292,M,PELE,21,167,88,21,15
HARV_008,NEON.MAM.D01.R0310,F,PELE,20,153,75,20,13
HARV_008,NEON.MAM.D01.R0311,F,PEMA,20,141,80,18,13
HARV_001,NEON.MAM.D01.R0315,F,PELE,20,140,79,20,13
HARV_023,NEON.MAM.D01.R0321,F,PELE,23,155,75,20,12
HARV_021,NEON.MAM.D01.R0335,F,PELE,27,136,90,19,14
BART_001,NEON.MAM.D01.R0344,F,PEMA,26,141,85,19,15
BART_001,NEON.MAM.D01.R0354,M,PELE,20,159,90,20,15
HARV_032,NEON.MAM.D01.R0358,F,PELE,16,144,74,19,10
HARV_032,NEON.MAM.D01.R0361,M,PELE,20,148,76,19,12
HARV_014,NEON.MAM.D01.R0365,F,PELE,23,143,78,21,14
HARV_021,NEON.MAM.D01.R0370,M,PELE,20,148,88,20,11
HARV_021,NEON.MAM.D01.R0371,F,PELE,29,134,90,20,14
HARV_021,NEON.MAM.D01.R0372,F,PELE,30,130,80,20,13
HARV_032,NEON.MAM.D01.R0374,F,PELE,27,136,80,20,15
HARV_032,NEON.MAM.D01.R0377,M,PELE,27,146,85,19,16
HARV_023,NEON.MAM.D01.R0380,F,PELE,20,139,78,19,12
HARV_001,NEON.MAM.D01.R0383,M,PELE,18,137,80,18,13
HARV_001,NEON.MAM.D01.R0385,F,PELE,24,148,85,20,15
HARV_001,NEON.MAM.D01.R0388,M,PEMA,24,150,85,21,14
HARV_001,NEON.MAM.D01.R0390,M,PELE,20,140,80,19,11
HARV_021,NEON.MAM.D01.R0396,M,PELE,25,166,89,21,15
HARV_021,NEON.MAM.D01.R0398,M,PELE,29,161,86,21,15
HARV_001,NEON.MAM.D01.R0403,M,PEMA,16,145,75,19,14
BART_012,NEON.MAM.D01.R0404,F,PEMA,18,156,85,19,16
HARV_032,NEON.MAM.D01.R0418,M,PELE,19,135,78,19,15
BART_015,NEON.MAM.D01.R0419,F,PEMA,15,164,90,21,17
BART_012,NEON.MAM.D01.R0424,F,PELE,18,156,90,19,14
HARV_001,NEON.MAM.D01.R0435,F,PELE,22,151,84,20,14
BART_001,NEON.MAM.D01.R0437,M,PEMA,13,148,79,20,16
BART_001,NEON.MAM.D01.R0438,M,PELE,18,161,86,20,16
BART_001,NEON.MAM.D01.R0439,M,PEMA,13,127,49,20,15
BART_001,NEON.MAM.D01.R0440,F,PEMA,18,156,85,20,15
BART_012,NEON.MAM.D01.R0447,M,PEMA,14,154,86,20,14
BART_001,NEON.MAM.D01.R0448,F,PEMA,14,148,80,20,15
HARV_023,NEON.MAM.D01.R0461,M,PELE,23,161,86,20,15
HARV_006,NEON.MAM.D01.R0462,M,PEMA,18,127,64,16,11
HARV_006,NEON.MAM.D01.R0472,M,PELE,27,123,81,19,12
HARV_023,NEON.MAM.D01.R0479,F,PELE,20,149,83,21,15
BART_012,NEON.MAM.D01.R0485,M,PEMA,17,161,89,20,16
BART_001,NEON.MAM.D01.R0488,F,PEMA,13,125,85,21,14
BART_001,NEON.MAM.D01.R0489,M,PEMA,15,132,54,20,16
BART_001,NEON.MAM.D01.R0490,M,PEMA,21,153,83,20,16
BART_001,NEON.MAM.D01.R0494,F,PELE,21,175,95,20,15
BART_001,NEON.MAM.D01.R0506,M,PEMA,18,156,85,20,15
BART_001,NEON.MAM.D01.R0507,F,PEMA,19,159,88,20,16
BART_001,NEON.MAM.D01.R0508,M,PEMA,18,163,85,21,15
BART_001,NEON.MAM.D01.R0514,M,PELE,20,174,95,18,18
BART_012,NEON.MAM.D01.R0516,M,PEMA,18,149,85,21,13
BART_007,NEON.MAM.D01.R0524,F,PELE,21,172,94,19,12
BART_015,NEON.MAM.D01.R0534,F,PELE,20,174,96,20,16
BART_015,NEON.MAM.D01.R0536,M,PELE,24,149,85,21,14
BART_015,NEON.MAM.D01.R0540,F,PEMA,18,137,81,20,11
BART_015,NEON.MAM.D01.R0541,F,PEMA,16,160,91,20,16
BART_062,NEON.MAM.D01.R0542,F,PELE,21,159,89,20,16
HARV_014,NEON.MAM.D01.R0546,M,PELE,18,143,74,19,15
BART_012,NEON.MAM.D01.R0555,F,PELE,20,155,91,18,15
BART_062,NEON.MAM.D01.R0557,F,PEMA,17,148,82,20,16
BART_062,NEON.MAM.D01.R0560,M,PEMA,17,160,88,20,13
BART_062,NEON.MAM.D01.R0566,M,PEMA,17,157,90,19,15
BART_012,NEON.MAM.D01.R0567,M,PEMA,17,151,84,21,16
BART_012,NEON.MAM.D01.R0573,F,PEMA,18,155,92,19,15
BART_015,NEON.MAM.D01.R0582,M,PEMA,13,133,82,19,15
BART_062,NEON.MAM.D01.R0585,F,PEMA,15,146,82,19,16
BART_062,NEON.MAM.D01.R0586,F,PELE,21,150,83,18,14
HARV_023,NEON.MAM.D01.R0595,M,PEMA,17,145,77,18,13
HARV_006,NEON.MAM.D01.R0599,F,PELE,15,143,71,20,13
HARV_006,NEON.MAM.D01.R0600,M,PELE,22,157,75,20,12
BART_001,NEON.MAM.D01.R0610,M,PEMA,16,163,96,21,14
BART_007,NEON.MAM.D01.R0614,M,PEMA,19,170,100,20,15
BART_012,NEON.MAM.D01.R0615,M,PEMA,15,138,83,20,14
BART_012,NEON.MAM.D01.R0616,F,PEMA,15,165,92,20,14
BART_001,NEON.MAM.D01.R0619,M,PEMA,17,156,85,18,14
HARV_010,NEON.MAM.D01.R0624,M,PELE,18,151,87,19,13
BART_001,NEON.MAM.D01.R0626,F,PELE,23,145,80,20,14
HARV_006,NEON.MAM.D01.R0630,M,PELE,26,165,86,21,15
HARV_023,NEON.MAM.D01.R0632,F,PEMA,20,141,69,18,12
HARV_023,NEON.MAM.D01.R0638,M,PELE,19,150,73,20,14
HARV_023,NEON.MAM.D01.R0641,M,PEMA,20,121,82,21,14
HARV_006,NEON.MAM.D01.R0643,F,PEMA,20,167,87,21,15
HARV_006,NEON.MAM.D01.R0647,F,PEMA,17,131,67,18,11
HARV_023,NEON.MAM.D01.R0654,M,PELE,18,156,75,20,15
HARV_023,NEON.MAM.D01.R0656,F,PELE,21,161,85,21,15
HARV_006,NEON.MAM.D01.R0659,F,PEMA,20,147,85,20,13
HARV_023,NEON.MAM.D01.R0662,F,PEMA,18,120,82,21,14
HARV_006,NEON.MAM.D01.R0672,M,PELE,20,140,83,20,14
BART_007,NEON.MAM.D01.R0679,M,PEMA,17,160,89,20,15
BART_007,NEON.MAM.D01.R0686,M,PEMA,16,167,92,21,16
BART_007,NEON.MAM.D01.R0689,F,PEMA,21,175,93,20,15
BART_007,NEON.MAM.D01.R0691,F,PEMA,15,154,86,19,16
HARV_021,NEON.MAM.D01.R0693,F,PELE,19,138,80,19,12
BART_084,NEON.MAM.D01.R0705,M,PEMA,18,148,72,20,15
BART_015,NEON.MAM.D01.R0711,F,PEMA,15,151,84,20,16
BART_062,NEON.MAM.D01.R0733,F,PEMA,18,147,74,20,15
BART_062,NEON.MAM.D01.R0738,M,PEMA,20,160,92,20,16
BART_062,NEON.MAM.D01.R0750,M,PEMA,18,153,88,20,16
BART_015,NEON.MAM.D01.R0755,F,PEMA,14,150,80,20,15
HARV_023,NEON.MAM.D01.R0765,F,PEMA,24,154,83,20,15
HARV_008,NEON.MAM.D01.R0766,M,PEMA,19,149,78,20,14
HARV_008,NEON.MAM.D01.R0767,M,PEMA,21,167,88,21,15
BART_015,NEON.MAM.D01.R0785,F,PEMA,14,152,86,20,16
HARV_001,NEON.MAM.D01.R0801,F,PEMA,25,151,82,20,15
HARV_021,NEON.MAM.D01.R0802,F,PELE,22,147,86,20,14
HARV_021,NEON.MAM.D01.R0803,M,PELE,19,156,78,20,14
HARV_008,NEON.MAM.D01.R0805,M,PEMA,20,152,75,18,15
HARV_021,NEON.MAM.D01.R0806,F,PELE,22,156,85,19,15
HARV_001,NEON.MAM.D01.R0807,M,PEMA,21,153,78,20,15
HARV_021,NEON.MAM.D01.R0808,F,PELE,20,149,79,19,16
HARV_032,NEON.MAM.D01.R0809,M,PEMA,26,165,84,21,15
HARV_001,NEON.MAM.D01.R0811,M,PEMA,21,143,80,20,14
HARV_010,NEON.MAM.D01.R0812,M,PEMA,25,157,80,20,16
HARV_001,NEON.MAM.D01.R0813,M,PEMA,26,141,83,20,15
HARV_023,NEON.MAM.D01.R0814,M,PEMA,21,148,74,21,13
HARV_001,NEON.MAM.D01.R0816,F,PEMA,26,168,91,21,16
HARV_032,NEON.MAM.D01.R0819,F,PELE,22,151,78,20,14
HARV_001,NEON.MAM.D01.R0823,M,PEMA,20,145,76,19,14
HARV_021,NEON.MAM.D01.R0824,F,PEMA,27,112,85,20,14
HARV_014,NEON.MAM.D01.R0827,M,PEMA,27,167,86,22,15
HARV_014,NEON.MAM.D01.R0828,M,PELE,25,167,83,21,15
HARV_014,NEON.MAM.D01.R0830,F,PELE,24,164,78,21,16
HARV_014,NEON.MAM.D01.R0831,M,PEMA,28,164,76,21,15
HARV_014,NEON.MAM.D01.R0832,M,PELE,21,155,80,20,16
HARV_014,NEON.MAM.D01.R0833,M,PEMA,21,141,80,21,14
HARV_014,NEON.MAM.D01.R0834,M,PELE,23,153,74,20,14
HARV_014,NEON.MAM.D01.R0838,M,PEMA,24,153,87,21,14
HARV_014,NEON.MAM.D01.R0839,F,PELE,26,150,86,20,16
HARV_014,NEON.MAM.D01.R0840,F,PELE,24,154,82,19,16
HARV_014,NEON.MAM.D01.R0841,M,PEMA,24,152,78,20,15
HARV_014,NEON.MAM.D01.R0842,M,PELE,21,150,86,20,15
HARV_001,NEON.MAM.D01.R0843,F,PELE,26,141,84,20,15
HARV_001,NEON.MAM.D01.R0846,F,PELE,22,145,78,20,14
HARV_008,NEON.MAM.D01.R0849,M,PEMA,22,145,85,20,14
HARV_001,NEON.MAM.D01.R0850,F,PEMA,24,168,79,22,16
HARV_021,NEON.MAM.D01.R0853,M,PEMA,20,149,76,20,13
HARV_001,NEON.MAM.D01.R0854,F,PEMA,26,136,81,20,15
HARV_001,NEON.MAM.D01.R0856,F,PEMA,22,151,90,19,14
HARV_014,NEON.MAM.D01.R0862,M,PEMA,30,157,87,20,16
HARV_001,NEON.MAM.D01.R0863,F,PELE,29,160,90,20,16
HARV_014,NEON.MAM.D01.R0864,F,PEMA,29,163,95,19,14
HARV_001,NEON.MAM.D01.R0865,F,PEMA,23,152,79,19,15
HARV_001,NEON.MAM.D01.R0866,F,PELE,22,146,80,19,14
HARV_001,NEON.MAM.D01.R0870,M,PEMA,18,129,81,20,15
HARV_001,NEON.MAM.D01.R0872,M,PEMA,21,137,83,20,14
HARV_001,NEON.MAM.D01.R0873,F,PEMA,25,157,78,20,16
HARV_001,NEON.MAM.D01.R0875,M,PELE,32,178,79,21,16
HARV_021,NEON.MAM.D01.R0876,M,PELE,22,161,80,21,15
HARV_001,NEON.MAM.D01.R0878,F,PELE,23,154,76,20,14
HARV_008,NEON.MAM.D01.R0881,M,PEMA,22,139,81,20,14
HARV_008,NEON.MAM.D01.R0884,F,PELE,30,172,88,22,15
HARV_001,NEON.MAM.D01.R0885,F,PELE,23,157,83,20,16
HARV_001,NEON.MAM.D01.R0886,F,PEMA,20,149,71,21,15
HARV_021,NEON.MAM.D01.R0887,M,PEMA,22,157,77,20,15
HARV_001,NEON.MAM.D01.R0890,F,PELE,27,158,72,21,13
HARV_001,NEON.MAM.D01.R0894,M,PEMA,22,146,86,20,14
HARV_014,NEON.MAM.D01.R0896,F,PEMA,24,172,90,21,15
BART_015,NEON.MAM.D01.R0905,M,PEMA,16,163,94,19,15
BART_015,NEON.MAM.D01.R0909,M,PEMA,18,159,88,20,16
BART_015,NEON.MAM.D01.R0915,F,PEMA,15,148,88,20,17
BART_015,NEON.MAM.D01.R0918,M,PEMA,16,155,86,19,16
BART_084,NEON.MAM.D01.R0920,F,PEMA,16,144,71,20,15
BART_084,NEON.MAM.D01.R0921,M,PEMA,22,155,88,20,15
BART_062,NEON.MAM.D01.R0926,F,PEMA,14,142,80,20,15
BART_007,NEON.MAM.D01.R0927,M,NAIN,26,231,140,29,14
BART_007,NEON.MAM.D01.R0928,M,NAIN,24,231,152,29,12
BART_007,NEON.MAM.D01.R0930,F,PEMA,24,153,87,20,16
BART_007,NEON.MAM.D01.R0933,M,NAIN,27,231,152,30,14
HARV_023,NEON.MAM.D01.R0936,M,PEMA,25,156,74,20,15
BART_007,NEON.MAM.D01.R0937,M,NAIN,21,231,140,29,13
BART_007,NEON.MAM.D01.R0938,F,NAIN,22,231,145,29,13
BART_007,NEON.MAM.D01.R0939,M,NAIN,24,231,138,29,13
BART_007,NEON.MAM.D01.R0940,M,PEMA,25,168,75,21,15
HARV_008,NEON.MAM.D01.R0942,M,PEMA,22,150,72,20,15
BART_007,NEON.MAM.D01.R0943,F,NAIN,23,231,35,30,14
BART_062,NEON.MAM.D01.R0960,F,PELE,21,153,76,19,16
BART_007,NEON.MAM.D01.R0961,M,NAIN,27,231,143,30,15
BART_062,NEON.MAM.D01.R0962,F,PEMA,17,169,94,20,16
HARV_008,NEON.MAM.D01.R0965,M,PEMA,19,159,77,20,15
BART_007,NEON.MAM.D01.R0968,F,PEMA,20,145,80,20,15
BART_007,NEON.MAM.D01.R0970,F,PEMA,19,156,85,20,14
BART_062,NEON.MAM.D01.R0972,F,PEMA,18,142,84,19,16
BART_007,NEON.MAM.D01.R0973,M,PEMA,23,147,70,19,14
BART_007,NEON.MAM.D01.R0978,F,PEMA,22,180,102,21,17
BART_007,NEON.MAM.D01.R0980,M,NAIN,19,231,145,30,14
BART_007,NEON.MAM.D01.R0982,F,PEMA,24,155,75,20,15
BART_007,NEON.MAM.D01.R0983,F,NAIN,19,231,142,30,13
BART_007,NEON.MAM.D01.R0985,M,NAIN,26,231,145,30,14
BART_007,NEON.MAM.D01.R0986,M,NAIN,22,231,140,29,14
BART_007,NEON.MAM.D01.R0987,F,NAIN,24,231,145,27,11
BART_007,NEON.MAM.D01.R0988,F,NAIN,23,231,150,30,13
BART_007,NEON.MAM.D01.R0989,M,PEMA,23,153,77,19,15
BART_084,NEON.MAM.D01.R0996,F,PELE,23,150,82,20,15
BART_007,NEON.MAM.D01.R1001,M,PELE,20,171,97,19,12
BART_007,NEON.MAM.D01.R1004,M,PELE,20,138,80,18,13
HARV_023,NEON.MAM.D01.R1017,F,PEMA,25,158,87,20,16
BART_007,NEON.MAM.D01.R1020,F,PELE,20,154,85,21,12
HARV_014,NEON.MAM.D01.R1023,M,PELE,15,141,72,19,15
BART_007,NEON.MAM.D01.R1030,F,PELE,19,138,83,18,15
BART_007,NEON.MAM.D01.R1031,M,PELE,30,133,83,20,13
BART_007,NEON.MAM.D01.R1032,F,PELE,24,140,83,20,13
HARV_006,NEON.MAM.D01.R1038,F,PELE,17,142,73,18,10
HARV_021,NEON.MAM.D01.R1039,F,PELE,24,155,88,20,15
HARV_006,NEON.MAM.D01.R1041,M,PELE,21,145,88,20,12
HARV_006,NEON.MAM.D01.R1042,M,PELE,17,156,77,20,14
HARV_023,NEON.MAM.D01.R1043,F,PELE,18,138,78,20,13
HARV_006,NEON.MAM.D01.R1044,M,PELE,17,145,71,20,15
HARV_006,NEON.MAM.D01.R1045,M,PELE,17,142,77,21,12
HARV_006,NEON.MAM.D01.R1047,F,PELE,20,77,77,21,14
HARV_021,NEON.MAM.D01.R1052,F,PELE,20,165,88,21,17
HARV_021,NEON.MAM.D01.R1053,F,PELE,22,164,91,21,14
HARV_021,NEON.MAM.D01.R1057,M,PELE,23,165,88,21,17
HARV_006,NEON.MAM.D01.R1059,M,PELE,20,152,74,18,12
HARV_006,NEON.MAM.D01.R1061,M,PELE,19,129,81,20,14
HARV_006,NEON.MAM.D01.R1062,M,PELE,20,144,70,19,14
HARV_006,NEON.MAM.D01.R1063,M,PELE,22,142,69,19,15
HARV_006,NEON.MAM.D01.R1066,F,PELE,17,140,73,19,14
HARV_014,NEON.MAM.D01.R1071,F,PELE,16,141,78,17,12
HARV_014,NEON.MAM.D01.R1074,M,PEMA,20,149,85,20,12
HARV_014,NEON.MAM.D01.R1077,M,PELE,16,146,74,18,12
HARV_014,NEON.MAM.D01.R1082,M,PELE,24,159,85,21,17
HARV_006,NEON.MAM.D01.R1085,F,PELE,17,141,70,22,14
HARV_023,NEON.MAM.D01.R1086,F,PELE,18,155,75,20,13
HARV_023,NEON.MAM.D01.R1088,M,PELE,21,148,73,19,14
HARV_021,NEON.MAM.D01.R1090,M,PELE,20,163,84,22,19
HARV_006,NEON.MAM.D01.R1092,M,PELE,18,150,73,21,15
HARV_023,NEON.MAM.D01.R1097,M,PELE,21,141,81,20,15
HARV_008,NEON.MAM.D01.R1106,F,PELE,24,154,79,20,16
BART_007,NEON.MAM.D01.R1110,F,PEMA,20,168,93,20,15
BART_015,NEON.MAM.D01.R1112,M,PEMA,15,139,82,19,14
BART_015,NEON.MAM.D01.R1116,F,PEMA,17,157,89,19,12
BART_015,NEON.MAM.D01.R1118,M,PEMA,18,156,90,21,14
BART_015,NEON.MAM.D01.R1119,F,PEMA,18,169,98,20,16
HARV_032,NEON.MAM.D01.R1126,M,PELE,22,151,82,19,14
HARV_032,NEON.MAM.D01.R1127,M,PELE,20,137,80,20,14
HARV_001,NEON.MAM.D01.R1135,M,PELE,22,157,80,18,16
HARV_001,NEON.MAM.D01.R1138,M,PELE,20,128,81,19,13
HARV_008,NEON.MAM.D01.R1139,M,PELE,19,145,80,20,13
HARV_008,NEON.MAM.D01.R1140,M,PELE,24,147,78,19,14
HARV_021,NEON.MAM.D01.R1146,M,PELE,20,145,71,18,15
HARV_014,NEON.MAM.D01.R1147,M,PELE,21,149,78,18,13
HARV_032,NEON.MAM.D01.R1150,F,PELE,22,155,82,20,15
HARV_008,NEON.MAM.D01.R1156,M,PELE,18,154,75,20,14
HARV_008,NEON.MAM.D01.R1172,M,PELE,21,146,70,20,12
BART_012,NEON.MAM.D01.R1173,M,PELE,17,144,77,19,14
HARV_008,NEON.MAM.D01.R1175,F,PELE,20,139,78,19,12
BART_015,NEON.MAM.D01.R1177,M,PEMA,21,174,95,20,14
BART_015,NEON.MAM.D01.R1178,M,PEMA,16,155,88,20,16
HARV_008,NEON.MAM.D01.R1183,F,PELE,18,131,80,21,14
HARV_008,NEON.MAM.D01.R1184,M,PELE,20,130,79,21,14
HARV_008,NEON.MAM.D01.R1187,M,PELE,21,148,88,20,14
HARV_021,NEON.MAM.D01.R1189,F,PELE,22,157,75,19,12
HARV_008,NEON.MAM.D01.R1193,M,PELE,28,155,90,22,14
BART_015,NEON.MAM.D01.R1198,M,PEMA,16,137,82,18,15
BART_015,NEON.MAM.D01.R1200,M,PEMA,17,164,91,20,14
HARV_008,NEON.MAM.D01.R1220,M,PELE,22,141,58,20,16
HARV_008,NEON.MAM.D01.R1224,M,PELE,20,143,80,13,15
HARV_001,NEON.MAM.D01.R1230,M,PEMA,20,148,74,18,14
HARV_006,NEON.MAM.D01.R1235,M,PEMA,20,141,84,20,15
HARV_010,NEON.MAM.D01.R1238,F,PELE,27,119,88,20,14
HARV_001,NEON.MAM.D01.R1249,M,PELE,19,148,80,20,15
HARV_010,NEON.MAM.D01.R1251,M,PELE,22,139,82,21,14
HARV_010,NEON.MAM.D01.R1252,M,PELE,23,143,77,21,14
HARV_010,NEON.MAM.D01.R1255,M,PELE,22,146,80,19,14
HARV_021,NEON.MAM.D01.R1260,M,PELE,22,143,82,20,14
HARV_006,NEON.MAM.D01.R1264,M,PELE,17,139,68,19,14
HARV_010,NEON.MAM.D01.R1270,F,PELE,23,152,80,18,15
HARV_010,NEON.MAM.D01.R1272,M,PELE,25,140,86,20,14
HARV_010,NEON.MAM.D01.R1273,M,PELE,26,134,84,20,15
HARV_010,NEON.MAM.D01.R1275,F,PELE,28,160,91,21,15
HARV_023,NEON.MAM.D01.R1290,F,PELE,25,152,79,20,15
BART_012,NEON.MAM.D01.R1295,M,PEMA,18,158,86,20,16
HARV_006,NEON.MAM.D01.R1309,M,PEMA,23,150,89,20,14
BART_084,NEON.MAM.D01.R1320,F,PEMA,27,167,82,21,17
HARV_006,NEON.MAM.D01.R1325,M,PELE,20,141,82,21,15
BART_007,NEON.MAM.D01.R1334,M,PELE,23,172,103,20,15
BART_084,NEON.MAM.D01.R1337,M,PEMA,23,152,80,21,15
BART_062,NEON.MAM.D01.R1338,M,PEMA,23,156,91,19,13
HARV_010,NEON.MAM.D01.R1342,M,PELE,22,147,80,21,14
BART_084,NEON.MAM.D01.R1348,M,PEMA,28,153,71,19,17
HARV_006,NEON.MAM.D01.R1350,F,PEMA,21,151,79,20,15
HARV_006,NEON.MAM.D01.R1351,M,PEMA,20,144,80,20,14
BART_007,NEON.MAM.D01.R1357,M,PEMA,23,182,102,21,16
BART_007,NEON.MAM.D01.R1359,F,PELE,22,170,93,19,16
BART_012,NEON.MAM.D01.R1369,M,PEMA,19,135,78,19,15
HARV_006,NEON.MAM.D01.R1372,F,PELE,22,143,86,20,14
BART_062,NEON.MAM.D01.R1378,F,PEMA,19,157,87,20,13
BART_062,NEON.MAM.D01.R1380,F,PEMA,24,173,101,20,16
BART_084,NEON.MAM.D01.R1385,M,PEMA,24,143,84,20,14
BART_084,NEON.MAM.D01.R1388,F,PEMA,24,153,78,20,15
BART_084,NEON.MAM.D01.R1389,M,PEMA,22,153,86,19,16
BART_015,NEON.MAM.D01.R1392,F,PEMA,22,158,77,21,16
HARV_032,NEON.MAM.D01.R1395,F,PELE,21,150,86,20,15
HARV_032,NEON.MAM.D01.R1398,M,PEMA,28,161,85,21,18
HARV_008,NEON.MAM.D01.R1400,M,PELE,20,168,88,22,16
HARV_006,NEON.MAM.D01.R1401,F,PEMA,24,163,87,21,16
HARV_008,NEON.MAM.D01.R1402,M,PEMA,26,136,81,20,16
HARV_001,NEON.MAM.D01.R1404,M,PEMA,21,161,91,20,15
HARV_008,NEON.MAM.D01.R1405,M,PELE,23,164,90,20,15
HARV_014,NEON.MAM.D01.R1406,F,PELE,25,152,78,18,15
HARV_001,NEON.MAM.D01.R1407,F,PELE,22,163,86,20,16
HARV_006,NEON.MAM.D01.R1409,M,PELE,21,171,90,22,17
BART_062,NEON.MAM.D01.R1412,M,PEMA,17,146,78,20,14
HARV_001,NEON.MAM.D01.R1413,M,PEMA,23,166,90,20,16
HARV_008,NEON.MAM.D01.R1414,F,PELE,26,137,79,20,15
HARV_008,NEON.MAM.D01.R1415,M,PEMA,22,157,75,20,15
HARV_010,NEON.MAM.D01.R1418,F,PELE,22,169,91,21,16
HARV_010,NEON.MAM.D01.R1420,M,PEMA,20,144,70,20,14
HARV_006,NEON.MAM.D01.R1423,M,PELE,23,161,81,21,15
BART_012,NEON.MAM.D01.R1427,M,PEMA,15,164,88,21,16
BART_012,NEON.MAM.D01.R1431,F,PELE,20,152,73,20,16
BART_012,NEON.MAM.D01.R1432,F,PEMA,20,153,90,20,17
BART_062,NEON.MAM.D01.R1433,M,PEMA,18,150,82,20,18
BART_062,NEON.MAM.D01.R1434,F,PEMA,20,159,89,20,16
BART_062,NEON.MAM.D01.R1435,M,PEMA,18,138,81,20,16
BART_012,NEON.MAM.D01.R1437,M,PEMA,18,146,80,20,14
HARV_001,NEON.MAM.D01.R1441,M,PEMA,26,139,87,20,15
HARV_001,NEON.MAM.D01.R1442,M,PEMA,29,162,80,22,15
HARV_010,NEON.MAM.D01.R1443,M,PEMA,30,171,77,22,15
HARV_010,NEON.MAM.D01.R1444,M,PEMA,27,164,86,21,15
HARV_010,NEON.MAM.D01.R1446,M,PEMA,24,162,80,22,15
HARV_010,NEON.MAM.D01.R1447,M,PEMA,19,134,25,21,14
HARV_010,NEON.MAM.D01.R1448,M,PEMA,20,153,84,21,15
HARV_010,NEON.MAM.D01.R1450,F,PEMA,17,153,75,21,15
HARV_008,NEON.MAM.D01.R1452,F,PEMA,23,148,73,19,16
HARV_021,NEON.MAM.D01.R1453,M,PEMA,21,141,83,20,12
HARV_008,NEON.MAM.D01.R1454,M,PEMA,25,149,82,20,15
HARV_001,NEON.MAM.D01.R1456,M,PEMA,30,172,88,21,17
HARV_008,NEON.MAM.D01.R1459,F,PEMA,19,149,80,20,15
HARV_006,NEON.MAM.D01.R1460,F,PELE,24,148,83,20,15
HARV_008,NEON.MAM.D01.R1461,F,PELE,28,118,86,19,14
HARV_008,NEON.MAM.D01.R1463,M,PEMA,25,166,81,21,16
BART_062,NEON.MAM.D01.R1473,F,PELE,20,147,76,19,15
BART_062,NEON.MAM.D01.R1474,F,PEMA,21,175,96,20,18
HARV_008,NEON.MAM.D01.R1475,M,PELE,23,149,78,18,14
HARV_006,NEON.MAM.D01.R1477,F,PELE,24,157,84,18,16
HARV_006,NEON.MAM.D01.R1478,M,PELE,20,148,80,20,14
HARV_006,NEON.MAM.D01.R1479,F,PELE,23,149,81,21,14
HARV_010,NEON.MAM.D01.R1481,M,PEMA,23,159,81,21,16
HARV_006,NEON.MAM.D01.R1482,M,PEMA,27,155,90,20,16
HARV_006,NEON.MAM.D01.R1483,M,PEMA,18,151,80,20,15
HARV_008,NEON.MAM.D01.R1484,F,PELE,88,135,16,19,15
HARV_021,NEON.MAM.D01.R1485,F,PELE,26,121,84,20,15
BART_012,NEON.MAM.D01.R1486,M,PELE,18,156,78,20,15
HARV_001,NEON.MAM.D01.R1487,F,PEMA,20,148,88,21,14
HARV_010,NEON.MAM.D01.R1489,M,PEMA,30,171,86,22,15
HARV_010,NEON.MAM.D01.R1491,F,PEMA,35,184,88,21,15
HARV_010,NEON.MAM.D01.R1495,F,PELE,23,152,83,20,15
HARV_010,NEON.MAM.D01.R1496,F,PEMA,18,142,84,20,14
HARV_010,NEON.MAM.D01.R1499,F,PELE,26,122,84,20,14
HARV_010,NEON.MAM.D01.R1500,F,PELE,24,150,86,20,14
HARV_021,NEON.MAM.D01.R1505,M,PEMA,30,152,85,19,15
HARV_010,NEON.MAM.D01.R1514,M,PEMA,20,147,76,20,14
HARV_014,NEON.MAM.D01.R1515,F,PEMA,24,151,80,20,15
HARV_010,NEON.MAM.D01.R1520,F,PELE,22,147,82,20,14
BART_015,NEON.MAM.D01.R1523,M,PEMA,18,148,72,20,15
HARV_010,NEON.MAM.D01.R1527,F,PELE,21,144,81,21,13
BART_012,NEON.MAM.D01.R1530,M,PEMA,20,154,75,21,16
HARV_010,NEON.MAM.D01.R1534,M,PELE,26,149,70,20,15
BART_015,NEON.MAM.D01.R1535,M,PEMA,21,176,98,21,16
HARV_001,NEON.MAM.D01.R1541,F,PEMA,26,173,79,21,15
HARV_010,NEON.MAM.D01.R1545,M,PELE,20,155,74,20,16
BART_015,NEON.MAM.D01.R1549,M,PEMA,26,165,86,21,17
HARV_001,NEON.MAM.D01.R1552,F,PEMA,23,163,87,21,15
BART_015,NEON.MAM.D01.R1554,M,PEMA,21,164,85,22,17
BART_062,NEON.MAM.D01.R1571,M,PELE,20,128,82,21,14
BART_012,NEON.MAM.D01.R1572,M,PEMA,20,165,87,21,16
BART_015,NEON.MAM.D01.R1573,M,PEMA,22,166,91,21,17
BART_015,NEON.MAM.D01.R1584,M,PEMA,20,150,76,21,15
BART_015,NEON.MAM.D01.R1600,M,PEMA,21,158,89,20,15
HARV_023,NEON.MAM.D01.R1619,M,PEMA,27,114,83,20,14
HARV_023,NEON.MAM.D01.R1624,M,PEMA,18,142,80,20,13
HARV_010,NEON.MAM.D01.R1626,F,PELE,24,152,78,21,13
BART_062,NEON.MAM.D01.R1629,F,PEMA,18,161,90,20,17
BART_062,NEON.MAM.D01.R1631,F,PEMA,20,155,85,20,14
BART_062,NEON.MAM.D01.R1633,M,PELE,18,152,80,20,14
BART_012,NEON.MAM.D01.R1635,F,PEMA,17,153,87,17,12
BART_062,NEON.MAM.D01.R1639,M,PELE,27,160,79,21,12
BART_012,NEON.MAM.D01.R1640,F,PEMA,18,151,90,19,16
HARV_021,NEON.MAM.D01.R1645,F,PELE,22,153,83,18,14
BART_012,NEON.MAM.D01.R1648,F,PEMA,15,159,90,20,16
HARV_008,NEON.MAM.D01.R1657,F,PELE,22,150,72,18,14
BART_007,NEON.MAM.D01.R1658,F,PEMA,16,158,89,20,15
BART_015,NEON.MAM.D01.R1659,F,PEMA,18,160,91,20,17
BART_015,NEON.MAM.D01.R1667,M,PEMA,20,141,84,20,14
BART_001,NEON.MAM.D01.R1674,F,PEMA,16,151,87,19,15
BART_012,NEON.MAM.D01.R1676,F,PEMA,22,148,85,19,14
BART_012,NEON.MAM.D01.R1677,M,PEMA,16,154,85,20,15
BART_001,NEON.MAM.D01.R1695,F,PEMA,17,161,90,20,15
BART_007,NEON.MAM.D01.R1702,M,PEMA,16,154,88,18,17
BART_007,NEON.MAM.D01.R1703,M,PEMA,17,167,93,21,17
HARV_008,NEON.MAM.D01.R1710,F,PELE,24,154,90,19,16
HARV_032,NEON.MAM.D01.R1712,F,PELE,20,150,85,21,13
BART_015,NEON.MAM.D01.R1725,M,PEMA,20,165,88,21,16
HARV_014,NEON.MAM.D01.R1726,F,PELE,20,137,78,19,14
HARV_014,NEON.MAM.D01.R1728,F,PEMA,21,152,76,19,15
HARV_023,NEON.MAM.D01.R1738,M,PEMA,25,159,82,21,14
HARV_023,NEON.MAM.D01.R1739,M,PELE,18,155,75,20,13
HARV_010,NEON.MAM.D01.R1753,M,PEMA,27,133,90,20,14
BART_015,NEON.MAM.D01.R1757,F,NAIN,22,231,142,30,14
HARV_008,NEON.MAM.D01.R1759,M,PEMA,24,165,82,22,14
BART_015,NEON.MAM.D01.R1763,F,NAIN,26,231,139,32,13
BART_015,NEON.MAM.D01.R1764,F,NAIN,24,231,137,30,14
HARV_032,NEON.MAM.D01.R1765,F,PEMA,30,155,81,19,16
HARV_010,NEON.MAM.D01.R1767,F,PEMA,26,114,80,20,14
HARV_010,NEON.MAM.D01.R1768,M,PEMA,25,139,82,20,15
HARV_008,NEON.MAM.D01.R1770,M,PEMA,26,159,81,21,15
HARV_032,NEON.MAM.D01.R1772,F,PEMA,27,141,88,20,15
BART_062,NEON.MAM.D01.R1776,M,PEMA,19,166,91,20,15
BART_062,NEON.MAM.D01.R1777,F,PEMA,20,151,89,19,16
BART_015,NEON.MAM.D01.R1782,M,PEMA,21,148,89,19,12
BART_015,NEON.MAM.D01.R1784,M,PEMA,21,161,91,20,15
BART_015,NEON.MAM.D01.R1785,M,PEMA,16,152,86,18,15
BART_015,NEON.MAM.D01.R1786,F,PEMA,17,136,79,19,14
BART_015,NEON.MAM.D01.R1787,M,PEMA,21,153,91,19,17
BART_015,NEON.MAM.D01.R1795,M,PEMA,18,157,88,20,15
BART_015,NEON.MAM.D01.R1796,F,PEMA,15,153,87,20,15
BART_015,NEON.MAM.D01.R1797,F,PEMA,17,152,86,19,15
BART_015,NEON.MAM.D01.R1798,F,PEMA,22,142,82,20,14
BART_015,NEON.MAM.D01.R1799,F,PEMA,16,146,82,19,16
BART_062,NEON.MAM.D01.R1800,M,PEMA,19,155,87,18,18
BART_015,NEON.MAM.D01.R1804,M,PEMA,24,177,94,20,15
BART_015,NEON.MAM.D01.R1807,F,PEMA,18,140,70,18,16
BART_015,NEON.MAM.D01.R1814,M,PEMA,17,161,90,22,14
HARV_010,NEON.MAM.D01.R1824,F,PEMA,16,150,74,20,13
BART_015,NEON.MAM.D01.R1827,F,PEMA,22,176,101,20,15
BART_062,NEON.MAM.D01.R1829,M,PEMA,20,159,92,19,17
BART_015,NEON.MAM.D01.R1831,F,PEMA,22,158,80,20,16
BART_012,NEON.MAM.D01.R1836,M,PEMA,17,152,87,21,14
BART_012,NEON.MAM.D01.R1837,M,PEMA,17,157,85,20,15
BART_012,NEON.MAM.D01.R1838,F,PEMA,16,158,87,20,16
BART_062,NEON.MAM.D01.R1839,F,PEMA,16,156,86,19,18
BART_062,NEON.MAM.D01.R1843,F,PEMA,22,178,94,20,16
BART_012,NEON.MAM.D01.R1845,M,PEMA,16,154,88,20,15
BART_012,NEON.MAM.D01.R1846,M,PEMA,18,157,89,21,13
BART_015,NEON.MAM.D01.R1848,F,NAIN,26,231,141,31,14
BART_015,NEON.MAM.D01.R1853,M,PEMA,16,138,82,20,13
BART_012,NEON.MAM.D01.R1864,M,PELE,16,166,111,20,13
BART_012,NEON.MAM.D01.R1865,F,PEMA,18,157,91,19,15
HARV_010,NEON.MAM.D01.R1875,F,PELE,21,156,72,22,13
BART_062,NEON.MAM.D01.R1877,F,PEMA,17,156,78,21,17
BART_062,NEON.MAM.D01.R1878,F,PEMA,19,148,80,20,12
HARV_010,NEON.MAM.D01.R1890,F,PELE,18,145,71,21,15
BART_062,NEON.MAM.D01.R1895,F,PELE,25,149,82,20,15
BART_062,NEON.MAM.D01.R1900,M,PEMA,18,165,90,20,16
BART_001,NEON.MAM.D01.R1901,M,PEMA,22,175,94,21,16
BART_001,NEON.MAM.D01.R1902,F,PEMA,14,146,75,19,16
BART_001,NEON.MAM.D01.R1903,F,PEMA,15,144,68,19,16
HARV_008,NEON.MAM.D01.R1905,M,PEMA,23,148,75,20,15
HARV_014,NEON.MAM.D01.R1906,F,PEMA,32,180,82,22,17
HARV_014,NEON.MAM.D01.R1907,F,PELE,35,155,86,19,16
HARV_008,NEON.MAM.D01.R1908,M,PEMA,25,157,76,20,16
HARV_023,NEON.MAM.D01.R1909,M,PELE,21,156,75,21,15
BART_012,NEON.MAM.D01.R1915,M,PEMA,16,146,84,19,14
HARV_008,NEON.MAM.D01.R1917,F,PEMA,30,157,81,21,14
HARV_023,NEON.MAM.D01.R1919,F,PELE,20,138,78,21,14
HARV_023,NEON.MAM.D01.R1920,M,PEMA,24,142,81,19,12
BART_001,NEON.MAM.D01.R1921,F,PEMA,19,145,79,18,16
HARV_008,NEON.MAM.D01.R1931,M,PELE,26,165,76,21,13
HARV_008,NEON.MAM.D01.R1932,M,PEMA,19,155,74,20,15
HARV_021,NEON.MAM.D01.R1939,F,PEMA,18,140,70,19,15
HARV_001,NEON.MAM.D01.R1943,M,PEMA,23,150,85,21,14
HARV_021,NEON.MAM.D01.R1945,F,PELE,21,140,81,19,14
HARV_023,NEON.MAM.D01.R1962,M,PELE,21,152,71,21,16
HARV_023,NEON.MAM.D01.R1995,F,PELE,18,127,77,21,14
BART_084,NEON.MAM.D01.R2027,F,PEMA,22,154,78,20,15
BART_012,NEON.MAM.D01.R2034,F,PEMA,20,167,94,19,17
HARV_010,NEON.MAM.D01.R2035,F,PEMA,23,162,80,21,15
HARV_010,NEON.MAM.D01.R2036,F,PEMA,26,168,83,21,15
BART_001,NEON.MAM.D01.R2047,F,PELE,25,152,80,19,15
BART_015,NEON.MAM.D01.R2049,F,PEMA,21,169,101,20,18
BART_015,NEON.MAM.D01.R2060,F,PEMA,20,168,89,21,16
BART_015,NEON.MAM.D01.R2061,M,PEMA,19,170,90,21,15
BART_015,NEON.MAM.D01.R2074,F,PELE,19,150,73,20,14
BART_012,NEON.MAM.D01.R2076,F,PEMA,25,157,86,17,18
HARV_008,NEON.MAM.D01.R2084,F,PEMA,18,143,72,20,14
HARV_006,NEON.MAM.D01.R2086,F,PEMA,18,166,87,21,15
BART_084,NEON.MAM.D01.R2090,F,PEMA,20,154,80,20,16
HARV_023,NEON.MAM.D01.R2098,M,PELE,18,147,84,20,14
BART_062,NEON.MAM.D01.R2103,M,PEMA,16,166,87,21,16
BART_062,NEON.MAM.D01.R2104,M,PEMA,19,135,82,19,15
BART_062,NEON.MAM.D01.R2105,M,PELE,22,148,81,19,15
HARV_001,NEON.MAM.D01.R2118,F,PEMA,24,154,83,19,15
HARV_001,NEON.MAM.D01.R2121,F,PEMA,22,148,71,19,15
BART_007,NEON.MAM.D01.R2123,M,PELE,18,145,70,20,15
HARV_001,NEON.MAM.D01.R2127,M,PEMA,20,150,78,20,15
HARV_001,NEON.MAM.D01.R2128,M,PELE,19,149,74,19,13
HARV_001,NEON.MAM.D01.R2132,F,PEMA,23,143,83,20,14
BART_015,NEON.MAM.D01.R2134,M,PEMA,17,154,80,21,15
BART_015,NEON.MAM.D01.R2142,F,PEMA,22,159,86,20,16
HARV_021,NEON.MAM.D01.R2156,M,PELE,22,154,89,20,14
HARV_032,NEON.MAM.D01.R2165,M,PEMA,20,156,79,20,16
HARV_021,NEON.MAM.D01.R2167,M,PELE,19,156,80,20,16
BART_007,NEON.MAM.D01.R2176,F,PELE,23,153,80,20,15
BART_084,NEON.MAM.D01.R2181,F,PELE,15,139,69,19,14
BART_084,NEON.MAM.D01.R2182,M,PEMA,16,156,78,20,16
BART_084,NEON.MAM.D01.R2183,F,PELE,21,146,84,20,15
BART_084,NEON.MAM.D01.R2184,F,PELE,19,150,73,20,14
HARV_008,NEON.MAM.D01.R2185,F,PEMA,26,169,78,21,16
HARV_021,NEON.MAM.D01.R2187,F,PEMA,17,142,71,19,15
HARV_001,NEON.MAM.D01.R2189,F,PEMA,26,159,80,21,14
BART_007,NEON.MAM.D01.R2193,F,PEMA,24,152,75,19,15
HARV_001,NEON.MAM.D01.R2195,M,PEMA,18,150,79,21,15
BART_084,NEON.MAM.D01.R2196,F,PEMA,21,156,82,21,15
HARV_008,NEON.MAM.D01.R2201,F,PEMA,20,154,77,20,15
BART_001,NEON.MAM.D01.R2205,M,PEMA,17,160,87,20,16
HARV_021,NEON.MAM.D01.R2211,F,PEMA,24,158,70,21,16
HARV_021,NEON.MAM.D01.R2219,F,PELE,25,155,74,20,15
HARV_023,NEON.MAM.D01.R2220,M,PEMA,27,164,83,21,16
HARV_023,NEON.MAM.D01.R2222,M,PEMA,27,168,79,21,16
HARV_021,NEON.MAM.D01.R2224,F,PEMA,29,167,84,22,16
HARV_023,NEON.MAM.D01.R2229,F,PEMA,26,165,86,21,15
HARV_021,NEON.MAM.D01.R2232,F,PEMA,24,166,78,27,15
HARV_001,NEON.MAM.D01.R2238,M,PEMA,24,152,86,20,16
HARV_014,NEON.MAM.D01.R2240,F,PEMA,30,175,95,20,16
HARV_014,NEON.MAM.D01.R2241,F,PEMA,30,173,90,21,15
HARV_014,NEON.MAM.D01.R2242,M,PEMA,26,123,84,18,14
HARV_014,NEON.MAM.D01.R2243,M,PEMA,28,153,78,20,15
HARV_014,NEON.MAM.D01.R2244,F,PEMA,24,142,59,19,15
HARV_032,NEON.MAM.D01.R2255,M,PEMA,27,156,83,20,19
BART_001,NEON.MAM.D01.R2258,F,PEMA,21,153,81,21,17
HARV_021,NEON.MAM.D01.R2259,M,PEMA,21,155,77,21,16
HARV_008,NEON.MAM.D01.R2264,M,PEMA,23,156,83,20,16
BART_001,NEON.MAM.D01.R2265,M,PEMA,22,159,86,20,16
BART_001,NEON.MAM.D01.R2272,M,PEMA,20,169,92,21,16
HARV_001,NEON.MAM.D01.R2281,F,PEMA,25,154,88,20,16
HARV_001,NEON.MAM.D01.R2283,F,PEMA,28,147,83,20,15
HARV_001,NEON.MAM.D01.R2284,F,PEMA,32,161,90,20,15
BART_084,NEON.MAM.D01.R2285,M,PEMA,20,165,92,20,18
BART_084,NEON.MAM.D01.R2286,M,PEMA,20,139,79,20,14
BART_084,NEON.MAM.D01.R2287,F,PEMA,30,161,91,20,16
HARV_001,NEON.MAM.D01.R2289,M,PEMA,23,143,87,19,14
BART_084,NEON.MAM.D01.R2290,M,PEMA,20,151,83,19,16
HARV_001,NEON.MAM.D01.R2292,F,PELE,29,169,91,21,15
HARV_010,NEON.MAM.D01.R2304,F,PEMA,35,162,85,20,16
HARV_010,NEON.MAM.D01.R2305,F,PEMA,26,165,86,21,15
HARV_010,NEON.MAM.D01.R2308,M,PEMA,24,143,86,20,14
BART_062,NEON.MAM.D01.R2315,F,PEMA,25,165,86,21,16
BART_015,NEON.MAM.D01.R2316,M,PEMA,20,164,89,20,16
BART_062,NEON.MAM.D01.R2317,M,PEMA,21,157,85,21,19
BART_001,NEON.MAM.D01.R2319,M,PEMA,20,162,92,20,17
BART_015,NEON.MAM.D01.R2323,F,PEMA,18,165,93,19,18
HARV_010,NEON.MAM.D01.R2324,F,PEMA,27,169,79,21,15
HARV_001,NEON.MAM.D01.R2325,F,PEMA,27,148,89,20,15
HARV_001,NEON.MAM.D01.R2326,F,PEMA,25,145,88,20,15
HARV_021,NEON.MAM.D01.R2335,M,PEMA,17,141,69,20,14
HARV_021,NEON.MAM.D01.R2339,F,PEMA,20,147,77,19,15
BART_015,NEON.MAM.D01.R2347,M,PEMA,51,157,76,19,15
BART_015,NEON.MAM.D01.R2352,F,PEMA,20,145,81,19,17
BART_007,NEON.MAM.D01.R2354,F,PEMA,19,145,84,20,15
BART_084,NEON.MAM.D01.R2359,F,PEMA,21,173,99,20,16
BART_015,NEON.MAM.D01.R2360,F,PEMA,20,154,90,19,16
BART_015,NEON.MAM.D01.R2362,M,PEMA,19,153,86,20,16
BART_015,NEON.MAM.D01.R2364,M,PEMA,24,151,86,20,15
BART_062,NEON.MAM.D01.R2368,F,PELE,22,157,77,20,15
BART_015,NEON.MAM.D01.R2370,F,PEMA,20,154,84,19,16
BART_015,NEON.MAM.D01.R2372,F,PEMA,21,172,94,20,18
HARV_023,NEON.MAM.D01.R2384,M,PEMA,27,172,76,21,15
BART_015,NEON.MAM.D01.R2385,M,PEMA,24,152,80,20,15
HARV_008,NEON.MAM.D01.R2389,F,PEMA,28,119,78,20,14
HARV_023,NEON.MAM.D01.R2395,M,PEMA,25,147,90,20,14
HARV_008,NEON.MAM.D01.R2399,F,PELE,30,148,89,20,15
HARV_023,NEON.MAM.D01.R2402,F,PEMA,21,155,86,20,15
HARV_023,NEON.MAM.D01.R2404,F,PEMA,22,154,89,19,15
HARV_023,NEON.MAM.D01.R2406,F,PELE,24,153,83,20,15
HARV_023,NEON.MAM.D01.R2409,M,PEMA,21,152,81,20,16
HARV_023,NEON.MAM.D01.R2411,M,PEMA,16,127,78,21,14
HARV_023,NEON.MAM.D01.R2418,M,PEMA,25,168,78,22,16
HARV_032,NEON.MAM.D01.R2419,F,PEMA,21,156,75,20,15
HARV_008,NEON.MAM.D01.R2428,F,PEMA,23,156,84,20,15
HARV_032,NEON.MAM.D01.R2429,F,PEMA,18,163,87,20,15
HARV_032,NEON.MAM.D01.R2430,F,PEMA,22,153,76,20,14
HARV_032,NEON.MAM.D01.R2431,M,PEMA,25,151,86,20,15
HARV_008,NEON.MAM.D01.R2434,M,PEMA,25,155,74,20,15
HARV_021,NEON.MAM.D01.R2435,F,PEMA,17,152,74,20,15
HARV_001,NEON.MAM.D01.R2441,M,PEMA,24,142,82,20,14
HARV_001,NEON.MAM.D01.R2444,F,PEMA,26,161,85,21,15
HARV_023,NEON.MAM.D01.R2446,M,PEMA,22,146,71,19,15
HARV_001,NEON.MAM.D01.R2448,F,PEMA,23,151,78,19,15
HARV_021,NEON.MAM.D01.R2456,F,PELE,17,145,77,19,17
HARV_023,NEON.MAM.D01.R2457,M,PEMA,21,157,76,20,15
HARV_001,NEON.MAM.D01.R2469,M,PEMA,27,137,86,19,15
HARV_021,NEON.MAM.D01.R2473,M,PEMA,22,144,79,20,14
HARV_021,NEON.MAM.D01.R2475,M,PELE,24,145,76,20,17
HARV_008,NEON.MAM.D01.R2503,F,PEMA,20,145,79,19,15
HARV_008,NEON.MAM.D01.R2516,F,PEMA,26,168,90,21,16
HARV_023,NEON.MAM.D01.R2520,F,PEMA,24,151,80,20,15
HARV_008,NEON.MAM.D01.R2521,F,PEMA,20,152,84,19,16
HARV_008,NEON.MAM.D01.R2522,F,PEMA,20,154,77,20,15
BART_015,NEON.MAM.D01.R2531,F,PEMA,24,176,99,21,17
HARV_021,NEON.MAM.D01.R2532,F,PEMA,20,141,79,19,15
HARV_023,NEON.MAM.D01.R2540,M,PEMA,24,164,82,21,15
HARV_023,NEON.MAM.D01.R2543,F,PEMA,18,145,76,19,15
HARV_008,NEON.MAM.D01.R2545,M,PEMA,23,152,79,20,15
HARV_008,NEON.MAM.D01.R2546,M,PEMA,16,147,78,18,16
HARV_008,NEON.MAM.D01.R2547,M,PEMA,16,141,78,19,15
HARV_023,NEON.MAM.D01.R2550,M,PEMA,18,144,74,20,14
HARV_023,NEON.MAM.D01.R2552,F,PEMA,18,142,78,20,15
HARV_023,NEON.MAM.D01.R2558,M,PELE,18,154,75,20,14
HARV_023,NEON.MAM.D01.R2559,M,PEMA,20,142,74,19,14
HARV_023,NEON.MAM.D01.R2561,M,PELE,22,150,80,20,15
HARV_010,NEON.MAM.D01.R2565,F,PEMA,19,148,80,20,14
HARV_008,NEON.MAM.D01.R2566,M,PEMA,26,169,81,21,15
HARV_006,NEON.MAM.D01.R2576,M,PEMA,19,149,76,18,14
HARV_006,NEON.MAM.D01.R2582,M,PEMA,18,138,84,20,15
HARV_014,NEON.MAM.D01.R2584,M,PEMA,29,149,81,20,16
HARV_014,NEON.MAM.D01.R2586,F,PEMA,18,147,78,20,14
HARV_006,NEON.MAM.D01.R2587,M,PEMA,24,161,81,21,15
HARV_010,NEON.MAM.D01.R2589,M,PEMA,23,167,88,21,15
HARV_010,NEON.MAM.D01.R2590,M,PEMA,21,150,85,20,14
HARV_014,NEON.MAM.D01.R2593,M,PELE,20,154,76,20,15
HARV_010,NEON.MAM.D01.R2594,M,PEMA,24,150,83,21,14
HARV_006,NEON.MAM.D01.R2598,M,PEMA,24,148,83,20,15
HARV_008,NEON.MAM.D01.R2605,F,PEMA,19,142,81,20,16
HARV_021,NEON.MAM.D01.R2612,F,PEMA,16,131,79,19,15
HARV_001,NEON.MAM.D01.R2615,M,PEMA,24,153,86,20,15
HARV_032,NEON.MAM.D01.R2637,F,PELE,19,151,84,21,15
HARV_014,NEON.MAM.D01.R2638,M,PEMA,19,149,80,20,15
HARV_001,NEON.MAM.D01.R2641,M,PEMA,20,150,83,21,15
HARV_001,NEON.MAM.D01.R2648,F,PEMA,17,148,74,20,15
HARV_021,NEON.MAM.D01.R2654,F,PEMA,22,157,75,20,15
HARV_010,NEON.MAM.D01.R2673,M,PEMA,25,166,84,21,15
HARV_001,NEON.MAM.D01.R2677,F,PEMA,20,142,79,20,14
HARV_008,NEON.MAM.D01.R2679,M,PEMA,20,154,76,20,16
HARV_001,NEON.MAM.D01.R2680,M,PEMA,20,144,84,19,16
HARV_008,NEON.MAM.D01.R2692,F,PEMA,16,141,73,19,14
HARV_008,NEON.MAM.D01.R2695,M,PEMA,20,157,76,20,16
HARV_032,NEON.MAM.D01.R2706,M,PEMA,30,161,90,20,16
HARV_032,NEON.MAM.D01.R2707,M,PEMA,24,156,89,20,15
HARV_032,NEON.MAM.D01.R2708,F,PEMA,18,144,72,20,14
HARV_032,NEON.MAM.D01.R2709,M,PELE,18,126,81,19,15
HARV_032,NEON.MAM.D01.R2710,M,PEMA,24,163,90,20,15
HARV_014,NEON.MAM.D01.R2716,M,PELE,22,153,78,20,15
HARV_014,NEON.MAM.D01.R2719,M,PELE,22,157,84,19,16
HARV_032,NEON.MAM.D01.R2720,F,PEMA,17,139,81,20,14
HARV_032,NEON.MAM.D01.R2721,M,PEMA,24,165,88,21,16
HARV_032,NEON.MAM.D01.R2723,F,PELE,16,143,70,20,15
HARV_006,NEON.MAM.D01.R2729,M,PEMA,23,155,81,18,16
HARV_001,NEON.MAM.D01.R2742,F,PELE,23,156,83,19,15
HARV_001,NEON.MAM.D01.R2749,F,PELE,19,135,82,20,15
HARV_021,NEON.MAM.D01.R2754,M,PEMA,28,166,88,21,16
HARV_021,NEON.MAM.D01.R2762,M,PEMA,21,159,82,22,15
HARV_006,NEON.MAM.D01.R2763,F,PEMA,15,144,71,20,15
HARV_023,NEON.MAM.D01.R2764,M,PEMA,29,173,78,21,16
HARV_021,NEON.MAM.D01.R2766,M,PEMA,20,146,80,20,15
BART_007,NEON.MAM.D01.R2767,F,PEMA,16,152,85,19,15
HARV_021,NEON.MAM.D01.R2771,M,PEMA,22,156,76,20,15
HARV_023,NEON.MAM.D01.R2779,M,PEMA,30,170,93,21,15
HARV_023,NEON.MAM.D01.R2782,F,PEMA,22,157,79,20,16
HARV_006,NEON.MAM.D01.R2784,M,PEMA,21,154,74,20,15
HARV_006,NEON.MAM.D01.R2785,M,PEMA,17,160,88,20,14
HARV_023,NEON.MAM.D01.R2786,F,PELE,21,149,79,20,15
HARV_023,NEON.MAM.D01.R2787,M,PEMA,20,154,76,20,15
HARV_023,NEON.MAM.D01.R2789,M,PEMA,28,179,97,20,15
HARV_006,NEON.MAM.D01.R2797,F,PEMA,18,149,75,20,14
BART_084,NEON.MAM.D01.R2800,M,PEMA,19,145,72,18,15
HARV_001,NEON.MAM.D01.R2805,M,PEMA,21,149,82,20,16
BART_084,NEON.MAM.D01.R2809,M,PELE,23,158,78,20,16
BART_015,NEON.MAM.D01.R2818,M,PEMA,15,157,85,19,19
HARV_021,NEON.MAM.D01.R2822,M,PEMA,20,143,70,20,15
BART_001,NEON.MAM.D01.R2825,M,PEMA,22,166,92,20,18
BART_012,NEON.MAM.D01.R2828,F,PEMA,15,137,80,19,15
HARV_008,NEON.MAM.D01.R2834,M,PELE,21,142,81,18,14
HARV_021,NEON.MAM.D01.R2839,M,PEMA,22,153,75,19,16
HARV_008,NEON.MAM.D01.R2853,M,PEMA,19,149,80,20,15
HARV_021,NEON.MAM.D01.R2855,M,PEMA,22,152,78,19,15
HARV_021,NEON.MAM.D01.R2858,M,PEMA,21,144,81,20,16
HARV_008,NEON.MAM.D01.R2859,F,PELE,22,156,72,20,16
HARV_021,NEON.MAM.D01.R2865,F,PEMA,17,154,78,20,15
HARV_023,NEON.MAM.D01.R2867,M,PELE,22,138,81,20,15
HARV_023,NEON.MAM.D01.R2870,F,PEMA,20,151,84,19,17
HARV_008,NEON.MAM.D01.R2871,M,PELE,16,157,85,20,14
HARV_008,NEON.MAM.D01.R2872,F,PELE,28,160,89,21,15
HARV_023,NEON.MAM.D01.R2873,M,PEMA,28,153,92,21,15
HARV_021,NEON.MAM.D01.R2877,F,PELE,21,159,77,20,16
HARV_006,NEON.MAM.D01.R2880,M,PEMA,19,127,25,19,15
HARV_008,NEON.MAM.D01.R2893,F,PEMA,23,157,77,20,15
HARV_008,NEON.MAM.D01.R2895,F,PELE,27,148,93,19,14
HARV_008,NEON.MAM.D01.R2901,F,PEMA,18,131,81,19,14
HARV_008,NEON.MAM.D01.R2902,M,PEMA,22,151,80,19,14
HARV_008,NEON.MAM.D01.R2903,M,PEMA,21,155,87,20,16
HARV_008,NEON.MAM.D01.R2905,F,PEMA,10,122,59,19,14
HARV_008,NEON.MAM.D01.R2906,M,PEMA,20,149,74,16,15
HARV_008,NEON.MAM.D01.R2907,M,PEMA,21,148,74,20,14
HARV_023,NEON.MAM.D01.R2909,F,PELE,20,150,84,20,16
HARV_008,NEON.MAM.D01.R2910,M,PEMA,24,153,80,19,16
HARV_008,NEON.MAM.D01.R2913,M,PEMA,22,145,70,20,16
HARV_001,NEON.MAM.D01.R2920,M,PEMA,21,142,82,20,15
HARV_008,NEON.MAM.D01.R2939,M,PEMA,18,147,79,20,15
HARV_008,NEON.MAM.D01.R2940,F,PEMA,22,157,81,21,16
HARV_014,NEON.MAM.D01.R2952,M,PEMA,23,138,81,20,14
HARV_014,NEON.MAM.D01.R2953,M,PEMA,24,148,84,20,14
HARV_006,NEON.MAM.D01.R2958,M,PEMA,13,137,75,19,15
HARV_006,NEON.MAM.D01.R2960,M,PEMA,14,140,74,19,15
HARV_014,NEON.MAM.D01.R2962,M,PEMA,19,135,78,19,15
HARV_014,NEON.MAM.D01.R2967,M,PEMA,24,153,83,20,15
HARV_014,NEON.MAM.D01.R2970,F,PEMA,17,144,77,19,14
HARV_001,NEON.MAM.D01.R2976,M,PEMA,20,144,78,20,16
BART_062,NEON.MAM.D01.R2977,M,PEMA,22,146,86,20,14
BART_062,NEON.MAM.D01.R2979,F,PELE,20,150,84,20,17
HARV_001,NEON.MAM.D01.R2984,F,PEMA,18,147,79,20,15
BART_062,NEON.MAM.D01.R2985,M,PELE,18,144,75,19,16
HARV_001,NEON.MAM.D01.R2989,M,PEMA,17,157,91,19,14
BART_012,NEON.MAM.D01.R2992,F,PEMA,15,155,87,20,16
BART_012,NEON.MAM.D01.R2995,M,PEMA,17,155,89,19,16
BART_084,NEON.MAM.D01.R2997,M,PELE,24,155,83,19,16
BART_012,NEON.MAM.D01.R2998,M,PEMA,16,154,88,20,16
HARV_032,NEON.MAM.D01.R3006,M,PELE,19,155,74,20,15
HARV_032,NEON.MAM.D01.R3011,M,PEMA,19,158,76,20,15
HARV_032,NEON.MAM.D01.R3013,M,PEMA,19,135,82,20,15
HARV_032,NEON.MAM.D01.R3014,M,PELE,25,169,79,21,16
HARV_032,NEON.MAM.D01.R3015,M,PEMA,24,163,86,21,16
HARV_032,NEON.MAM.D01.R3016,F,PELE,18,159,77,20,15
HARV_008,NEON.MAM.D01.R3018,M,PEMA,20,150,78,20,15
HARV_001,NEON.MAM.D01.R3027,M,PEMA,20,140,80,20,14
HARV_001,NEON.MAM.D01.R3029,F,PELE,18,159,77,20,15
HARV_001,NEON.MAM.D01.R3042,M,PEMA,27,180,97,20,16
HARV_001,NEON.MAM.D01.R3045,M,PELE,31,152,87,20,15
HARV_001,NEON.MAM.D01.R3048,M,PEMA,19,129,79,19,15
HARV_010,NEON.MAM.D01.R3049,M,PELE,22,162,89,20,16
HARV_001,NEON.MAM.D01.R3054,M,PEMA,19,158,76,20,16
BART_007,NEON.MAM.D01.R3061,M,PEMA,20,169,93,20,17
HARV_001,NEON.MAM.D01.R3069,M,PEMA,28,159,88,21,16
HARV_001,NEON.MAM.D01.R3070,M,PEMA,20,154,77,20,15
HARV_008,NEON.MAM.D01.R3072,M,PELE,24,154,79,20,15
HARV_001,NEON.MAM.D01.R3075,F,PEMA,26,153,86,20,16
HARV_008,NEON.MAM.D01.R3076,F,PEMA,22,157,76,21,16
HARV_006,NEON.MAM.D01.R3077,M,PELE,18,161,85,20,16
HARV_010,NEON.MAM.D01.R3082,F,PEMA,20,141,81,20,16
HARV_010,NEON.MAM.D01.R3086,M,PEMA,18,165,85,21,16
HARV_010,NEON.MAM.D01.R3087,F,PEMA,25,154,87,20,16
HARV_010,NEON.MAM.D01.R3089,F,PEMA,17,147,81,21,15
HARV_010,NEON.MAM.D01.R3090,M,PEMA,25,157,77,20,16
HARV_010,NEON.MAM.D01.R3096,M,PEMA,16,163,89,20,14
HARV_010,NEON.MAM.D01.R3098,F,PEMA,18,134,75,21,14
HARV_010,NEON.MAM.D01.R3100,M,PELE,24,153,91,20,14
HARV_006,NEON.MAM.D01.R3102,M,PEMA,21,148,80,20,15
HARV_001,NEON.MAM.D01.R3105,F,PELE,23,135,81,20,15
HARV_006,NEON.MAM.D01.R3106,F,PELE,17,141,74,21,13
HARV_010,NEON.MAM.D01.R3115,F,PELE,26,174,91,22,16
BART_084,NEON.MAM.D01.R3120,F,PEMA,16,164,86,21,15
BART_007,NEON.MAM.D01.R3130,F,PEMA,22,180,97,19,18
HARV_021,NEON.MAM.D01.R3133,F,PELE,18,146,77,20,15
HARV_008,NEON.MAM.D01.R3137,M,PELE,25,152,79,20,15
BART_007,NEON.MAM.D01.R3139,F,PEMA,16,145,80,19,17
BART_007,NEON.MAM.D01.R3144,F,PEMA,17,139,82,20,15
HARV_021,NEON.MAM.D01.R3146,F,PEMA,20,135,82,20,15
HARV_021,NEON.MAM.D01.R3148,F,PEMA,18,152,76,21,15
HARV_008,NEON.MAM.D01.R3149,M,PEMA,20,144,79,20,15
HARV_008,NEON.MAM.D01.R3152,F,PELE,24,154,90,20,16
HARV_006,NEON.MAM.D01.R3154,F,PEMA,19,149,80,20,15
BART_001,NEON.MAM.D01.R3157,F,PEMA,13,142,86,20,14
BART_015,NEON.MAM.D01.R3160,M,PEMA,18,168,87,21,17
HARV_010,NEON.MAM.D01.R3162,M,PELE,20,162,80,20,16
HARV_008,NEON.MAM.D01.R3163,F,PELE,16,144,80,20,15
BART_012,NEON.MAM.D01.R3180,M,PELE,28,155,91,20,16
BART_007,NEON.MAM.D01.R3187,F,PEMA,25,168,93,21,17
HARV_023,NEON.MAM.D01.R3199,M,PEMA,21,150,82,19,15
BART_084,NEON.MAM.D01.R3201,F,PEMA,18,157,90,19,15
BART_062,NEON.MAM.D01.R3202,M,PEMA,15,159,92,20,15
BART_015,NEON.MAM.D01.R3203,M,PEMA,18,145,82,20,17
BART_062,NEON.MAM.D01.R3204,M,PEMA,16,155,87,20,16
BART_062,NEON.MAM.D01.R3206,F,PEMA,14,146,74,20,15
BART_062,NEON.MAM.D01.R3207,M,PEMA,22,147,71,20,14
BART_062,NEON.MAM.D01.R3208,F,PEMA,16,162,86,20,16
BART_062,NEON.MAM.D01.R3209,M,PEMA,16,152,88,20,16
BART_007,NEON.MAM.D01.R3213,M,PEMA,14,133,79,19,15
BART_007,NEON.MAM.D01.R3216,M,PEMA,16,143,81,20,16
BART_012,NEON.MAM.D01.R3217,M,PEMA,16,150,84,20,16
BART_062,NEON.MAM.D01.R3218,M,PEMA,15,153,86,20,15
BART_062,NEON.MAM.D01.R3224,F,PELE,20,133,50,18,15
BART_012,NEON.MAM.D01.R3225,F,PEMA,20,171,94,20,17
BART_012,NEON.MAM.D01.R3227,F,PEMA,15,152,79,20,16
BART_012,NEON.MAM.D01.R3228,F,PEMA,18,166,96,19,18
BART_012,NEON.MAM.D01.R3229,M,PEMA,15,140,82,20,16
BART_007,NEON.MAM.D01.R3230,M,PEMA,18,156,85,20,15
BART_015,NEON.MAM.D01.R3235,F,PEMA,15,151,80,20,17
BART_012,NEON.MAM.D01.R3236,M,PEMA,16,166,94,21,17
BART_015,NEON.MAM.D01.R3237,M,PELE,18,148,72,20,16
BART_007,NEON.MAM.D01.R3238,M,PEMA,19,142,79,19,16
BART_015,NEON.MAM.D01.R3239,F,PEMA,16,167,98,20,16
BART_012,NEON.MAM.D01.R3240,F,PEMA,18,161,88,20,16
BART_012,NEON.MAM.D01.R3241,M,PEMA,15,146,83,19,16
BART_015,NEON.MAM.D01.R3242,F,PEMA,19,158,76,20,15
BART_015,NEON.MAM.D01.R3243,M,PEMA,20,150,80,21,15
BART_015,NEON.MAM.D01.R3245,M,PEMA,17,161,87,20,18
BART_015,NEON.MAM.D01.R3246,M,PEMA,24,154,85,19,15
BART_015,NEON.MAM.D01.R3247,F,PEMA,23,154,76,19,14
BART_012,NEON.MAM.D01.R3248,M,PEMA,13,141,78,19,16
BART_015,NEON.MAM.D01.R3249,F,PEMA,18,149,84,19,16
BART_084,NEON.MAM.D01.R3252,M,PEMA,15,164,85,21,17
HARV_008,NEON.MAM.D01.R3253,F,PELE,22,157,78,20,15
BART_012,NEON.MAM.D01.R3254,F,PEMA,14,156,86,20,17
BART_062,NEON.MAM.D01.R3255,F,PEMA,16,152,84,20,18
BART_062,NEON.MAM.D01.R3257,M,PEMA,16,151,76,20,14
BART_012,NEON.MAM.D01.R3259,M,PEMA,14,166,93,20,17
BART_012,NEON.MAM.D01.R3262,F,PEMA,13,134,83,19,16
BART_012,NEON.MAM.D01.R3263,F,PEMA,18,138,77,19,17
BART_062,NEON.MAM.D01.R3265,M,PEMA,17,152,84,21,17
BART_062,NEON.MAM.D01.R3266,F,PEMA,16,153,88,20,15
BART_062,NEON.MAM.D01.R3267,M,PEMA,15,153,89,19,17
BART_084,NEON.MAM.D01.R3268,M,PEMA,16,152,76,20,15
BART_062,NEON.MAM.D01.R3270,F,PEMA,14,126,81,19,16
BART_012,NEON.MAM.D01.R3275,F,PEMA,13,149,87,20,15
BART_012,NEON.MAM.D01.R3276,M,PEMA,15,155,76,20,16
BART_012,NEON.MAM.D01.R3277,M,PEMA,14,158,90,20,18
BART_015,NEON.MAM.D01.R3279,F,PEMA,23,158,77,20,17
BART_012,NEON.MAM.D01.R3280,F,PEMA,16,139,83,20,14
BART_012,NEON.MAM.D01.R3281,F,PEMA,15,159,89,20,16
BART_012,NEON.MAM.D01.R3283,F,PEMA,20,160,90,20,16
BART_015,NEON.MAM.D01.R3289,F,PEMA,16,166,99,19,15
BART_015,NEON.MAM.D01.R3290,F,PEMA,16,149,83,20,16
BART_007,NEON.MAM.D01.R3291,M,PEMA,15,145,83,20,16
BART_015,NEON.MAM.D01.R3292,M,PEMA,16,152,85,18,16
BART_015,NEON.MAM.D01.R3294,M,PEMA,18,159,91,20,16
BART_012,NEON.MAM.D01.R3297,F,PEMA,19,160,86,20,16
BART_015,NEON.MAM.D01.R3299,F,PEMA,14,141,84,19,16
BART_084,NEON.MAM.D01.R3302,M,PEMA,17,131,55,20,16
BART_084,NEON.MAM.D01.R3305,F,PEMA,17,168,92,21,16
BART_084,NEON.MAM.D01.R3309,M,PEMA,14,148,80,20,14
BART_012,NEON.MAM.D01.R3317,F,PEMA,19,144,83,19,17
HARV_008,NEON.MAM.D01.R3324,F,PELE,25,144,54,20,18
BART_007,NEON.MAM.D01.R3325,M,PEMA,16,132,81,20,15
BART_007,NEON.MAM.D01.R3328,M,PEMA,16,152,75,20,15
BART_012,NEON.MAM.D01.R3331,M,PEMA,17,155,85,20,15
BART_015,NEON.MAM.D01.R3334,F,PEMA,18,156,86,20,17
BART_012,NEON.MAM.D01.R3335,M,PEMA,15,150,87,19,15
BART_015,NEON.MAM.D01.R3336,M,PEMA,17,165,92,21,16
BART_015,NEON.MAM.D01.R3337,F,PEMA,16,163,89,20,16
BART_007,NEON.MAM.D01.R3342,F,PEMA,18,161,90,20,17
BART_012,NEON.MAM.D01.R3344,M,PEMA,17,160,86,20,16
BART_012,NEON.MAM.D01.R3345,M,PEMA,16,166,90,21,17
BART_012,NEON.MAM.D01.R3347,M,PEMA,16,151,75,20,14
HARV_021,NEON.MAM.D01.R3348,F,PEMA,19,129,79,19,15
BART_015,NEON.MAM.D01.R3349,M,PEMA,17,153,88,19,17
BART_012,NEON.MAM.D01.R3352,M,PEMA,15,154,85,19,14
BART_012,NEON.MAM.D01.R3355,M,PEMA,17,158,85,20,16
HARV_023,NEON.MAM.D01.R3369,F,PELE,17,153,76,20,17
BART_012,NEON.MAM.D01.R3374,M,PELE,16,139,71,20,14
HARV_021,NEON.MAM.D01.R3375,M,PELE,25,151,87,20,15
BART_001,NEON.MAM.D01.R3387,M,PEMA,20,146,85,19,14
BART_015,NEON.MAM.D01.R3388,F,PEMA,14,157,90,20,17
BART_015,NEON.MAM.D01.R3389,F,PEMA,15,166,93,20,17
BART_015,NEON.MAM.D01.R3390,F,PEMA,15,159,86,20,19
BART_001,NEON.MAM.D01.R3391,M,PEMA,18,157,87,20,15
BART_001,NEON.MAM.D01.R3392,M,PEMA,15,158,91,20,15
BART_001,NEON.MAM.D01.R3393,M,PEMA,15,161,85,21,16
BART_015,NEON.MAM.D01.R3395,M,PEMA,17,149,83,20,18
BART_015,NEON.MAM.D01.R3396,M,PEMA,22,173,92,20,18
BART_001,NEON.MAM.D01.R3398,M,PEMA,17,161,85,20,18
BART_001,NEON.MAM.D01.R3400,M,PEMA,18,153,75,21,18
BART_015,NEON.MAM.D01.R3402,M,PELE,22,156,80,19,16
BART_015,NEON.MAM.D01.R3408,M,PEMA,17,160,86,20,16
HARV_008,NEON.MAM.D01.R3422,F,PEMA,19,134,83,20,15
HARV_021,NEON.MAM.D01.R3423,M,PEMA,21,161,84,22,16
HARV_008,NEON.MAM.D01.R3426,M,PEMA,18,143,73,22,14
HARV_008,NEON.MAM.D01.R3433,F,PELE,23,161,81,21,15
HARV_021,NEON.MAM.D01.R3451,F,PELE,23,159,83,21,16
HARV_021,NEON.MAM.D01.R3454,F,PEMA,16,138,73,19,15
HARV_001,NEON.MAM.D01.R3470,M,PEMA,23,153,80,20,15
BART_012,NEON.MAM.D01.R3472,M,PEMA,17,153,76,20,14
BART_012,NEON.MAM.D01.R3481,F,PEMA,17,165,85,21,16
BART_015,NEON.MAM.D01.R3488,F,PEMA,20,175,96,20,17
HARV_023,NEON.MAM.D01.R3498,F,PEMA,26,181,96,21,16
HARV_021,NEON.MAM.D01.R3503,M,PELE,22,153,82,20,15
BART_001,NEON.MAM.D01.R3517,M,PEMA,18,157,80,20,16
BART_001,NEON.MAM.D01.R3520,M,PEMA,17,160,89,20,15
BART_001,NEON.MAM.D01.R3521,M,PEMA,15,146,83,19,16
BART_001,NEON.MAM.D01.R3523,M,PEMA,17,165,85,21,16
BART_001,NEON.MAM.D01.R3524,M,PEMA,16,149,84,19,16
BART_001,NEON.MAM.D01.R3527,F,PELE,24,151,80,18,15
BART_062,NEON.MAM.D01.R3537,M,PELE,15,137,68,17,15
BART_062,NEON.MAM.D01.R3540,M,PEMA,16,164,86,20,17
BART_062,NEON.MAM.D01.R3545,M,PELE,15,137,69,18,13
BART_062,NEON.MAM.D01.R3548,M,PELE,26,142,77,14,15
BART_062,NEON.MAM.D01.R3549,M,PEMA,20,150,68,21,16
BART_062,NEON.MAM.D01.R3554,M,PEMA,14,140,84,20,16
HARV_001,NEON.MAM.D01.R3556,F,PEMA,28,143,85,20,15
BART_062,NEON.MAM.D01.R3565,M,PEMA,19,171,94,20,15
HARV_001,NEON.MAM.D01.R3567,F,PEMA,22,154,87,20,15
HARV_001,NEON.MAM.D01.R3570,F,PEMA,25,138,85,20,14
HARV_001,NEON.MAM.D01.R3573,F,PEMA,20,157,75,20,16
BART_007,NEON.MAM.D01.R3575,F,PEMA,15,135,83,20,15
BART_015,NEON.MAM.D01.R3592,F,PEMA,15,157,90,20,15
BART_015,NEON.MAM.D01.R3594,M,PEMA,19,158,85,20,17
BART_007,NEON.MAM.D01.R3595,M,PEMA,15,156,89,20,15
BART_007,NEON.MAM.D01.R3596,M,PEMA,18,160,87,20,16
BART_015,NEON.MAM.D01.R3597,F,PEMA,15,140,80,19,14
BART_007,NEON.MAM.D01.R3598,M,PEMA,18,147,72,20,17
HARV_008,NEON.MAM.D01.R3625,M,PELE,20,129,78,21,13
HARV_008,NEON.MAM.D01.R3628,M,PELE,18,141,72,19,15
HARV_021,NEON.MAM.D01.R3630,M,PEMA,25,156,91,19,15
HARV_021,NEON.MAM.D01.R3632,F,PELE,26,141,85,19,15
HARV_021,NEON.MAM.D01.R3633,F,PELE,22,148,78,20,16
HARV_008,NEON.MAM.D01.R3637,F,PELE,24,159,88,21,16
HARV_021,NEON.MAM.D01.R3638,M,PELE,19,150,73,20,14
HARV_021,NEON.MAM.D01.R3639,M,PEMA,21,151,84,20,17
HARV_008,NEON.MAM.D01.R3640,M,PELE,19,157,78,22,16
HARV_021,NEON.MAM.D01.R3643,F,PELE,21,153,80,20,16
HARV_021,NEON.MAM.D01.R3649,F,PEMA,19,153,79,21,16
HARV_023,NEON.MAM.D01.R3650,F,PELE,19,122,76,21,14
HARV_010,NEON.MAM.D01.R3653,M,PELE,26,169,90,21,15
HARV_023,NEON.MAM.D01.R3654,M,PELE,22,156,78,20,16
HARV_006,NEON.MAM.D01.R3662,F,PELE,19,165,89,20,14
HARV_023,NEON.MAM.D01.R3666,F,PEMA,22,170,93,21,16
HARV_021,NEON.MAM.D01.R3673,M,PELE,26,153,72,20,18
HARV_006,NEON.MAM.D01.R3674,M,PELE,22,160,85,21,15
HARV_008,NEON.MAM.D01.R3699,M,PELE,20,155,86,20,16
BART_012,NEON.MAM.D01.R3703,M,PEMA,22,154,88,20,16
HARV_008,NEON.MAM.D01.R3705,F,PELE,19,156,75,20,16
HARV_008,NEON.MAM.D01.R3713,F,PELE,19,146,77,19,15
HARV_008,NEON.MAM.D01.R3715,F,PEMA,18,143,69,19,16
HARV_006,NEON.MAM.D01.R3722,M,PEMA,16,156,78,20,16
BART_007,NEON.MAM.D01.R3732,M,PEMA,27,178,98,19,16
BART_007,NEON.MAM.D01.R3743,M,PEMA,24,154,80,18,16
HARV_001,NEON.MAM.D01.R3744,M,PEMA,19,137,80,19,15
BART_012,NEON.MAM.D01.R3748,M,PEMA,24,155,84,20,16
HARV_023,NEON.MAM.D01.R3755,M,PELE,25,164,86,21,15
HARV_023,NEON.MAM.D01.R3757,F,PELE,15,147,75,19,16
HARV_008,NEON.MAM.D01.R3765,F,PELE,18,154,76,21,16
BART_084,NEON.MAM.D01.R3770,F,PELE,17,145,76,20,16
HARV_023,NEON.MAM.D01.R3772,F,PELE,27,179,99,20,17
HARV_023,NEON.MAM.D01.R3776,M,PELE,20,142,79,20,15
HARV_010,NEON.MAM.D01.R3778,F,PEMA,19,142,83,20,15
HARV_010,NEON.MAM.D01.R3781,M,PEMA,17,143,81,20,17
HARV_010,NEON.MAM.D01.R3793,M,PEMA,23,154,76,19,14
HARV_021,NEON.MAM.D01.R3794,F,PELE,20,135,82,20,15
HARV_001,NEON.MAM.D01.R3802,M,PELE,20,135,80,21,13
HARV_021,NEON.MAM.D01.R3804,M,PELE,18,130,81,21,14
HARV_006,NEON.MAM.D01.R3807,M,PEMA,14,154,78,20,16
HARV_001,NEON.MAM.D01.R3811,F,PELE,18,133,82,19,15
BART_007,NEON.MAM.D01.R3819,M,PEMA,25,157,75,20,16
BART_007,NEON.MAM.D01.R3822,M,PEMA,19,156,91,16,17
HARV_006,NEON.MAM.D01.R3824,F,PELE,17,150,79,21,15
HARV_006,NEON.MAM.D01.R3827,M,PEMA,15,148,75,21,15
BART_012,NEON.MAM.D01.R3862,F,PELE,21,140,80,20,15
HARV_021,NEON.MAM.D01.R3867,M,PEMA,20,153,79,18,16
BART_015,NEON.MAM.D01.R3873,M,PEMA,19,165,93,21,16
BART_012,NEON.MAM.D01.R3874,M,PEMA,16,144,72,20,13
HARV_021,NEON.MAM.D01.R3879,M,PEMA,16,144,67,21,16
BART_015,NEON.MAM.D01.R3882,F,PEMA,24,165,93,21,16
HARV_010,NEON.MAM.D01.R3901,F,PELE,23,160,80,21,16
HARV_001,NEON.MAM.D01.R3905,M,PEMA,14,138,67,19,15
HARV_006,NEON.MAM.D01.R3906,F,PELE,18,144,74,19,15
HARV_023,NEON.MAM.D01.R3909,F,PELE,22,162,85,21,15
BART_007,NEON.MAM.D01.R3911,M,PELE,15,145,73,20,15
BART_007,NEON.MAM.D01.R3913,M,PELE,18,156,78,20,15
BART_007,NEON.MAM.D01.R3916,F,PELE,21,163,90,20,16
HARV_008,NEON.MAM.D01.R3917,F,PELE,19,148,75,19,15
HARV_010,NEON.MAM.D01.R3921,F,PELE,25,150,75,20,14
HARV_006,NEON.MAM.D01.R3924,M,PELE,17,145,75,20,14
HARV_023,NEON.MAM.D01.R3926,F,PELE,19,147,68,20,15
HARV_006,NEON.MAM.D01.R3928,M,PELE,16,140,70,18,16
HARV_006,NEON.MAM.D01.R3929,M,PELE,16,130,74,21,14
HARV_023,NEON.MAM.D01.R3930,M,PEMA,17,157,78,20,15
HARV_023,NEON.MAM.D01.R3933,M,PELE,18,152,78,20,15
HARV_006,NEON.MAM.D01.R3938,F,PELE,24,165,88,21,16
BART_012,NEON.MAM.D01.R3939,M,PEMA,20,135,80,20,14
HARV_006,NEON.MAM.D01.R3941,F,PELE,16,147,73,20,16
HARV_023,NEON.MAM.D01.R3942,F,PELE,20,151,77,18,15
HARV_006,NEON.MAM.D01.R3944,F,PELE,19,142,79,20,13
HARV_001,NEON.MAM.D01.R3950,M,PELE,19,147,76,19,15
HARV_010,NEON.MAM.D01.R3951,F,PEMA,13,139,76,19,15
HARV_010,NEON.MAM.D01.R3952,M,PEMA,26,149,73,20,15
HARV_001,NEON.MAM.D01.R3953,F,PELE,18,145,80,19,16
HARV_001,NEON.MAM.D01.R3954,M,PELE,16,150,79,20,14
HARV_001,NEON.MAM.D01.R3955,F,PEMA,15,137,64,18,14
HARV_010,NEON.MAM.D01.R3956,M,PELE,16,138,83,19,15
HARV_010,NEON.MAM.D01.R3957,F,PELE,20,150,81,21,15
HARV_001,NEON.MAM.D01.R3958,M,PEMA,15,148,78,21,15
HARV_001,NEON.MAM.D01.R3959,M,PEMA,20,151,85,19,15
HARV_010,NEON.MAM.D01.R3960,M,PELE,17,130,81,19,15
HARV_001,NEON.MAM.D01.R3962,M,PELE,18,149,79,20,14
HARV_001,NEON.MAM.D01.R3963,F,PELE,15,137,79,20,15
HARV_010,NEON.MAM.D01.R3964,F,PEMA,17,149,76,20,16
HARV_001,NEON.MAM.D01.R3965,F,PEMA,17,157,80,20,14
HARV_010,NEON.MAM.D01.R3969,M,PELE,17,138,82,20,15
HARV_010,NEON.MAM.D01.R3971,F,PEMA,17,153,85,20,15
HARV_010,NEON.MAM.D01.R3972,M,PEMA,26,157,92,20,17
HARV_010,NEON.MAM.D01.R3974,F,PELE,16,153,76,20,16
BART_012,NEON.MAM.D01.R3975,M,PELE,24,162,89,21,15
BART_012,NEON.MAM.D01.R3976,M,PEMA,18,156,78,20,15
BART_012,NEON.MAM.D01.R3982,F,PEMA,21,174,95,23,15
BART_012,NEON.MAM.D01.R3984,M,PEMA,16,140,70,20,14
BART_015,NEON.MAM.D01.R3992,F,PEMA,21,155,91,19,15
BART_015,NEON.MAM.D01.R3997,M,PEMA,19,151,84,20,16
BART_015,NEON.MAM.D01.R3998,M,PELE,20,155,74,20,14
HARV_006,NEON.MAM.D01.R3999,F,PELE,19,160,85,20,15
HARV_008,NEON.MAM.D01.R4003,M,PELE,20,150,75,20,15
HARV_021,NEON.MAM.D01.R4013,F,PELE,15,136,78,19,15
HARV_021,NEON.MAM.D01.R4015,M,PELE,21,149,79,20,15
BART_062,NEON.MAM.D01.R4017,M,PEMA,16,160,86,20,19
HARV_006,NEON.MAM.D01.R4019,M,PELE,23,143,68,21,13
HARV_010,NEON.MAM.D01.R4020,F,PEMA,16,151,75,20,14
HARV_006,NEON.MAM.D01.R4021,M,PELE,17,155,89,21,14
HARV_023,NEON.MAM.D01.R4025,F,PEMA,20,83,81,20,15
BART_012,NEON.MAM.D01.R4033,M,PEMA,21,164,100,20,17
BART_012,NEON.MAM.D01.R4034,M,PEMA,24,149,85,21,14
BART_015,NEON.MAM.D01.R4036,M,PEMA,16,154,87,19,16
BART_015,NEON.MAM.D01.R4041,M,PEMA,22,142,86,19,14
BART_007,NEON.MAM.D01.R4042,F,PELE,16,146,72,20,17
BART_015,NEON.MAM.D01.R4047,F,PEMA,17,144,79,17,17
BART_015,NEON.MAM.D01.R4049,M,PEMA,23,164,86,21,15
BART_062,NEON.MAM.D01.R4056,F,PELE,15,131,64,15,17
HARV_008,NEON.MAM.D01.R4057,M,PELE,17,155,78,20,17
HARV_006,NEON.MAM.D01.R4059,F,PELE,23,157,88,21,14
HARV_006,NEON.MAM.D01.R4060,F,PEMA,18,161,86,20,16
HARV_023,NEON.MAM.D01.R4061,M,PELE,21,151,75,19,15
HARV_023,NEON.MAM.D01.R4062,M,PEMA,22,153,78,20,16
HARV_008,NEON.MAM.D01.R4066,M,PELE,24,143,80,20,14
HARV_023,NEON.MAM.D01.R4069,F,PEMA,30,177,96,20,16
BART_007,NEON.MAM.D01.R4078,M,PELE,20,150,78,20,15
HARV_023,NEON.MAM.D01.R4083,M,PEMA,24,131,81,20,14
HARV_023,NEON.MAM.D01.R4088,M,PEMA,17,155,79,21,17
HARV_023,NEON.MAM.D01.R4094,M,PEMA,18,152,74,20,13
HARV_008,NEON.MAM.D01.R4101,M,PEMA,24,159,92,20,16
HARV_021,NEON.MAM.D01.R4108,F,PELE,16,143,81,20,16
HARV_008,NEON.MAM.D01.R4110,M,PEMA,21,154,83,19,16
BART_015,NEON.MAM.D01.R4116,F,PEMA,27,147,87,20,16
HARV_023,NEON.MAM.D01.R4117,F,PELE,20,156,75,20,15
HARV_001,NEON.MAM.D01.R4120,M,PEMA,16,153,80,20,15
HARV_023,NEON.MAM.D01.R4122,M,PELE,20,160,77,20,16
HARV_023,NEON.MAM.D01.R4124,M,PELE,18,156,80,20,16
HARV_001,NEON.MAM.D01.R4132,F,PEMA,16,136,70,18,28
HARV_001,NEON.MAM.D01.R4139,M,PELE,19,139,78,19,14
HARV_001,NEON.MAM.D01.R4147,F,PEMA,17,139,69,19,14
HARV_001,NEON.MAM.D01.R4148,F,PELE,16,139,80,19,15
HARV_023,NEON.MAM.D01.R4151,F,PELE,25,158,82,19,15
BART_062,NEON.MAM.D01.R4154,F,PEMA,12,155,85,21,17
BART_062,NEON.MAM.D01.R4155,M,PEMA,14,162,91,21,18
BART_007,NEON.MAM.D01.R4156,M,PEMA,20,170,91,22,16
BART_062,NEON.MAM.D01.R4172,M,PEMA,16,164,85,22,17
HARV_023,NEON.MAM.D01.R4174,F,PELE,20,154,80,20,16
HARV_010,NEON.MAM.D01.R4176,F,PELE,21,157,85,21,16
HARV_010,NEON.MAM.D01.R4177,M,PEMA,20,154,80,21,15
HARV_023,NEON.MAM.D01.R4178,F,PEMA,15,147,75,21,16
HARV_006,NEON.MAM.D01.R4183,F,PEMA,16,143,71,17,14
HARV_010,NEON.MAM.D01.R4185,M,PEMA,18,149,80,20,15
HARV_023,NEON.MAM.D01.R4186,M,PELE,22,152,73,20,15
HARV_023,NEON.MAM.D01.R4187,M,PELE,19,150,72,20,14
BART_007,NEON.MAM.D01.R4190,F,PEMA,19,147,82,19,18
HARV_023,NEON.MAM.D01.R4193,M,PEMA,15,121,81,21,14
HARV_006,NEON.MAM.D01.R4195,M,PEMA,18,157,79,20,16
HARV_010,NEON.MAM.D01.R4196,M,PELE,16,147,79,20,15
HARV_023,NEON.MAM.D01.R4198,M,PEMA,14,131,59,18,14
BART_015,NEON.MAM.D01.R4204,M,PELE,20,153,80,21,17
HARV_010,NEON.MAM.D01.R4207,F,PEMA,14,147,75,20,14
BART_062,NEON.MAM.D01.R4209,F,PELE,25,142,78,19,14
HARV_023,NEON.MAM.D01.R4217,M,PELE,14,137,78,19,15
BART_062,NEON.MAM.D01.R4221,M,PELE,17,155,75,20,15
HARV_001,NEON.MAM.D01.R4224,M,PELE,24,157,82,20,16
BART_007,NEON.MAM.D01.R4226,M,PELE,23,162,80,21,15
HARV_023,NEON.MAM.D01.R4229,M,PEMA,21,153,78,20,15
HARV_023,NEON.MAM.D01.R4231,F,PELE,30,143,72,20,14
BART_007,NEON.MAM.D01.R4240,M,PELE,17,141,66,20,15
HARV_023,NEON.MAM.D01.R4241,F,PEMA,15,135,83,20,15
BART_015,NEON.MAM.D01.R4243,F,PELE,16,152,75,20,16
BART_015,NEON.MAM.D01.R4245,F,PELE,17,154,77,21,18
BART_007,NEON.MAM.D01.R4248,M,PELE,16,144,72,20,15
HARV_021,NEON.MAM.D01.R4253,M,PELE,23,147,79,20,16
BART_007,NEON.MAM.D01.R4254,F,PEMA,15,144,83,21,17
BART_007,NEON.MAM.D01.R4255,M,PELE,16,144,84,20,15
BART_007,NEON.MAM.D01.R4256,M,PEMA,22,159,88,20,16
BART_007,NEON.MAM.D01.R4258,M,PEMA,15,167,93,21,16
HARV_023,NEON.MAM.D01.R4260,F,PELE,17,154,77,21,16
BART_007,NEON.MAM.D01.R4262,F,PEMA,13,167,93,20,16
HARV_021,NEON.MAM.D01.R4266,F,PELE,20,170,88,21,15
HARV_023,NEON.MAM.D01.R4269,F,PELE,24,155,85,20,16
BART_007,NEON.MAM.D01.R4272,M,PEMA,20,173,95,20,17
BART_007,NEON.MAM.D01.R4274,F,PEMA,16,165,91,21,18
HARV_023,NEON.MAM.D01.R4278,M,PELE,18,162,90,20,15
HARV_023,NEON.MAM.D01.R4292,M,PELE,16,148,81,21,16
HARV_008,NEON.MAM.D01.R4295,F,PELE,26,155,90,20,16
HARV_001,NEON.MAM.D01.R4296,M,PEMA,20,122,81,20,15
BART_001,NEON.MAM.D01.R4300,M,PELE,22,135,30,20,16
HARV_006,NEON.MAM.D01.R4303,M,PELE,23,153,77,19,15
BART_015,NEON.MAM.D01.R4306,F,PELE,15,145,84,21,15
BART_084,NEON.MAM.D01.R4309,F,PEMA,24,159,90,20,15
HARV_006,NEON.MAM.D01.R4313,F,PELE,26,165,84,21,15
BART_007,NEON.MAM.D01.R4315,M,PELE,27,131,81,20,14
HARV_010,NEON.MAM.D01.R4318,M,PELE,22,151,79,20,15
HARV_010,NEON.MAM.D01.R4320,M,PELE,21,153,78,20,14
BART_007,NEON.MAM.D01.R4321,F,PELE,24,152,86,21,14
BART_007,NEON.MAM.D01.R4323,F,PELE,21,167,86,22,15
HARV_008,NEON.MAM.D01.R4331,F,PELE,24,90,92,20,16
HARV_001,NEON.MAM.D01.R4340,M,PELE,25,181,99,22,16
BART_012,NEON.MAM.D01.R4342,M,PEMA,18,111,78,18,16
BART_012,NEON.MAM.D01.R4347,F,PEMA,19,162,89,20,16
HARV_001,NEON.MAM.D01.R4348,F,PELE,18,160,92,20,15
BART_007,NEON.MAM.D01.R4355,M,PELE,12,141,69,20,15
BART_015,NEON.MAM.D01.R4357,F,PEMA,19,148,88,19,14
HARV_021,NEON.MAM.D01.R4359,M,PELE,23,151,84,19,14
HARV_008,NEON.MAM.D01.R4361,M,PEMA,22,161,79,21,15
HARV_021,NEON.MAM.D01.R4369,M,PEMA,24,153,75,19,14
BART_062,NEON.MAM.D01.R4373,M,PELE,25,160,74,21,15
BART_007,NEON.MAM.D01.R4374,F,PELE,24,149,80,20,15
HARV_008,NEON.MAM.D01.R4376,M,PELE,19,151,75,20,14
BART_015,NEON.MAM.D01.R4378,M,PELE,31,171,85,21,16
HARV_023,NEON.MAM.D01.R4380,M,PELE,20,122,81,20,15
HARV_023,NEON.MAM.D01.R4382,M,PELE,22,151,79,19,15
HARV_008,NEON.MAM.D01.R4383,M,PELE,23,153,80,20,15
HARV_001,NEON.MAM.D01.R4386,M,PELE,20,150,74,20,14
BART_015,NEON.MAM.D01.R4388,M,PELE,22,151,72,20,15
HARV_021,NEON.MAM.D01.R4394,M,PELE,14,138,71,17,15
BART_012,NEON.MAM.D01.R4396,F,PELE,19,149,73,20,17
HARV_001,NEON.MAM.D01.R4397,M,PEMA,24,151,74,19,14
HARV_001,NEON.MAM.D01.R4398,F,PELE,20,159,75,20,16
HARV_001,NEON.MAM.D01.R4399,M,PELE,22,151,78,18,14
BART_062,NEON.MAM.D01.R4401,F,PELE,18,143,74,18,15
HARV_010,NEON.MAM.D01.R4402,M,PELE,30,157,86,20,16
HARV_008,NEON.MAM.D01.R4404,M,PELE,14,130,60,18,13
HARV_006,NEON.MAM.D01.R4408,F,PELE,21,148,71,20,16
HARV_006,NEON.MAM.D01.R4410,M,PELE,16,143,73,20,15
HARV_023,NEON.MAM.D01.R4411,M,PELE,20,152,82,20,15
HARV_023,NEON.MAM.D01.R4415,M,PELE,16,150,74,20,15
HARV_010,NEON.MAM.D01.R4417,M,PELE,19,145,83,21,15
HARV_023,NEON.MAM.D01.R4419,M,PELE,19,138,82,19,15
HARV_021,NEON.MAM.D01.R4421,M,PEMA,22,154,75,19,15
HARV_001,NEON.MAM.D01.R4423,M,PELE,23,148,87,20,14
BART_015,NEON.MAM.D01.R4426,M,PELE,22,127,15,20,16
BART_012,NEON.MAM.D01.R4434,M,PELE,18,144,78,18,17
BART_012,NEON.MAM.D01.R4435,M,PELE,23,158,82,18,16
BART_015,NEON.MAM.D01.R4443,F,PEMA,14,155,87,18,18
BART_015,NEON.MAM.D01.R4446,F,PELE,24,141,90,20,16
BART_015,NEON.MAM.D01.R4447,F,PELE,24,154,84,19,15
HARV_023,NEON.MAM.D01.R4451,M,PELE,18,155,78,21,17
HARV_023,NEON.MAM.D01.R4455,F,PELE,24,150,83,18,14
BART_012,NEON.MAM.D01.R4459,F,PELE,18,140,73,18,15
BART_062,NEON.MAM.D01.R4460,M,PELE,16,143,72,14,16
BART_062,NEON.MAM.D01.R4461,M,PELE,25,154,87,20,16
BART_062,NEON.MAM.D01.R4464,F,PELE,16,147,72,20,15
BART_062,NEON.MAM.D01.R4466,F,PELE,21,152,84,20,16
BART_062,NEON.MAM.D01.R4468,F,PELE,25,153,79,19,16
BART_062,NEON.MAM.D01.R4469,F,PELE,22,156,84,19,15
BART_062,NEON.MAM.D01.R4474,M,PELE,17,138,74,16,16
BART_001,NEON.MAM.D01.R4478,F,PELE,24,154,79,20,15
HARV_023,NEON.MAM.D01.R4479,M,PELE,15,156,77,20,16
BART_062,NEON.MAM.D01.R4481,M,PELE,29,169,90,21,16
BART_001,NEON.MAM.D01.R4483,F,PEMA,18,157,87,20,15
BART_001,NEON.MAM.D01.R4486,M,PELE,21,156,80,21,17
HARV_021,NEON.MAM.D01.R4487,F,PELE,26,141,85,19,15
BART_062,NEON.MAM.D01.R4507,F,PELE,17,141,70,18,16
BART_062,NEON.MAM.D01.R4512,F,PELE,16,149,65,19,16
HARV_001,NEON.MAM.D01.R4521,M,PELE,25,147,70,19,15
HARV_001,NEON.MAM.D01.R4523,M,PELE,18,142,69,19,14
HARV_023,NEON.MAM.D01.R4524,F,PELE,19,129,73,21,14
BART_015,NEON.MAM.D01.R4530,M,PEMA,18,152,84,20,16
BART_015,NEON.MAM.D01.R4533,F,PEMA,17,160,87,20,16
BART_015,NEON.MAM.D01.R4534,F,PELE,14,148,75,20,15
BART_015,NEON.MAM.D01.R4539,F,PEMA,13,162,93,21,16
BART_062,NEON.MAM.D01.R4542,F,PELE,25,156,83,20,16
BART_007,NEON.MAM.D01.R4543,F,PEMA,13,162,92,21,16
BART_015,NEON.MAM.D01.R4545,M,PELE,17,147,74,19,16
BART_007,NEON.MAM.D01.R4550,M,PEMA,15,143,79,18,17
BART_007,NEON.MAM.D01.R4551,M,PELE,17,156,76,20,15
BART_007,NEON.MAM.D01.R4553,M,PELE,15,139,70,19,15
BART_007,NEON.MAM.D01.R4555,F,PEMA,13,156,90,19,17
HARV_010,NEON.MAM.D01.R4559,F,PEMA,18,133,79,18,14
BART_007,NEON.MAM.D01.R4562,M,PELE,16,140,82,20,14
BART_007,NEON.MAM.D01.R4563,M,PELE,17,159,77,20,16
HARV_010,NEON.MAM.D01.R4565,M,PELE,22,153,81,18,17
BART_007,NEON.MAM.D01.R4570,M,PEMA,14,165,94,21,16
BART_062,NEON.MAM.D01.R4577,F,PELE,16,156,78,20,16
HARV_006,NEON.MAM.D01.R4579,M,PELE,31,170,80,21,16
HARV_006,NEON.MAM.D01.R4583,F,PEMA,20,152,84,20,16
HARV_006,NEON.MAM.D01.R4584,M,PELE,19,156,88,20,15
HARV_006,NEON.MAM.D01.R4586,M,PELE,15,138,78,20,16
BART_062,NEON.MAM.D01.R4587,M,PEMA,19,154,70,21,18
HARV_023,NEON.MAM.D01.R4588,M,PELE,22,157,75,20,16
HARV_006,NEON.MAM.D01.R4592,F,PEMA,22,153,85,20,15
BART_062,NEON.MAM.D01.R4593,M,PELE,15,136,70,18,17
HARV_008,NEON.MAM.D01.R4597,M,PELE,25,165,70,21,17
HARV_006,NEON.MAM.D01.R4598,U,PELE,18,141,68,20,14
HARV_010,NEON.MAM.D01.R4603,M,PELE,19,135,82,20,15
HARV_008,NEON.MAM.D01.R4607,F,PEMA,21,173,92,22,17
HARV_010,NEON.MAM.D01.R4608,F,PELE,23,145,80,20,14
BART_007,NEON.MAM.D01.R4610,F,PEMA,19,173,95,20,18
HARV_008,NEON.MAM.D01.R4616,F,PELE,16,154,85,20,15
HARV_008,NEON.MAM.D01.R4621,M,PELE,22,162,82,21,15
HARV_010,NEON.MAM.D01.R4625,M,PELE,18,147,74,17,12
HARV_010,NEON.MAM.D01.R4629,M,PEMA,18,149,80,20,16
HARV_010,NEON.MAM.D01.R4630,M,PELE,20,141,82,21,15
HARV_023,NEON.MAM.D01.R4633,F,PELE,23,167,91,21,16
HARV_010,NEON.MAM.D01.R4634,F,PELE,25,156,88,21,14
HARV_008,NEON.MAM.D01.R4635,F,PELE,17,144,76,18,15
HARV_023,NEON.MAM.D01.R4637,F,PELE,22,153,85,20,15
HARV_023,NEON.MAM.D01.R4642,F,PELE,21,150,82,21,15
HARV_023,NEON.MAM.D01.R4643,F,PELE,20,146,80,20,15
HARV_023,NEON.MAM.D01.R4644,F,PELE,20,152,77,19,16
HARV_023,NEON.MAM.D01.R4645,F,PELE,20,147,75,19,14
HARV_010,NEON.MAM.D01.R4646,F,PELE,24,151,78,18,13
HARV_021,NEON.MAM.D01.R4654,F,PELE,21,155,78,20,17
HARV_008,NEON.MAM.D01.R4659,F,PELE,17,157,78,20,15
HARV_006,NEON.MAM.D01.R4669,M,PELE,21,152,76,21,16
HARV_006,NEON.MAM.D01.R4671,M,PELE,18,145,71,20,15
HARV_008,NEON.MAM.D01.R4672,F,PEMA,17,152,84,20,17
BART_012,NEON.MAM.D01.R4687,F,PELE,18,118,40,17,15
BART_012,NEON.MAM.D01.R4691,F,PEMA,19,152,80,20,17
BART_012,NEON.MAM.D01.R4695,M,PELE,25,155,85,19,15
HARV_008,NEON.MAM.D01.R4701,F,PELE,19,132,79,19,14
HARV_008,NEON.MAM.D01.R4703,M,PELE,27,164,80,21,15
BART_084,NEON.MAM.D01.R4705,F,PEMA,16,158,85,20,16
HARV_008,NEON.MAM.D01.R4709,F,PELE,20,150,78,21,15
BART_007,NEON.MAM.D01.R4719,F,PEMA,19,164,90,20,16
BART_007,NEON.MAM.D01.R4720,F,PELE,20,145,80,20,15
BART_007,NEON.MAM.D01.R4723,M,PEMA,14,153,80,20,16
BART_007,NEON.MAM.D01.R4724,F,PELE,20,154,74,21,15
HARV_001,NEON.MAM.D01.R4725,F,PELE,27,147,85,20,16
HARV_001,NEON.MAM.D01.R4726,M,PELE,16,136,78,19,15
HARV_001,NEON.MAM.D01.R4727,M,PELE,23,143,77,21,14
HARV_006,NEON.MAM.D01.R4728,M,PELE,16,143,70,20,15
HARV_021,NEON.MAM.D01.R4729,U,PELE,18,136,72,19,15
HARV_021,NEON.MAM.D01.R4730,F,PELE,18,150,84,21,16
HARV_006,NEON.MAM.D01.R4732,F,PELE,23,147,65,20,15
BART_001,NEON.MAM.D01.R4735,M,PEMA,15,143,84,20,15
BART_001,NEON.MAM.D01.R4738,F,PEMA,14,139,80,19,15
HARV_008,NEON.MAM.D01.R4739,F,PELE,20,131,83,21,13
HARV_021,NEON.MAM.D01.R4740,M,PELE,18,148,72,20,15
HARV_001,NEON.MAM.D01.R4741,M,PELE,21,154,74,20,15
HARV_021,NEON.MAM.D01.R4743,F,PELE,22,150,78,19,15
HARV_021,NEON.MAM.D01.R4744,F,PELE,17,145,71,20,15
HARV_021,NEON.MAM.D01.R4745,M,PELE,18,142,82,20,16
HARV_008,NEON.MAM.D01.R4746,F,PELE,16,139,70,18,15
HARV_021,NEON.MAM.D01.R4748,F,PELE,18,129,79,20,15
HARV_021,NEON.MAM.D01.R4749,F,PELE,16,140,70,18,16
BART_007,NEON.MAM.D01.R4750,F,PEMA,15,160,90,20,19
BART_007,NEON.MAM.D01.R4751,M,PEMA,19,174,97,21,16
BART_007,NEON.MAM.D01.R4752,F,PEMA,20,174,99,20,18
BART_007,NEON.MAM.D01.R4756,M,PEMA,17,159,90,20,17
BART_007,NEON.MAM.D01.R4761,F,PELE,26,160,85,21,15
BART_012,NEON.MAM.D01.R4767,M,PEMA,19,147,73,18,13
BART_012,NEON.MAM.D01.R4768,M,PELE,21,159,77,20,16
BART_012,NEON.MAM.D01.R4770,F,PELE,19,150,74,18,13
BART_012,NEON.MAM.D01.R4772,M,PEMA,18,167,94,20,17
BART_012,NEON.MAM.D01.R4773,F,PELE,17,142,71,18,14
BART_012,NEON.MAM.D01.R4774,M,PELE,20,149,75,19,15
BART_001,NEON.MAM.D01.R4779,M,PELE,28,145,83,21,14
BART_001,NEON.MAM.D01.R4783,M,PEMA,17,146,84,19,14
BART_001,NEON.MAM.D01.R4785,F,PELE,15,137,66,18,13
BART_062,NEON.MAM.D01.R4787,M,PEMA,15,150,75,20,17
BART_001,NEON.MAM.D01.R4796,F,PELE,17,145,74,19,13
BART_001,NEON.MAM.D01.R4798,M,PELE,17,152,74,20,15
HARV_021,NEON.MAM.D01.R4801,M,PELE,18,136,72,19,16
HARV_021,NEON.MAM.D01.R4803,M,PELE,20,146,77,19,14
HARV_021,NEON.MAM.D01.R4804,F,PELE,16,147,74,20,15
HARV_021,NEON.MAM.D01.R4805,M,PEMA,18,139,81,19,17
HARV_008,NEON.MAM.D01.R4808,M,PEMA,18,146,80,16,16
HARV_021,NEON.MAM.D01.R4809,F,PEMA,17,145,73,19,16
HARV_021,NEON.MAM.D01.R4813,M,PELE,23,151,83,20,15
HARV_021,NEON.MAM.D01.R4815,F,PELE,18,73,79,19,16
HARV_021,NEON.MAM.D01.R4818,F,PEMA,17,148,75,19,16
HARV_008,NEON.MAM.D01.R4820,F,PELE,23,155,83,17,15
HARV_021,NEON.MAM.D01.R4821,F,PELE,19,157,77,20,17
HARV_008,NEON.MAM.D01.R4822,M,PELE,24,151,80,20,15
HARV_021,NEON.MAM.D01.R4824,F,PELE,18,155,79,21,16
HARV_001,NEON.MAM.D01.R4827,F,PEMA,21,148,72,18,15
HARV_001,NEON.MAM.D01.R4828,M,PEMA,28,155,83,21,16
HARV_001,NEON.MAM.D01.R4830,F,PELE,17,140,69,22,14
HARV_001,NEON.MAM.D01.R4831,U,PEMA,25,157,77,20,17
HARV_001,NEON.MAM.D01.R4840,M,PELE,25,150,81,20,17
HARV_021,NEON.MAM.D01.R4846,F,PELE,16,144,78,19,17
HARV_010,NEON.MAM.D01.R4850,F,PELE,14,133,70,19,13
HARV_010,NEON.MAM.D01.R4851,F,PELE,28,150,89,20,15
HARV_023,NEON.MAM.D01.R4854,F,PELE,26,169,92,21,16
HARV_010,NEON.MAM.D01.R4855,M,PELE,17,155,75,20,15
HARV_006,NEON.MAM.D01.R4856,M,PEMA,22,156,80,19,16
HARV_023,NEON.MAM.D01.R4857,M,PEMA,22,160,85,21,16
HARV_023,NEON.MAM.D01.R4858,M,PELE,15,142,68,20,15
HARV_006,NEON.MAM.D01.R4859,F,PELE,19,150,73,20,15
HARV_023,NEON.MAM.D01.R4860,F,PELE,24,181,96,21,16
HARV_006,NEON.MAM.D01.R4861,F,PELE,17,145,75,19,14
HARV_006,NEON.MAM.D01.R4863,F,PELE,24,151,80,19,15
HARV_006,NEON.MAM.D01.R4866,F,PELE,23,153,80,20,15
HARV_023,NEON.MAM.D01.R4870,F,PELE,25,169,80,21,15
HARV_023,NEON.MAM.D01.R4872,F,PELE,24,157,85,20,16
HARV_010,NEON.MAM.D01.R4888,M,PELE,18,145,80,19,16
HARV_010,NEON.MAM.D01.R4898,M,PELE,23,160,83,21,17
HARV_006,NEON.MAM.D01.R4899,M,PELE,21,137,85,20,14
HARV_010,NEON.MAM.D01.R4901,M,PELE,23,165,86,21,15
BART_084,NEON.MAM.D01.R4924,F,PEMA,14,151,78,20,18
HARV_006,NEON.MAM.D01.R4925,M,PELE,17,138,82,20,14
HARV_023,NEON.MAM.D01.R4930,F,PELE,24,160,84,21,16
HARV_006,NEON.MAM.D01.R4931,M,PELE,24,181,97,21,16
HARV_006,NEON.MAM.D01.R4936,M,PELE,24,169,92,21,16
HARV_006,NEON.MAM.D01.R4942,M,PELE,20,144,84,20,14
HARV_008,NEON.MAM.D01.R4954,M,PELE,26,159,87,21,12
BART_015,NEON.MAM.D01.R4973,F,PEMA,24,177,96,21,18
BART_062,NEON.MAM.D01.R4981,M,PEMA,14,165,94,21,19
HARV_008,NEON.MAM.D01.R4991,M,PELE,25,168,77,21,16
HARV_008,NEON.MAM.D01.R4997,M,PELE,17,146,68,21,15
HARV_008,NEON.MAM.D01.R4999,F,PELE,20,141,84,20,15
BART_015,NEON.MAM.D01.R5000,M,PEMA,17,166,98,19,15
BART_062,NEON.MAM.D01.R5010,F,PEMA,21,151,83,19,15
HARV_021,NEON.MAM.D01.R5018,M,PELE,25,162,90,20,17
BART_007,NEON.MAM.D01.R5021,F,PEMA,18,160,92,20,16
BART_062,NEON.MAM.D01.R5029,F,PEMA,14,152,77,20,17
BART_062,NEON.MAM.D01.R5031,M,PEMA,15,152,88,19,17
BART_062,NEON.MAM.D01.R5033,M,PEMA,15,146,82,20,16
BART_062,NEON.MAM.D01.R5035,M,PEMA,15,162,90,20,18
BART_062,NEON.MAM.D01.R5038,F,PEMA,19,160,85,20,16
BART_012,NEON.MAM.D01.R5040,M,PEMA,18,169,94,21,18
BART_062,NEON.MAM.D01.R5042,M,PEMA,15,149,79,21,18
BART_012,NEON.MAM.D01.R5045,F,PEMA,15,164,89,21,17
BART_062,NEON.MAM.D01.R5046,F,PEMA,20,165,90,20,18
BART_012,NEON.MAM.D01.R5047,M,PEMA,19,148,83,21,17
BART_062,NEON.MAM.D01.R5048,F,PEMA,13,138,80,21,18
BART_001,NEON.MAM.D01.R5056,M,PEMA,18,166,94,22,18
BART_001,NEON.MAM.D01.R5057,M,PEMA,18,162,91,20,16
BART_001,NEON.MAM.D01.R5100,M,PEMA,13,156,89,20,16
BART_001,NEON.MAM.D01.R5105,M,PEMA,14,147,84,20,16
BART_001,NEON.MAM.D01.R5106,F,PEMA,13,149,87,20,15
BART_001,NEON.MAM.D01.R5107,F,PEMA,16,160,89,20,16
BART_001,NEON.MAM.D01.R5108,M,PEMA,14,164,92,21,16
BART_001,NEON.MAM.D01.R5110,F,PEMA,12,127,82,20,16
BART_001,NEON.MAM.D01.R5111,M,PEMA,15,169,95,21,17
BART_001,NEON.MAM.D01.R5112,M,PEMA,18,155,87,19,18
BART_001,NEON.MAM.D01.R5113,F,PEMA,14,154,78,20,16
BART_001,NEON.MAM.D01.R5114,M,PEMA,14,144,84,21,16
BART_015,NEON.MAM.D01.R5118,F,PEMA,14,160,87,21,16
BART_001,NEON.MAM.D01.R5122,F,PEMA,14,156,86,20,17
BART_012,NEON.MAM.D01.R5126,M,PEMA,16,152,84,21,17
BART_001,NEON.MAM.D01.R5130,F,PEMA,14,160,85,21,17
BART_012,NEON.MAM.D01.R5150,M,PEMA,16,168,86,21,17
BART_012,NEON.MAM.D01.R5151,M,PEMA,16,165,90,22,19
BART_012,NEON.MAM.D01.R5152,F,PEMA,14,146,76,19,17
BART_012,NEON.MAM.D01.R5153,F,PEMA,15,165,91,21,18
BART_012,NEON.MAM.D01.R5156,F,PEMA,16,157,86,20,17
BART_012,NEON.MAM.D01.R5157,M,PEMA,14,146,81,20,18
BART_012,NEON.MAM.D01.R5158,M,PEMA,16,166,94,22,17
BART_012,NEON.MAM.D01.R5159,F,PEMA,14,159,86,22,18
BART_012,NEON.MAM.D01.R5161,M,PEMA,16,166,89,21,15
BART_012,NEON.MAM.D01.R5162,F,PEMA,15,165,86,21,19
BART_012,NEON.MAM.D01.R5164,F,PEMA,13,146,84,20,16
BART_012,NEON.MAM.D01.R5165,F,PEMA,18,168,88,21,17
BART_012,NEON.MAM.D01.R5168,F,PEMA,13,134,83,21,18
BART_012,NEON.MAM.D01.R5169,F,PEMA,13,136,79,21,18
BART_007,NEON.MAM.D01.R5171,F,PEMA,14,156,86,20,17
BART_007,NEON.MAM.D01.R5172,M,PEMA,16,168,86,21,17
BART_012,NEON.MAM.D01.R5176,F,PEMA,17,166,87,21,16
BART_012,NEON.MAM.D01.R5184,F,PEMA,19,168,91,21,19
BART_015,NEON.MAM.D01.R5188,F,PEMA,14,162,88,21,17
BART_012,NEON.MAM.D01.R5189,M,PEMA,16,152,84,19,18
BART_015,NEON.MAM.D01.R5192,M,PEMA,20,155,84,21,18
BART_015,NEON.MAM.D01.R5193,M,PEMA,18,159,86,20,17
BART_015,NEON.MAM.D01.R5196,F,PEMA,17,167,85,21,18
BART_015,NEON.MAM.D01.R5197,F,PEMA,16,158,85,20,17
BART_015,NEON.MAM.D01.R5198,F,PEMA,14,146,79,21,17
BART_015,NEON.MAM.D01.R5228,M,PELE,19,137,72,19,15
BART_015,NEON.MAM.D01.R5251,M,PEMA,15,143,68,22,15
BART_012,NEON.MAM.D01.R5273,F,PEMA,22,164,89,21,17
BART_001,NEON.MAM.D01.R5274,F,PEMA,21,167,101,20,17
HARV_021,NEON.MAM.D01.R5286,M,MIPE,32,128,47,21,13
BART_015,NEON.MAM.D01.R5300,F,PEMA,24,180,99,20,19
HARV_023,NEON.MAM.D01.R5303,M,PELE,24,139,82,20,14
HARV_023,NEON.MAM.D01.R5309,M,PELE,18,145,76,20,16
HARV_023,NEON.MAM.D01.R5310,F,PELE,27,131,84,20,16
HARV_023,NEON.MAM.D01.R5314,F,PELE,15,145,73,20,14
HARV_010,NEON.MAM.D01.R5321,M,PELE,18,145,71,21,15
HARV_023,NEON.MAM.D01.R5322,M,MIPE,27,115,36,21,19
HARV_006,NEON.MAM.D01.R5323,F,PELE,21,151,75,19,15
HARV_023,NEON.MAM.D01.R5328,F,PELE,16,152,78,21,17
HARV_001,NEON.MAM.D01.R5333,M,PELE,20,141,80,20,14
HARV_001,NEON.MAM.D01.R5339,M,PELE,19,141,65,19,14
HARV_001,NEON.MAM.D01.R5340,F,PEMA,28,156,88,20,18
HARV_021,NEON.MAM.D01.R5359,M,PELE,24,152,75,19,15
BART_062,NEON.MAM.D01.R5384,F,PEMA,14,137,78,19,15
BART_062,NEON.MAM.D01.R5387,F,PEMA,16,148,82,21,17
BART_001,NEON.MAM.D01.R5388,F,PEMA,14,156,85,20,17
HARV_023,NEON.MAM.D01.R5395,M,PELE,25,168,82,21,15
BART_001,NEON.MAM.D01.R5398,M,PEMA,16,166,90,21,17
BART_084,NEON.MAM.D01.R5400,F,PEMA,20,177,98,21,15
BART_084,NEON.MAM.D01.R5402,M,PEMA,23,174,95,22,16
BART_084,NEON.MAM.D01.R5407,M,PEMA,21,179,97,22,15
BART_084,NEON.MAM.D01.R5426,F,PEMA,20,149,79,19,16
BART_084,NEON.MAM.D01.R5428,M,PEMA,16,166,90,21,17
BART_084,NEON.MAM.D01.R5429,F,PEMA,15,163,90,21,23
BART_084,NEON.MAM.D01.R5430,M,PEMA,22,150,80,20,15
BART_084,NEON.MAM.D01.R5432,F,PEMA,14,145,83,20,17
BART_015,NEON.MAM.D01.R5433,M,PEMA,17,157,78,20,15
BART_015,NEON.MAM.D01.R5434,F,PELE,20,145,80,20,15
BART_062,NEON.MAM.D01.R5436,F,PEMA,15,162,92,20,16
BART_015,NEON.MAM.D01.R5437,M,PELE,17,168,93,21,16
BART_015,NEON.MAM.D01.R5438,F,PEMA,20,175,100,21,17
BART_007,NEON.MAM.D01.R5441,M,PEMA,24,171,84,22,15
BART_084,NEON.MAM.D01.R5443,M,PELE,20,155,74,20,15
BART_084,NEON.MAM.D01.R5444,M,PEMA,24,163,80,21,15
BART_084,NEON.MAM.D01.R5445,M,PEMA,27,168,93,21,15
BART_084,NEON.MAM.D01.R5446,F,PEMA,13,155,86,21,16
BART_084,NEON.MAM.D01.R5447,M,PEMA,17,170,95,21,15
BART_015,NEON.MAM.D01.R5449,F,NAIN,18,231,150,31,14
BART_015,NEON.MAM.D01.R5469,F,NAIN,22,231,148,31,14
BART_015,NEON.MAM.D01.R5470,F,NAIN,25,231,151,35,14
BART_012,NEON.MAM.D01.R5478,M,PEMA,14,167,98,20,16
BART_015,NEON.MAM.D01.R5479,M,PEMA,15,166,94,21,18
BART_012,NEON.MAM.D01.R5480,M,PEMA,21,163,86,21,16
BART_012,NEON.MAM.D01.R5485,F,PEMA,23,155,85,20,15
BART_012,NEON.MAM.D01.R5486,F,NAIN,20,231,135,30,15
BART_015,NEON.MAM.D01.R5492,F,NAIN,21,231,140,33,15
BART_015,NEON.MAM.D01.R5496,M,PEMA,32,163,90,20,16
BART_015,NEON.MAM.D01.R5498,M,NAIN,19,231,142,31,15
BART_012,NEON.MAM.D01.R5499,M,PEMA,14,165,100,20,18
BART_012,NEON.MAM.D01.R5509,M,PEMA,17,151,82,21,17
BART_012,NEON.MAM.D01.R5511,M,PEMA,16,166,85,21,17
BART_062,NEON.MAM.D01.R5513,F,PEMA,14,146,76,18,16
BART_062,NEON.MAM.D01.R5514,F,PEMA,13,137,81,19,16
BART_062,NEON.MAM.D01.R5516,M,PEMA,15,160,85,20,18
BART_062,NEON.MAM.D01.R5517,F,PEMA,14,154,86,19,16
BART_062,NEON.MAM.D01.R5519,M,PEMA,16,152,80,21,17
BART_062,NEON.MAM.D01.R5520,F,PEMA,13,143,81,20,19
BART_062,NEON.MAM.D01.R5522,F,PEMA,14,146,76,18,17
BART_062,NEON.MAM.D01.R5523,M,PEMA,16,151,83,22,17
BART_084,NEON.MAM.D01.R5550,M,PEMA,16,151,84,21,18
BART_084,NEON.MAM.D01.R5553,M,PEMA,19,155,79,21,16
BART_084,NEON.MAM.D01.R5554,F,PEMA,16,167,95,22,18
BART_084,NEON.MAM.D01.R5555,F,PEMA,19,159,86,20,17
BART_084,NEON.MAM.D01.R5558,M,PEMA,14,147,78,21,17
BART_084,NEON.MAM.D01.R5560,F,PEMA,13,147,85,21,15
BART_084,NEON.MAM.D01.R5564,F,PEMA,14,151,85,20,15
BART_062,NEON.MAM.D01.R5572,M,PEMA,15,164,86,21,18
BART_062,NEON.MAM.D01.R5573,F,PEMA,14,150,80,20,17
HARV_001,NEON.MAM.D01.R5600,M,PELE,21,139,75,21,14
HARV_001,NEON.MAM.D01.R5602,M,PELE,22,149,80,20,15
HARV_001,NEON.MAM.D01.R5610,M,PELE,23,144,85,20,14
HARV_008,NEON.MAM.D01.R5618,M,PELE,18,138,80,19,14
HARV_008,NEON.MAM.D01.R5622,M,PELE,25,169,78,21,16
BART_062,NEON.MAM.D01.R5626,M,PEMA,15,144,79,19,18
HARV_006,NEON.MAM.D01.R5650,M,PELE,26,176,94,21,15
HARV_010,NEON.MAM.D01.R5651,F,PELE,25,164,84,21,16
HARV_010,NEON.MAM.D01.R5655,M,PELE,24,159,84,21,17
HARV_021,NEON.MAM.D01.R5657,F,PELE,16,144,76,19,15
HARV_021,NEON.MAM.D01.R5659,M,PELE,18,155,78,21,16
HARV_006,NEON.MAM.D01.R5661,M,PELE,23,165,86,21,15
HARV_006,NEON.MAM.D01.R5663,F,PELE,17,134,80,21,14
HARV_006,NEON.MAM.D01.R5664,M,PELE,22,155,78,20,15
HARV_006,NEON.MAM.D01.R5667,M,PELE,24,168,89,21,15
HARV_021,NEON.MAM.D01.R5668,M,PELE,16,148,76,19,16
HARV_008,NEON.MAM.D01.R5669,M,PELE,18,164,85,21,15
HARV_021,NEON.MAM.D01.R5670,M,PELE,21,155,83,21,17
HARV_008,NEON.MAM.D01.R5674,M,PELE,29,166,81,21,16
BART_007,NEON.MAM.D01.R5677,F,PEMA,14,155,88,20,17
HARV_021,NEON.MAM.D01.R5681,M,PELE,24,142,88,18,15
HARV_008,NEON.MAM.D01.R5682,M,PELE,20,154,76,20,17
HARV_010,NEON.MAM.D01.R5690,M,PELE,16,146,82,21,16
HARV_006,NEON.MAM.D01.R5696,F,PELE,16,154,85,20,15
BART_001,NEON.MAM.D01.R5701,F,PEMA,15,147,82,21,19
BART_007,NEON.MAM.D01.R5707,F,PEMA,15,162,86,20,16
BART_007,NEON.MAM.D01.R5714,M,PEMA,15,151,79,20,17
BART_007,NEON.MAM.D01.R5725,F,PEMA,15,146,80,19,19
BART_001,NEON.MAM.D01.R5766,F,PEMA,16,165,90,22,19
BART_001,NEON.MAM.D01.R5767,F,PEMA,14,144,82,21,18
BART_001,NEON.MAM.D01.R5768,F,PEMA,14,146,83,19,16
BART_001,NEON.MAM.D01.R5771,F,PEMA,14,162,91,21,17
HARV_008,NEON.MAM.D01.R5776,F,PELE,16,148,68,20,16
BART_007,NEON.MAM.D01.R5780,F,PEMA,17,156,78,21,17
HARV_008,NEON.MAM.D01.R5781,M,PELE,20,150,81,21,15
BART_007,NEON.MAM.D01.R5782,M,PEMA,14,157,91,20,17
HARV_008,NEON.MAM.D01.R5783,F,PELE,16,144,71,20,13
HARV_008,NEON.MAM.D01.R5785,F,PELE,16,148,74,20,16
HARV_010,NEON.MAM.D01.R5787,F,PELE,20,121,82,20,15
HARV_021,NEON.MAM.D01.R5788,M,PELE,21,152,81,21,16
BART_007,NEON.MAM.D01.R5789,M,PEMA,15,146,77,19,17
BART_007,NEON.MAM.D01.R5790,M,PEMA,17,167,85,21,18
BART_007,NEON.MAM.D01.R5791,F,PEMA,14,147,76,19,16
HARV_021,NEON.MAM.D01.R5792,F,PELE,16,156,78,20,16
BART_007,NEON.MAM.D01.R5793,M,PEMA,14,143,79,19,16
BART_007,NEON.MAM.D01.R5794,F,PEMA,19,175,101,21,17
BART_007,NEON.MAM.D01.R5795,M,PEMA,15,164,90,21,17
BART_007,NEON.MAM.D01.R5798,M,PEMA,16,159,87,20,19
HARV_021,NEON.MAM.D01.R5802,F,PELE,23,146,81,19,15
HARV_023,NEON.MAM.D01.R5805,M,PELE,22,157,79,20,15
HARV_021,NEON.MAM.D01.R5817,M,PEMA,27,147,86,20,16
HARV_023,NEON.MAM.D01.R5822,F,PELE,24,170,88,22,17
HARV_008,NEON.MAM.D01.R5829,M,PELE,24,163,88,21,16
HARV_021,NEON.MAM.D01.R5831,M,PELE,15,132,60,20,14
HARV_021,NEON.MAM.D01.R5833,F,PELE,29,177,96,20,16
HARV_021,NEON.MAM.D01.R5835,F,PELE,22,158,73,21,15
HARV_008,NEON.MAM.D01.R5837,M,PELE,18,146,81,21,15
HARV_021,NEON.MAM.D01.R5840,M,PELE,18,147,74,19,16
HARV_008,NEON.MAM.D01.R5843,F,PELE,24,169,89,21,15
HARV_008,NEON.MAM.D01.R5845,F,PELE,21,158,78,20,16
HARV_021,NEON.MAM.D01.R5847,M,PELE,19,150,72,20,15
HARV_008,NEON.MAM.D01.R5848,M,PELE,20,150,84,21,16
HARV_021,NEON.MAM.D01.R5849,F,PELE,18,154,76,20,14
BART_084,NEON.MAM.D01.R5855,M,PEMA,22,172,95,21,18
BART_001,NEON.MAM.D01.R5862,M,PEMA,22,175,95,19,16
BART_084,NEON.MAM.D01.R5867,M,PELE,15,149,75,20,14
BART_001,NEON.MAM.D01.R5868,M,PEMA,18,166,96,19,17
BART_084,NEON.MAM.D01.R5872,F,PELE,16,146,73,21,17
BART_084,NEON.MAM.D01.R5881,F,PEMA,16,167,90,21,19
HARV_023,NEON.MAM.D01.R5883,M,PELE,17,153,74,20,15
BART_084,NEON.MAM.D01.R5886,F,PEMA,15,155,85,19,17
BART_084,NEON.MAM.D01.R5888,M,PEMA,17,161,87,20,18
HARV_023,NEON.MAM.D01.R5892,F,PELE,26,169,81,21,17
BART_001,NEON.MAM.D01.R5895,M,PEMA,20,174,96,21,19
BART_012,NEON.MAM.D01.R5900,F,PEMA,19,152,84,20,16
BART_015,NEON.MAM.D01.R5901,M,PELE,18,145,77,19,14
BART_062,NEON.MAM.D01.R5904,F,PEMA,19,170,98,18,16
BART_012,NEON.MAM.D01.R5906,F,PEMA,18,166,94,20,18
BART_062,NEON.MAM.D01.R5908,F,PEMA,21,151,89,19,16
BART_062,NEON.MAM.D01.R5912,M,PEMA,20,175,96,20,16
BART_012,NEON.MAM.D01.R5913,M,PEMA,21,181,104,21,18
BART_062,NEON.MAM.D01.R5916,M,PELE,16,142,75,19,15
BART_062,NEON.MAM.D01.R5922,F,PEMA,21,145,88,18,15
BART_007,NEON.MAM.D01.R5927,M,MYGA,19,112,38,18,14
BART_015,NEON.MAM.D01.R5933,F,PEMA,22,154,89,19,16
BART_015,NEON.MAM.D01.R5945,M,PEMA,23,179,98,21,18
BART_015,NEON.MAM.D01.R5946,M,PEMA,18,152,80,21,17
BART_012,NEON.MAM.D01.R5948,M,PELE,15,128,76,21,13
HARV_008,NEON.MAM.D01.R5950,M,PEMA,25,163,85,21,16
HARV_008,NEON.MAM.D01.R5955,M,PELE,19,150,75,19,13
HARV_008,NEON.MAM.D01.R5959,F,PELE,22,157,76,20,15
HARV_021,NEON.MAM.D01.R5961,M,PELE,20,146,86,19,15
HARV_021,NEON.MAM.D01.R5967,F,PELE,17,156,77,20,14
HARV_008,NEON.MAM.D01.R5968,F,PELE,27,143,80,20,16
HARV_021,NEON.MAM.D01.R5971,F,PELE,27,148,76,20,16
HARV_008,NEON.MAM.D01.R5972,F,PELE,27,156,85,20,18
HARV_021,NEON.MAM.D01.R5973,F,PELE,30,177,95,21,17
HARV_023,NEON.MAM.D01.R5975,F,PELE,14,139,72,19,14
HARV_023,NEON.MAM.D01.R5977,M,PELE,25,152,78,19,15
HARV_023,NEON.MAM.D01.R5990,M,PELE,18,154,80,22,15
HARV_008,NEON.MAM.D01.R6020,M,PELE,23,147,78,21,14
HARV_008,NEON.MAM.D01.R6047,M,PELE,25,152,85,20,15
HARV_021,NEON.MAM.D01.R6049,M,PELE,23,171,90,21,15
BART_007,NEON.MAM.D01.R6053,F,PEMA,22,164,90,20,16
BART_015,NEON.MAM.D01.R6058,F,PEMA,21,159,89,20,16
BART_007,NEON.MAM.D01.R6067,M,PEMA,17,143,81,20,16
BART_015,NEON.MAM.D01.R6069,M,PEMA,24,176,96,20,17
BART_015,NEON.MAM.D01.R6072,F,PEMA,20,172,95,20,16
HARV_006,NEON.MAM.D01.R6076,F,PELE,25,171,91,21,13
HARV_001,NEON.MAM.D01.R6081,F,PELE,23,154,80,19,16
HARV_006,NEON.MAM.D01.R6082,F,PELE,19,157,87,20,14
HARV_006,NEON.MAM.D01.R6084,F,PELE,25,139,81,18,14
HARV_021,NEON.MAM.D01.R6122,F,PELE,21,151,82,20,16
HARV_006,NEON.MAM.D01.R6130,F,MYGA,19,114,38,17,14
HARV_006,NEON.MAM.D01.R6131,M,PEMA,28,156,70,21,15
HARV_006,NEON.MAM.D01.R6149,F,PELE,29,146,88,19,16
HARV_021,NEON.MAM.D01.R6177,M,PELE,20,154,74,21,16
HARV_023,NEON.MAM.D01.R6195,F,PEMA,26,164,88,22,16
HARV_023,NEON.MAM.D01.R6199,M,PELE,27,165,81,21,15
BART_084,NEON.MAM.D01.R6212,M,PEMA,15,163,87,22,16
BART_007,NEON.MAM.D01.R6216,M,PEMA,15,143,79,19,19
BART_007,NEON.MAM.D01.R6220,M,PEMA,14,153,87,19,17
BART_007,NEON.MAM.D01.R6222,M,PEMA,17,144,82,19,17
HARV_023,NEON.MAM.D01.R6228,M,PELE,24,157,82,20,16
BART_012,NEON.MAM.D01.R6245,M,PEMA,22,180,98,20,18
HARV_021,NEON.MAM.D01.R6308,F,PELE,19,130,81,19,12
BART_015,NEON.MAM.D01.R6320,F,PELE,21,173,97,21,19
HARV_008,NEON.MAM.D01.R6329,M,PELE,24,147,80,18,14
HARV_021,NEON.MAM.D01.R6380,M,PELE,21,156,78,21,17
HARV_010,NEON.MAM.D01.R6452,F,PEMA,31,160,91,20,16
HARV_010,NEON.MAM.D01.R6472,F,PELE,19,141,70,19,17
HARV_023,NEON.MAM.D01.R6505,M,PELE,26,157,80,20,16
HARV_010,NEON.MAM.D01.R6509,F,PEMA,30,156,88,20,16
BART_007,NEON.MAM.D01.R6527,F,PEMA,24,159,85,17,18
BART_007,NEON.MAM.D01.R6529,M,PELE,18,145,79,20,13
BART_007,NEON.MAM.D01.R6532,F,PEMA,23,153,89,19,15
BART_084,NEON.MAM.D01.R6534,F,PEMA,16,153,78,20,17
BART_007,NEON.MAM.D01.R6535,M,PELE,15,145,75,18,13
BART_015,NEON.MAM.D01.R6536,M,PEMA,21,173,97,20,16
BART_015,NEON.MAM.D01.R6540,M,PELE,19,131,76,21,14
BART_015,NEON.MAM.D01.R6547,M,PELE,21,158,86,20,16
BART_062,NEON.MAM.D01.R6548,M,PEMA,18,154,75,21,15
BART_015,NEON.MAM.D01.R6549,M,PEMA,22,177,98,18,15
HARV_001,NEON.MAM.D01.R6553,M,PELE,30,155,77,20,17
HARV_001,NEON.MAM.D01.R6558,M,PELE,26,168,89,21,16
HARV_001,NEON.MAM.D01.R6568,F,PELE,27,168,78,21,19
HARV_001,NEON.MAM.D01.R6570,F,PEMA,26,148,87,20,17
HARV_001,NEON.MAM.D01.R6572,F,PELE,26,146,82,18,16
HARV_010,NEON.MAM.D01.R6578,M,PEMA,26,148,80,20,17
HARV_010,NEON.MAM.D01.R6583,M,PEMA,26,173,89,22,17
BART_062,NEON.MAM.D01.R6594,F,PEMA,19,141,81,22,13
BART_062,NEON.MAM.D01.R6622,M,PEMA,20,171,92,22,18
HARV_023,NEON.MAM.D01.R6635,F,PELE,22,154,80,20,16
HARV_023,NEON.MAM.D01.R6636,M,PELE,21,143,80,19,14
BART_012,NEON.MAM.D01.R6677,F,PEMA,23,175,95,21,18
HARV_001,NEON.MAM.D01.R6686,M,PELE,17,144,75,19,15
BART_012,NEON.MAM.D01.R6687,M,PEMA,16,156,85,19,16
BART_012,NEON.MAM.D01.R6688,M,PEMA,14,139,80,19,15
BART_012,NEON.MAM.D01.R6692,M,PEMA,19,149,80,20,15
BART_012,NEON.MAM.D01.R6693,F,PELE,15,149,75,20,14
BART_012,NEON.MAM.D01.R6694,F,PEMA,14,149,83,19,18
HARV_006,NEON.MAM.D01.R6696,F,PELE,30,174,94,20,16
BART_015,NEON.MAM.D01.R6703,M,PELE,17,152,73,22,15
BART_012,NEON.MAM.D01.R6706,F,PELE,15,145,69,20,16
BART_015,NEON.MAM.D01.R6707,F,PELE,16,142,77,19,15
BART_012,NEON.MAM.D01.R6712,M,PELE,20,141,81,20,16
BART_007,NEON.MAM.D01.R6715,F,PEMA,20,154,80,20,16
BART_015,NEON.MAM.D01.R6742,M,PELE,18,144,78,18,17
BART_012,NEON.MAM.D01.R6751,M,PEMA,16,155,87,19,18
BART_012,NEON.MAM.D01.R6757,M,PELE,19,154,78,20,15
BART_012,NEON.MAM.D01.R6758,F,PEMA,20,162,91,20,18
BART_062,NEON.MAM.D01.R6763,F,PELE,22,160,80,21,17
HARV_021,NEON.MAM.D01.R6784,M,PEMA,27,147,84,20,17
BART_012,NEON.MAM.D01.R6793,M,PEMA,21,167,100,20,18
BART_012,NEON.MAM.D01.R6795,M,PEMA,17,145,82,21,15
BART_015,NEON.MAM.D01.R6799,F,PELE,23,158,84,19,16
HARV_006,NEON.MAM.D01.R6801,M,PELE,26,170,91,21,15
BART_001,NEON.MAM.D01.R6805,F,PEMA,20,140,59,20,19
HARV_023,NEON.MAM.D01.R6807,F,PEMA,23,170,94,19,14
HARV_021,NEON.MAM.D01.R6813,M,PELE,25,169,80,21,15
HARV_023,NEON.MAM.D01.R6814,M,PELE,25,145,82,20,14
HARV_023,NEON.MAM.D01.R6818,M,PELE,23,148,82,20,15
HARV_021,NEON.MAM.D01.R6819,M,PELE,30,129,84,20,14
HARV_021,NEON.MAM.D01.R6820,M,PELE,25,156,78,20,17
HARV_021,NEON.MAM.D01.R6822,F,PELE,26,140,80,20,15
HARV_021,NEON.MAM.D01.R6823,F,PEMA,24,152,80,20,15
HARV_023,NEON.MAM.D01.R6827,F,PELE,24,155,75,20,15
HARV_023,NEON.MAM.D01.R6828,M,PEMA,25,169,80,21,15
HARV_023,NEON.MAM.D01.R6829,F,PELE,27,137,79,20,15
HARV_021,NEON.MAM.D01.R6830,M,PELE,22,156,74,21,16
HARV_021,NEON.MAM.D01.R6831,M,PELE,26,141,84,20,15
HARV_021,NEON.MAM.D01.R6832,F,PELE,28,148,86,19,17
HARV_023,NEON.MAM.D01.R6833,F,PELE,22,143,80,20,14
HARV_021,NEON.MAM.D01.R6835,M,PELE,23,153,76,19,16
HARV_008,NEON.MAM.D01.R6838,F,PELE,26,144,77,19,16
HARV_008,NEON.MAM.D01.R6839,F,PELE,25,150,67,20,14
HARV_021,NEON.MAM.D01.R6842,F,PELE,23,163,75,21,15
HARV_006,NEON.MAM.D01.R6845,F,PELE,23,146,78,20,13
HARV_006,NEON.MAM.D01.R6849,M,PEMA,25,164,84,21,16
HARV_010,NEON.MAM.D01.R6878,M,PELE,25,171,78,21,15
HARV_023,NEON.MAM.D01.R6880,F,PELE,31,136,85,18,14
HARV_021,NEON.MAM.D01.R6881,M,PELE,26,171,79,21,16
HARV_001,NEON.MAM.D01.R6887,F,PEMA,28,165,92,22,15
HARV_010,NEON.MAM.D01.R6890,M,PELE,20,161,85,23,16
HARV_010,NEON.MAM.D01.R6893,F,PELE,24,163,85,21,15
HARV_010,NEON.MAM.D01.R6896,F,PELE,31,173,90,21,15
BART_012,NEON.MAM.D01.R6899,F,PELE,15,157,87,20,16
BART_062,NEON.MAM.D01.R6906,F,PEMA,24,144,88,19,15
HARV_023,NEON.MAM.D01.R6912,F,PELE,22,151,79,20,15
BART_015,NEON.MAM.D01.R6920,F,PELE,15,143,70,20,17
BART_015,NEON.MAM.D01.R6921,M,PEMA,24,160,90,20,17
HARV_001,NEON.MAM.D01.R6922,M,PEMA,27,191,98,20,19
HARV_001,NEON.MAM.D01.R6923,F,PEMA,23,161,85,20,17
BART_001,NEON.MAM.D01.R6950,M,PEMA,19,154,76,21,16
BART_015,NEON.MAM.D01.R6975,M,PELE,18,141,79,20,16
BART_062,NEON.MAM.D01.R6976,M,PELE,15,140,73,18,14
BART_015,NEON.MAM.D01.R6980,M,PELE,19,130,81,20,16
BART_062,NEON.MAM.D01.R6982,M,PELE,17,153,78,21,16
BART_015,NEON.MAM.D01.R6983,M,PEMA,19,166,90,20,16
BART_015,NEON.MAM.D01.R6984,M,PEMA,14,167,96,18,16
HARV_010,NEON.MAM.D01.R6987,M,PEMA,26,148,87,20,17
BART_012,NEON.MAM.D01.R7017,F,PEMA,15,155,89,19,13
BART_012,NEON.MAM.D01.R7051,M,PEMA,16,141,72,19,14
BART_062,NEON.MAM.D01.R7054,M,PEMA,26,168,93,20,17
BART_001,NEON.MAM.D01.R7055,F,PEMA,19,168,94,19,19
BART_012,NEON.MAM.D01.R7058,F,PEMA,15,161,85,21,16
BART_012,NEON.MAM.D01.R7059,M,PEMA,21,150,78,19,17
BART_012,NEON.MAM.D01.R7060,M,PEMA,15,158,91,20,15
BART_012,NEON.MAM.D01.R7063,F,PEMA,14,157,91,20,15
BART_012,NEON.MAM.D01.R7070,M,PEMA,20,146,87,18,15
BART_062,NEON.MAM.D01.R7073,M,PEMA,18,158,91,21,14
BART_062,NEON.MAM.D01.R7076,M,PEMA,14,161,89,21,18
BART_062,NEON.MAM.D01.R7077,M,PEMA,18,167,90,21,15
BART_062,NEON.MAM.D01.R7086,M,PELE,19,145,81,21,15
BART_062,NEON.MAM.D01.R7087,F,PELE,16,133,71,21,14
BART_062,NEON.MAM.D01.R7100,F,PEMA,14,157,86,20,16
BART_015,NEON.MAM.D01.R7101,U,NAIN,22,231,149,31,14
BART_062,NEON.MAM.D01.R7102,F,PEMA,14,165,91,22,15
BART_062,NEON.MAM.D01.R7104,M,PEMA,14,155,86,20,16
BART_062,NEON.MAM.D01.R7110,M,MYGA,16,111,33,18,14
BART_062,NEON.MAM.D01.R7112,F,PEMA,14,154,87,20,17
BART_015,NEON.MAM.D01.R7119,M,NAIN,25,231,152,30,15
BART_062,NEON.MAM.D01.R7121,F,PEMA,13,163,94,21,16
BART_062,NEON.MAM.D01.R7123,F,PEMA,14,162,89,21,16
BART_012,NEON.MAM.D01.R7126,F,PEMA,20,168,94,20,14
BART_012,NEON.MAM.D01.R7127,F,PEMA,20,150,84,20,16
BART_015,NEON.MAM.D01.R7128,M,PEMA,16,149,78,20,11
BART_012,NEON.MAM.D01.R7130,M,PEMA,15,164,90,21,15
BART_015,NEON.MAM.D01.R7131,F,NAIN,24,231,152,32,15
BART_015,NEON.MAM.D01.R7132,M,NAIN,21,231,153,31,13
BART_012,NEON.MAM.D01.R7133,M,PEMA,16,166,92,22,16
BART_015,NEON.MAM.D01.R7135,M,NAIN,25,231,140,33,16
BART_012,NEON.MAM.D01.R7136,M,PEMA,24,149,92,20,14
BART_062,NEON.MAM.D01.R7137,F,PEMA,17,169,95,21,18
BART_012,NEON.MAM.D01.R7139,M,PEMA,20,175,97,20,16
BART_012,NEON.MAM.D01.R7140,M,PELE,20,154,80,20,16
BART_015,NEON.MAM.D01.R7141,M,PEMA,17,157,85,18,12
BART_015,NEON.MAM.D01.R7142,M,NAIN,18,231,125,20,10
BART_015,NEON.MAM.D01.R7148,F,NAIN,24,231,147,30,13
BART_015,NEON.MAM.D01.R7225,M,PEMA,19,169,89,22,16
BART_012,NEON.MAM.D01.R7245,F,PEMA,21,170,92,22,18
BART_007,NEON.MAM.D01.R7299,F,PELE,22,162,86,21,16
BART_015,NEON.MAM.D01.R8182,M,PEMA,16,166,90,21,15
BART_084,NEON.MAM.D01.R8200,F,PEMA,15,153,87,20,15
BART_084,NEON.MAM.D01.R8201,F,MYGA,23,131,49,18,15
BART_084,NEON.MAM.D01.R8206,F,PEMA,15,149,82,19,18
BART_015,NEON.MAM.D01.R8211,M,PEMA,17,166,96,19,18
BART_015,NEON.MAM.D01.R8245,M,PEMA,16,163,90,20,16
BART_015,NEON.MAM.D01.R8246,M,PEMA,19,129,79,19,15
BART_015,NEON.MAM.D01.R8247,F,PEMA,20,175,97,20,16
BART_084,NEON.MAM.D01.R8248,F,PEMA,16,149,87,21,14
BART_015,NEON.MAM.D01.R8249,F,PEMA,17,166,98,21,17
BART_084,NEON.MAM.D01.R8261,M,PEMA,20,171,99,21,17
BART_084,NEON.MAM.D01.R8267,M,PEMA,17,156,86,19,18
BART_015,NEON.MAM.D01.R8279,M,PEMA,16,170,97,21,16
BART_015,NEON.MAM.D01.R8303,F,PEMA,15,164,94,19,17
BART_015,NEON.MAM.D01.R8326,F,MYGA,16,111,38,19,13
BART_015,NEON.MAM.D01.R8327,M,PEMA,14,157,90,20,17
BART_015,NEON.MAM.D01.R8332,F,PEMA,14,157,85,22,16
BART_062,NEON.MAM.D01.R8347,M,PEMA,16,167,92,21,16
BART_062,NEON.MAM.D01.R8348,M,PEMA,17,166,90,22,16
BART_084,NEON.MAM.D01.R8366,F,PEMA,15,157,90,20,15
BART_084,NEON.MAM.D01.R8368,M,NAIN,30,231,155,31,16
BART_084,NEON.MAM.D01.R8369,M,NAIN,25,231,130,30,15
BART_084,NEON.MAM.D01.R8370,F,PEMA,14,134,86,21,13
BART_015,NEON.MAM.D01.R8371,F,PEMA,17,167,103,19,15
BART_084,NEON.MAM.D01.R8373,M,PEMA,19,156,85,20,14
HARV_023,NEON.MAM.D01.R8407,M,PELE,21,139,69,21,14
BART_084,NEON.MAM.D01.R8419,M,PELE,17,149,84,21,15
BART_007,NEON.MAM.D01.R8427,F,PEMA,18,159,86,20,11
BART_062,NEON.MAM.D01.R8434,M,PEMA,20,147,86,19,15
BART_062,NEON.MAM.D01.R8439,F,PEMA,22,176,96,18,16
BART_012,NEON.MAM.D01.R8448,M,PELE,17,157,86,20,15
BART_007,NEON.MAM.D01.R9052,M,PEMA,22,179,97,22,16
BART_007,NEON.MAM.D01.R9054,F,PELE,20,154,80,20,16
SERC_015,NEON.MAM.D02.001303,M,PELE,28,82,78,20,14
SCBI_035,NEON.MAM.D02.123694,M,MIPE,32,102,38,21,9
SCBI_035,NEON.MAM.D02.123762,F,MIPE,39,109,36,20,11
SCBI_035,NEON.MAM.D02.953035,M,MIPE,56,150,43,20,13
SCBI_008,NEON.MAM.D02.L2361,M,PELE,22,152,75,21,11
SERC_011,NEON.MAM.D02.L3163,M,PELE,26,100,88,24,18
SCBI_008,NEON.MAM.D02.L3909,M,PELE,28,86,85,21,14
BLAN_001,NEON.MAM.D02.O001G420170919,U,BLBR,18,90,27,15,18
BLAN_001,NEON.MAM.D02.O001G820170920,U,BLBR,14,91,20,13,14
BLAN_001,NEON.MAM.D02.O001H1020170920,U,BLBR,15,93,18,15,15
SCBI_004,NEON.MAM.D02.O004D320180509,F,SOFU,10,87,39,13,5
SCBI_008,NEON.MAM.D02.O008A220230823,M,SOFU,5,92,48,14,7
SCBI_008,NEON.MAM.D02.O008A6170516,F,BLBR,17,86,22,12,17
SCBI_008,NEON.MAM.D02.O008A620170913,U,BLBR,13,89,26,14,13
SCBI_008,NEON.MAM.D02.O008A720210803,F,SOFU,5,83,40,14,7
SCBI_008,NEON.MAM.D02.O008G4170321,U,SOCI,6,87,42,12,6
SCBI_008,NEON.MAM.D02.O008H1,F,BLBR,16,84,20,14,16
SCBI_008,NEON.MAM.D02.O008H220190925,F,SOFU,5,95,41,12,5
SCBI_008,NEON.MAM.D02.O008I620230824,F,SOFU,5,88,43,12,6
SCBI_008,NEON.MAM.D02.O008I820190531,F,SOFU,6,93,47,12,6
SERC_011,NEON.MAM.D02.O011F320170824,U,BLBR,13,81,21,13,13
SERC_015,NEON.MAM.D02.O015I2,U,BLBR,13,89,23,15,13
SERC_031,NEON.MAM.D02.O031H5,U,BLBR,14,113,25,14,14
SCBI_035,NEON.MAM.D02.O035A7201791,U,BLBR,10,99,24,15,10
SCBI_035,NEON.MAM.D02.O035B120170914,U,BLBR,13,108,27,15,13
SCBI_035,NEON.MAM.D02.O035C1170617,U,BLBR,13,95,23,14,13
SCBI_035,NEON.MAM.D02.O035C820200910,M,REHU,11,122,65,17,11
SCBI_035,NEON.MAM.D02.O035D120170914,U,BLBR,16,107,26,15,16
SCBI_035,NEON.MAM.D02.O035D7,U,BLBR,12,96,22,15,12
SCBI_035,NEON.MAM.D02.O035H7170617,U,BLBR,13,84,25,13,13
SCBI_039,NEON.MAM.D02.O039B320170915,U,BLBR,16,112,20,14,16
SCBI_039,NEON.MAM.D02.O039G220170915,U,BLBR,13,87,26,14,13
SERC_007,NEON.MAM.D02.R1099,M,MUMU,20,153,80,19,13
SCBI_035,NEON.MAM.D02.R1123,M,MUMU,19,83,63,18,11
SCBI_002,NEON.MAM.D02.R1165,M,PELE,21,153,70,20,13
SCBI_002,NEON.MAM.D02.R1514,M,PELE,26,166,76,21,12
SCBI_008,NEON.MAM.D02.R1704,M,RARA,180,352,195,35,15
SERC_032,NEON.MAM.D02.R1873,M,PELE,23,147,72,20,11
SCBI_035,NEON.MAM.D02.R2539,M,PELE,17,143,71,20,8
BLAN_001,NEON.MAM.D02.R2816,M,PELE,17,61,63,20,14
SCBI_035,NEON.MAM.D02.R4324,F,REHU,10,105,64,16,11
OSBS_003,NEON.MAM.D03.00934,M,POFL,36,135,90,24,20
JERC_005,NEON.MAM.D03.496690,F,MUMU,13,135,67,16,10
JERC_005,NEON.MAM.D03.498873,M,MUMU,10,121,61,16,10
JERC_009,NEON.MAM.D03.499765,M,MUMU,11,110,60,15,12
JERC_005,NEON.MAM.D03.514469,M,PEPO,14,116,42,17,12
JERC_005,NEON.MAM.D03.L0083,M,PEPO,12,97,48,12,10
JERC_006,NEON.MAM.D03.L0092,F,PEGO,30,166,75,22,14
DSNY_005,NEON.MAM.D03.L0132,M,REHU,7,57,54,14,11
JERC_009,NEON.MAM.D03.L0182,M,PEPO,15,121,49,17,12
JERC_005,NEON.MAM.D03.L0525,F,PEPO,15,110,45,16,11
OSBS_005,NEON.MAM.D03.L0945,F,PEGO,22,155,71,22,16
OSBS_003,NEON.MAM.D03.L0982,M,PEGO,26,168,76,22,15
OSBS_002,NEON.MAM.D03.L0989,M,POFL,31,135,85,24,17
JERC_002,NEON.MAM.D03.L1467,F,PEPO,15,123,51,17,12
OSBS_004,NEON.MAM.D03.L2140,M,POFL,34,135,86,26,20
JERC_009,NEON.MAM.D03.L2532,M,PEPO,14,115,50,16,11
JERC_005,NEON.MAM.D03.L2657,M,PEPO,17,114,45,16,12
JERC_005,NEON.MAM.D03.L2755,F,PEPO,14,103,46,16,11
JERC_005,NEON.MAM.D03.L2852,M,PEGO,24,155,70,21,15
JERC_006,NEON.MAM.D03.L2965,M,PEPO,14,113,46,16,12
JERC_002,NEON.MAM.D03.L2968,M,PEGO,25,140,64,20,14
JERC_009,NEON.MAM.D03.L3619,F,PEPO,16,123,53,16,12
OSBS_003,NEON.MAM.D03.L3643,F,PEGO,22,148,69,22,14
JERC_006,NEON.MAM.D03.L3731,M,PEPO,14,109,47,16,11
DSNY_004,NEON.MAM.D03.L3800,M,SIHI,163,250,108,31,18
DSNY_004,NEON.MAM.D03.L3816,M,SIHI,133,250,109,33,17
DSNY_004,NEON.MAM.D03.L3821,M,SIHI,140,246,104,32,18
JERC_009,NEON.MAM.D03.L3823,M,PEGO,28,137,58,20,16
JERC_006,NEON.MAM.D03.L3888,M,PEPO,10,91,46,15,11
JERC_006,NEON.MAM.D03.L3898,F,PEPO,14,117,49,15,14
OSBS_077,NEON.MAM.D03.L4056,F,PEGO,24,164,72,22,16
JERC_009,NEON.MAM.D03.L4098,M,PEPO,14,117,48,15,12
JERC_009,NEON.MAM.D03.L4099,F,PEPO,16,114,42,16,13
OSBS_077,NEON.MAM.D03.L4211,F,PEGO,19,154,70,22,19
JERC_003,NEON.MAM.D03.L4228,M,NEFL,286,294,147,37,30
JERC_003,NEON.MAM.D03.L4813,F,NEFL,206,334,165,38,22
DSNY_001,NEON.MAM.D03.O001I620180621,F,POFL,38,135,84,24,21
JERC_005,NEON.MAM.D03.O005A620180613,F,PEGO,20,151,68,22,16
JERC_005,NEON.MAM.D03.O005B720180612,F,PEGO,19,147,70,20,15
OSBS_023,NEON.MAM.D03.O023B5,F,BLCA,10,82,18,13,10
JERC_003,NEON.MAM.D03.R0051,M,PEGO,28,165,66,22,16
JERC_002,NEON.MAM.D03.R0052,F,PEPO,25,147,60,21,14
JERC_006,NEON.MAM.D03.R0055,F,PEPO,15,118,52,15,12
JERC_005,NEON.MAM.D03.R0061,M,PEGO,24,155,65,22,15
OSBS_004,NEON.MAM.D03.R0064,F,POFL,27,135,82,25,16
JERC_006,NEON.MAM.D03.R0066,F,MUMU,17,148,76,18,11
JERC_005,NEON.MAM.D03.R0072,U,PEGO,25,162,66,22,16
JERC_002,NEON.MAM.D03.R0076,F,PEGO,27,162,72,21,15
JERC_009,NEON.MAM.D03.R0078,F,PEPO,15,122,52,17,14
JERC_002,NEON.MAM.D03.R0085,M,PEGO,30,158,70,21,15
OSBS_004,NEON.MAM.D03.R0100,F,POFL,26,135,75,23,18
JERC_006,NEON.MAM.D03.R0161,F,MUMU,20,149,79,17,11
JERC_002,NEON.MAM.D03.R0201,F,PEGO,22,146,68,20,14
JERC_005,NEON.MAM.D03.R0203,F,PEGO,26,165,77,22,14
JERC_006,NEON.MAM.D03.R0205,F,PEPO,13,131,57,17,13
DSNY_010,NEON.MAM.D03.R0210,M,SIHI,96,243,115,33,14
JERC_005,NEON.MAM.D03.R0216,M,PEPO,14,110,50,16,10
JERC_005,NEON.MAM.D03.R0220,F,PEGO,19,143,61,21,16
JERC_005,NEON.MAM.D03.R0222,M,MUMU,14,136,69,17,11
JERC_005,NEON.MAM.D03.R0224,F,PEGO,25,162,70,21,16
JERC_005,NEON.MAM.D03.R0226,M,PEGO,21,143,59,21,16
JERC_009,NEON.MAM.D03.R0229,F,PEGO,24,165,71,22,16
JERC_003,NEON.MAM.D03.R0231,U,PEGO,21,146,61,21,16
DSNY_005,NEON.MAM.D03.R0235,M,PEGO,21,142,69,21,11
JERC_005,NEON.MAM.D03.R0236,M,PEGO,30,155,67,21,14
JERC_005,NEON.MAM.D03.R0243,M,PEGO,28,161,72,22,14
JERC_003,NEON.MAM.D03.R0245,F,PEGO,22,141,61,20,20
JERC_002,NEON.MAM.D03.R0248,F,PEGO,23,139,72,21,14
JERC_002,NEON.MAM.D03.R0251,M,PEGO,25,151,67,20,15
JERC_006,NEON.MAM.D03.R0252,F,PEPO,14,121,51,17,15
JERC_005,NEON.MAM.D03.R0253,F,PEGO,23,145,57,22,15
JERC_005,NEON.MAM.D03.R0254,F,PEGO,20,151,65,21,15
JERC_002,NEON.MAM.D03.R0256,F,PEGO,22,144,71,21,14
DSNY_005,NEON.MAM.D03.R0259,M,PEGO,20,142,56,21,18
JERC_003,NEON.MAM.D03.R0260,M,PEGO,25,149,69,20,15
JERC_002,NEON.MAM.D03.R0263,M,PEGO,31,157,68,21,18
JERC_009,NEON.MAM.D03.R0264,M,PEGO,26,148,60,22,12
JERC_019,NEON.MAM.D03.R0267,M,PEGO,30,161,70,21,16
JERC_002,NEON.MAM.D03.R0279,F,PEGO,27,154,65,21,15
JERC_003,NEON.MAM.D03.R0281,F,PEGO,21,144,71,19,15
JERC_002,NEON.MAM.D03.R0282,F,PEGO,24,154,71,21,16
JERC_002,NEON.MAM.D03.R0283,M,PEGO,28,166,77,21,16
JERC_003,NEON.MAM.D03.R0284,M,PEGO,22,147,62,22,16
DSNY_005,NEON.MAM.D03.R0286,M,PEGO,19,135,67,19,11
OSBS_005,NEON.MAM.D03.R0287,M,PEGO,19,147,72,22,13
OSBS_004,NEON.MAM.D03.R0288,M,POFL,28,135,81,25,18
JERC_009,NEON.MAM.D03.R0290,M,PEGO,28,170,72,22,16
DSNY_004,NEON.MAM.D03.R0291,M,SIHI,105,230,100,30,19
DSNY_010,NEON.MAM.D03.R0293,M,REHU,6,105,63,10,8
JERC_003,NEON.MAM.D03.R0294,F,PEGO,19,148,66,20,16
OSBS_004,NEON.MAM.D03.R0295,M,POFL,29,135,77,23,18
JERC_003,NEON.MAM.D03.R0298,F,PEGO,21,141,71,21,14
JERC_005,NEON.MAM.D03.R0356,M,PEGO,24,156,69,22,14
JERC_005,NEON.MAM.D03.R0361,M,PEPO,12,97,46,16,11
JERC_019,NEON.MAM.D03.R0384,F,PEGO,24,154,65,21,16
JERC_005,NEON.MAM.D03.R0393,M,PEGO,24,151,62,21,15
JERC_005,NEON.MAM.D03.R0413,F,PEGO,28,164,78,21,15
JERC_006,NEON.MAM.D03.R0415,M,PEPO,12,113,48,16,12
JERC_005,NEON.MAM.D03.R0448,M,PEGO,21,153,65,21,16
OSBS_005,NEON.MAM.D03.R0467,M,PEGO,25,146,65,20,15
JERC_006,NEON.MAM.D03.R0491,F,PEPO,14,113,44,14,12
JERC_009,NEON.MAM.D03.R0546,M,NEFL,27,185,90,28,27
OSBS_002,NEON.MAM.D03.R0566,M,POFL,28,135,84,21,17
JERC_019,NEON.MAM.D03.R0571,F,PEGO,30,173,78,21,17
JERC_009,NEON.MAM.D03.R0610,M,PEGO,26,170,76,22,16
JERC_002,NEON.MAM.D03.R0613,F,PEGO,28,147,20,21,14
JERC_009,NEON.MAM.D03.R0640,M,PEGO,24,151,65,21,14
JERC_002,NEON.MAM.D03.R0654,M,PEGO,30,161,70,21,16
JERC_006,NEON.MAM.D03.R0665,M,PEPO,14,109,42,10,11
JERC_009,NEON.MAM.D03.R0668,F,PEGO,29,170,76,22,16
DSNY_004,NEON.MAM.D03.R0691,M,SIHI,122,254,122,32,15
JERC_009,NEON.MAM.D03.R0695,M,PEPO,12,97,47,16,10
JERC_019,NEON.MAM.D03.R0724,M,PEGO,29,165,72,21,16
JERC_009,NEON.MAM.D03.R0735,F,PELE,21,139,63,20,16
JERC_019,NEON.MAM.D03.R0754,M,PEGO,34,179,80,22,16
JERC_009,NEON.MAM.D03.R0774,M,PEPO,16,115,47,16,14
JERC_009,NEON.MAM.D03.R0776,M,PEPO,12,107,52,12,10
JERC_009,NEON.MAM.D03.R0781,M,PEGO,28,160,69,22,15
JERC_003,NEON.MAM.D03.R0790,M,PEGO,30,169,67,23,17
JERC_009,NEON.MAM.D03.R0799,M,PEGO,23,152,65,21,16
JERC_002,NEON.MAM.D03.R0801,F,PEGO,25,158,67,22,14
JERC_006,NEON.MAM.D03.R0807,F,PEPO,10,93,48,16,13
JERC_005,NEON.MAM.D03.R0808,F,PEGO,20,149,65,21,15
JERC_005,NEON.MAM.D03.R0822,M,PEGO,26,163,71,22,18
DSNY_001,NEON.MAM.D03.R0823,F,POFL,41,135,93,26,19
JERC_005,NEON.MAM.D03.R0831,M,PEGO,31,160,82,21,13
JERC_006,NEON.MAM.D03.R0867,M,PEPO,13,112,44,15,12
JERC_005,NEON.MAM.D03.R0890,F,PEPO,14,117,51,16,12
JERC_005,NEON.MAM.D03.R0898,M,PEGO,29,155,66,21,14
JERC_005,NEON.MAM.D03.R0902,M,PEGO,19,154,65,22,17
OSBS_005,NEON.MAM.D03.R0903,F,PEGO,20,155,74,22,16
JERC_019,NEON.MAM.D03.R0905,M,PEGO,28,149,60,21,18
JERC_002,NEON.MAM.D03.R0910,F,PEGO,28,143,65,20,14
JERC_003,NEON.MAM.D03.R0916,M,NEFL,206,297,170,36,27
JERC_009,NEON.MAM.D03.R0925,F,PEPO,12,109,40,18,11
JERC_005,NEON.MAM.D03.R0930,F,PEGO,22,156,74,21,15
OSBS_003,NEON.MAM.D03.R0934,M,POFL,32,135,88,25,18
OSBS_003,NEON.MAM.D03.R0935,F,POFL,32,135,81,24,18
JERC_005,NEON.MAM.D03.R0944,F,PEGO,20,140,55,20,16
JERC_005,NEON.MAM.D03.R0949,M,MUMU,14,141,75,16,11
JERC_009,NEON.MAM.D03.R0951,M,PEGO,24,154,68,21,15
OSBS_005,NEON.MAM.D03.R0952,M,OCNU,20,161,72,17,14
JERC_009,NEON.MAM.D03.R0953,F,PEGO,26,162,68,21,16
JERC_006,NEON.MAM.D03.R0954,F,PEPO,16,113,46,17,11
JERC_006,NEON.MAM.D03.R0955,M,PEPO,13,114,48,15,13
OSBS_005,NEON.MAM.D03.R0959,M,PEGO,27,127,90,20,14
OSBS_005,NEON.MAM.D03.R0961,F,PEGO,24,154,73,22,11
JERC_002,NEON.MAM.D03.R0970,M,PEGO,26,142,61,20,14
JERC_006,NEON.MAM.D03.R0974,M,PEPO,12,93,46,11,12
JERC_005,NEON.MAM.D03.R0978,F,PEPO,12,93,45,15,12
JERC_019,NEON.MAM.D03.R0980,F,PEGO,22,146,67,20,15
JERC_009,NEON.MAM.D03.R0983,F,PEGO,27,165,79,22,14
JERC_019,NEON.MAM.D03.R0985,M,PEGO,26,159,68,22,15
JERC_003,NEON.MAM.D03.R0988,F,PEGO,23,145,69,21,14
JERC_003,NEON.MAM.D03.R1000,F,PEGO,26,165,71,22,15
JERC_002,NEON.MAM.D03.R1021,M,PEGO,29,159,68,22,14
OSBS_002,NEON.MAM.D03.R1037,M,POFL,32,135,81,23,17
JERC_002,NEON.MAM.D03.R1324,M,MUMU,20,148,72,17,12
DSNY_004,NEON.MAM.D03.R1344,M,ORPA,92,255,120,34,10
JERC_006,NEON.MAM.D03.R1426,M,PEPO,16,114,44,16,13
JERC_006,NEON.MAM.D03.R1451,F,MUMU,9,116,49,18,12
OSBS_005,NEON.MAM.D03.R1455,M,PEGO,22,134,70,23,14
OSBS_005,NEON.MAM.D03.R1457,M,PEGO,26,173,78,22,16
OSBS_005,NEON.MAM.D03.R1459,M,PEGO,23,162,72,22,15
JERC_006,NEON.MAM.D03.R1462,F,PEPO,15,126,56,17,12
JERC_006,NEON.MAM.D03.R1465,M,PEPO,13,114,47,16,13
JERC_002,NEON.MAM.D03.R1466,M,PEGO,27,161,70,22,15
OSBS_003,NEON.MAM.D03.R1496,M,POFL,34,135,84,24,19
JERC_006,NEON.MAM.D03.R2121,F,PEPO,14,125,60,22,9
DSNY_004,NEON.MAM.D03.R2180,F,SIHI,190,130,85,26,14
JERC_009,NEON.MAM.D03.R2258,M,PEPO,21,140,69,21,14
JERC_006,NEON.MAM.D03.R2281,M,PEGO,19,145,65,22,16
JERC_005,NEON.MAM.D03.R2364,M,PEGO,24,155,70,21,15
OSBS_004,NEON.MAM.D03.R2489,M,POFL,29,135,55,24,15
JERC_005,NEON.MAM.D03.R2504,M,PEGO,34,177,76,22,15
JERC_009,NEON.MAM.D03.R2505,M,PEPO,15,110,47,16,11
JERC_005,NEON.MAM.D03.R2506,F,PEPO,14,120,52,16,14
JERC_005,NEON.MAM.D03.R2508,M,PEGO,24,157,67,21,16
JERC_009,NEON.MAM.D03.R2518,F,PEGO,29,162,66,21,16
JERC_005,NEON.MAM.D03.R2535,F,PEPO,10,91,42,15,11
DSNY_005,NEON.MAM.D03.R2538,F,PEGO,38,172,80,22,14
OSBS_005,NEON.MAM.D03.R2546,M,SIHI,164,245,95,31,19
OSBS_002,NEON.MAM.D03.R2547,M,POFL,28,135,75,24,18
JERC_003,NEON.MAM.D03.R2555,M,PEGO,22,134,21,20,15
JERC_009,NEON.MAM.D03.R2562,M,PEGO,23,149,62,21,16
JERC_005,NEON.MAM.D03.R2565,M,PEGO,34,178,77,22,15
JERC_005,NEON.MAM.D03.R2629,M,PEPO,11,91,44,16,16
OSBS_077,NEON.MAM.D03.R2667,F,PEGO,20,151,65,22,18
JERC_009,NEON.MAM.D03.R2685,M,PEPO,12,112,45,16,13
JERC_006,NEON.MAM.D03.R2706,M,PEPO,14,108,42,15,10
DSNY_001,NEON.MAM.D03.R2843,F,POFL,36,135,89,31,20
JERC_019,NEON.MAM.D03.R2906,F,PEGO,26,161,68,22,16
JERC_006,NEON.MAM.D03.R2951,M,PEGO,25,165,75,22,18
JERC_005,NEON.MAM.D03.R2952,M,SIHI,142,244,101,30,16
DSNY_001,NEON.MAM.D03.R2953,M,POFL,36,135,88,26,20
JERC_003,NEON.MAM.D03.R2959,F,PEPO,20,141,52,21,16
JERC_002,NEON.MAM.D03.R2967,M,PEGO,30,166,70,22,16
JERC_005,NEON.MAM.D03.R2972,M,PEPO,20,144,61,21,18
JERC_005,NEON.MAM.D03.R2973,M,PEGO,31,176,78,21,15
JERC_003,NEON.MAM.D03.R2980,M,NEFL,271,309,154,40,26
DSNY_001,NEON.MAM.D03.R2981,M,POFL,46,135,96,26,20
JERC_002,NEON.MAM.D03.R2985,F,MUMU,10,135,66,16,9
JERC_006,NEON.MAM.D03.R2986,M,PEPO,12,93,44,15,12
JERC_002,NEON.MAM.D03.R2990,M,PEPO,26,148,60,21,15
OSBS_004,NEON.MAM.D03.R2991,M,POFL,26,135,75,22,16
JERC_019,NEON.MAM.D03.R2996,F,PEGO,30,157,75,20,15
JERC_006,NEON.MAM.D03.R2997,F,PEPO,22,127,49,16,13
JERC_002,NEON.MAM.D03.R2998,M,PEGO,30,170,75,21,16
OSBS_003,NEON.MAM.D03.R3044,F,PEGO,26,156,70,22,14
OSBS_003,NEON.MAM.D03.R3054,F,PEGO,27,153,62,21,19
OSBS_003,NEON.MAM.D03.R3084,M,POFL,32,135,66,25,15
OSBS_077,NEON.MAM.D03.R3273,F,PEGO,20,138,59,21,14
JERC_003,NEON.MAM.D03.R3320,M,NEFL,156,297,153,37,24
DSNY_010,NEON.MAM.D03.R3327,M,PEGO,17,134,65,21,12
JERC_003,NEON.MAM.D03.R3335,F,SIHI,131,243,98,28,16
OSBS_077,NEON.MAM.D03.R3408,M,PEGO,25,145,64,21,15
DSNY_004,NEON.MAM.D03.R3427,M,PEGO,29,162,71,21,20
JERC_003,NEON.MAM.D03.R3461,F,NEFL,214,318,170,36,20
JERC_005,NEON.MAM.D03.R3462,M,PEPO,20,152,64,22,15
JERC_003,NEON.MAM.D03.R3488,M,NEFL,288,324,174,38,25
DSNY_004,NEON.MAM.D03.R3494,M,PEGO,28,159,68,22,19
OSBS_002,NEON.MAM.D03.R3502,F,POFL,38,135,86,24,18
JERC_019,NEON.MAM.D03.R3507,F,PEGO,20,140,74,21,13
JERC_005,NEON.MAM.D03.R3508,F,SIHI,140,260,115,30,20
JERC_009,NEON.MAM.D03.R3512,M,SIHI,88,230,88,31,19
OSBS_003,NEON.MAM.D03.R3520,M,POFL,29,135,77,25,16
DSNY_004,NEON.MAM.D03.R3526,M,SIHI,167,252,112,31,19
OSBS_003,NEON.MAM.D03.R3530,M,POFL,33,135,81,23,17
JERC_009,NEON.MAM.D03.R3531,M,PEPO,14,117,47,17,12
OSBS_003,NEON.MAM.D03.R3534,F,POFL,31,135,77,24,18
JERC_005,NEON.MAM.D03.R3540,F,SIHI,121,242,96,30,17
JERC_003,NEON.MAM.D03.R3541,M,NEFL,105,284,137,34,24
OSBS_005,NEON.MAM.D03.R3544,F,OCNU,19,166,73,21,14
JERC_003,NEON.MAM.D03.R3551,M,NEFL,187,310,151,38,25
OSBS_005,NEON.MAM.D03.R3560,M,PEGO,26,170,74,22,16
OSBS_004,NEON.MAM.D03.R3563,F,POFL,27,135,82,25,19
OSBS_003,NEON.MAM.D03.R3565,M,POFL,32,135,51,25,16
JERC_003,NEON.MAM.D03.R3574,M,NEFL,172,288,141,35,26
JERC_006,NEON.MAM.D03.R3594,F,PEPO,14,115,48,15,12
JERC_009,NEON.MAM.D03.R3597,M,PEGO,28,152,65,21,14
JERC_009,NEON.MAM.D03.R3602,M,PEGO,30,172,84,21,15
DSNY_004,NEON.MAM.D03.R3606,F,PEGO,32,177,80,21,16
JERC_005,NEON.MAM.D03.R3607,M,PEPO,12,100,52,16,12
OSBS_002,NEON.MAM.D03.R3608,M,PEGO,26,159,82,23,17
OSBS_003,NEON.MAM.D03.R3610,M,POFL,32,135,82,26,19
JERC_009,NEON.MAM.D03.R3616,F,PEGO,28,155,70,21,18
DSNY_016,NEON.MAM.D03.R3617,F,REHU,13,135,65,15,9
JERC_009,NEON.MAM.D03.R3618,M,PEGO,28,143,58,20,14
JERC_003,NEON.MAM.D03.R3621,F,SIHI,100,216,79,28,17
OSBS_003,NEON.MAM.D03.R3627,M,POFL,32,135,75,24,18
OSBS_005,NEON.MAM.D03.R3628,F,PEGO,24,160,72,21,15
OSBS_003,NEON.MAM.D03.R3631,M,PEGO,23,156,67,22,15
DSNY_006,NEON.MAM.D03.R3634,F,PEGO,26,146,69,19,15
JERC_019,NEON.MAM.D03.R3635,M,PEGO,19,149,64,21,15
DSNY_005,NEON.MAM.D03.R3645,M,REHU,10,116,63,12,7
OSBS_003,NEON.MAM.D03.R3646,F,PEGO,25,152,70,20,16
DSNY_004,NEON.MAM.D03.R3652,M,SIHI,114,249,108,31,20
JERC_005,NEON.MAM.D03.R3653,F,PEPO,13,113,48,16,11
OSBS_003,NEON.MAM.D03.R3656,M,POFL,26,135,72,22,17
JERC_009,NEON.MAM.D03.R3661,F,PEPO,11,88,44,12,13
JERC_005,NEON.MAM.D03.R3673,F,PEGO,29,169,74,21,15
JERC_003,NEON.MAM.D03.R3682,M,NEFL,178,316,172,40,22
OSBS_003,NEON.MAM.D03.R3683,F,POFL,28,135,74,23,17
JERC_009,NEON.MAM.D03.R3692,M,PEGO,34,174,74,21,16
JERC_002,NEON.MAM.D03.R3701,F,PEGO,27,132,80,21,13
JERC_009,NEON.MAM.D03.R3706,M,PEGO,19,152,66,22,17
OSBS_003,NEON.MAM.D03.R3716,F,POFL,23,135,75,22,17
JERC_002,NEON.MAM.D03.R3723,M,PEGO,25,147,64,19,16
OSBS_003,NEON.MAM.D03.R3726,M,PEGO,22,146,64,21,14
OSBS_003,NEON.MAM.D03.R3730,F,POFL,35,135,49,26,18
JERC_019,NEON.MAM.D03.R3739,F,PELE,19,151,64,21,16
JERC_019,NEON.MAM.D03.R3744,M,PEGO,30,161,64,21,17
OSBS_003,NEON.MAM.D03.R3745,M,POFL,32,135,81,24,16
DSNY_016,NEON.MAM.D03.R3756,F,REHU,10,114,61,10,10
JERC_002,NEON.MAM.D03.R3763,F,PEGO,20,140,63,20,14
JERC_009,NEON.MAM.D03.R3764,F,PEGO,23,158,80,22,13
DSNY_005,NEON.MAM.D03.R3780,F,REHU,7,87,53,11,8
DSNY_005,NEON.MAM.D03.R3787,M,PEGO,22,156,72,20,16
OSBS_003,NEON.MAM.D03.R3792,M,POFL,26,135,79,21,18
DSNY_016,NEON.MAM.D03.R3795,M,PEGO,21,153,65,21,16
DSNY_004,NEON.MAM.D03.R3802,M,SIHI,160,244,102,30,16
DSNY_004,NEON.MAM.D03.R3803,M,SIHI,136,247,104,33,16
DSNY_004,NEON.MAM.D03.R3804,F,SIHI,120,245,102,31,20
JERC_003,NEON.MAM.D03.R3805,M,NEFL,319,312,167,37,26
DSNY_004,NEON.MAM.D03.R3808,M,SIHI,86,225,98,30,17
JERC_009,NEON.MAM.D03.R3810,M,PEPO,15,114,48,15,13
JERC_003,NEON.MAM.D03.R3811,M,NEFL,261,304,154,36,24
JERC_005,NEON.MAM.D03.R3812,M,SIHI,155,243,94,30,16
JERC_005,NEON.MAM.D03.R3814,M,PEGO,32,162,64,21,16
DSNY_004,NEON.MAM.D03.R3819,F,SIHI,113,236,96,29,17
DSNY_004,NEON.MAM.D03.R3820,M,SIHI,131,238,88,32,16
JERC_003,NEON.MAM.D03.R3852,M,PEPO,28,143,72,19,14
OSBS_003,NEON.MAM.D03.R3856,F,POFL,30,135,77,24,19
JERC_019,NEON.MAM.D03.R3858,M,PEGO,21,143,59,22,14
JERC_003,NEON.MAM.D03.R3860,F,SIHI,135,245,95,28,18
JERC_019,NEON.MAM.D03.R3872,F,PEGO,25,148,60,21,15
OSBS_005,NEON.MAM.D03.R3878,M,PEGO,27,153,67,21,15
JERC_002,NEON.MAM.D03.R3880,M,PEGO,29,150,67,19,17
JERC_002,NEON.MAM.D03.R3882,F,PEGO,28,152,70,20,17
JERC_006,NEON.MAM.D03.R3883,M,PEPO,14,117,48,16,13
JERC_002,NEON.MAM.D03.R3886,M,PEGO,25,166,73,21,16
OSBS_003,NEON.MAM.D03.R3892,F,POFL,30,135,70,25,17
JERC_003,NEON.MAM.D03.R3899,F,PEGO,24,149,70,21,14
JERC_002,NEON.MAM.D03.R3986,F,PEPO,15,112,45,15,13
OSBS_077,NEON.MAM.D03.R4006,M,PEGO,26,152,65,22,15
OSBS_077,NEON.MAM.D03.R4015,F,PEGO,24,152,65,22,18
JERC_005,NEON.MAM.D03.R4028,F,SIHI,127,263,114,28,16
JERC_003,NEON.MAM.D03.R4053,U,PEGO,30,168,77,22,18
OSBS_003,NEON.MAM.D03.R4064,M,PEGO,20,151,70,22,15
OSBS_004,NEON.MAM.D03.R4081,M,POFL,34,135,65,24,20
OSBS_004,NEON.MAM.D03.R4082,F,POFL,34,135,80,24,14
OSBS_077,NEON.MAM.D03.R4085,F,PEGO,28,161,70,22,20
OSBS_004,NEON.MAM.D03.R4091,M,POFL,29,135,77,26,15
JERC_005,NEON.MAM.D03.R4094,F,PEGO,22,154,70,22,16
JERC_005,NEON.MAM.D03.R4232,M,PEGO,19,140,55,20,16
JERC_005,NEON.MAM.D03.R4233,M,PEGO,28,156,75,21,18
JERC_003,NEON.MAM.D03.R4286,M,NEFL,214,325,175,38,23
JERC_008,NEON.MAM.D03.R4289,F,MUMU,16,152,81,17,11
JERC_008,NEON.MAM.D03.R4290,M,SIHI,127,255,115,31,16
JERC_009,NEON.MAM.D03.R4292,M,SIHI,100,233,95,30,15
JERC_006,NEON.MAM.D03.R4293,M,PEPO,12,60,48,16,15
JERC_005,NEON.MAM.D03.R4295,F,SIHI,108,204,100,26,18
JERC_003,NEON.MAM.D03.R4451,F,NEFL,210,314,170,36,25
JERC_005,NEON.MAM.D03.R4455,F,PEGO,22,143,57,22,14
JERC_009,NEON.MAM.D03.R4462,M,PEPO,12,115,45,16,15
OSBS_003,NEON.MAM.D03.R4466,M,POFL,28,135,80,24,16
JERC_009,NEON.MAM.D03.R4470,M,PEPO,13,113,46,12,12
OSBS_077,NEON.MAM.D03.R4624,M,PEPO,17,139,69,22,11
JERC_005,NEON.MAM.D03.R4688,M,PEGO,26,170,70,21,17
OSBS_077,NEON.MAM.D03.R4771,M,POFL,30,135,76,24,20
OSBS_077,NEON.MAM.D03.R4781,F,POFL,26,135,76,23,19
OSBS_077,NEON.MAM.D03.R4796,M,PEGO,19,145,65,21,15
OSBS_077,NEON.MAM.D03.R4797,F,PEGO,23,156,70,21,16
OSBS_077,NEON.MAM.D03.R4799,F,PEPO,9,125,55,20,14
JERC_003,NEON.MAM.D03.R4816,F,NEFL,224,300,165,36,22
JERC_003,NEON.MAM.D03.R4817,M,NEFL,285,343,183,43,23
JERC_003,NEON.MAM.D03.R4848,M,MUMU,12,143,69,17,16
GUAN_003,NEON.MAM.D04.L1000,F,RARA,138,382,196,34,23
GUAN_007,NEON.MAM.D04.L1002,M,RARA,97,326,169,32,22
GUAN_007,NEON.MAM.D04.L1004,M,RARA,116,375,218,32,22
GUAN_007,NEON.MAM.D04.L1012,M,RARA,134,349,183,32,23
GUAN_007,NEON.MAM.D04.L1013,F,RARA,131,372,163,32,23
GUAN_003,NEON.MAM.D04.L1018,F,RARA,129,346,183,31,23
GUAN_003,NEON.MAM.D04.L1019,F,RARA,117,450,210,30,18
GUAN_002,NEON.MAM.D04.L1044,M,RARA,120,340,190,18,33
GUAN_007,NEON.MAM.D04.L1048,F,RARA,150,374,206,34,22
GUAN_003,NEON.MAM.D04.L1051,M,RARA,98,321,184,34,20
GUAN_004,NEON.MAM.D04.L1054,F,RARA,110,70,215,33,21
LAJA_023,NEON.MAM.D04.L1059,M,MUMU,15,128,62,18,11
LAJA_023,NEON.MAM.D04.L1062,M,MUMU,7,118,59,17,10
LAJA_023,NEON.MAM.D04.L1065,M,MUMU,15,145,69,19,12
LAJA_023,NEON.MAM.D04.L1066,F,MUMU,12,135,70,14,13
LAJA_023,NEON.MAM.D04.L1069,M,MUMU,14,135,70,14,11
GUAN_002,NEON.MAM.D04.L1074,F,RARA,115,326,25,27,22
LAJA_023,NEON.MAM.D04.L1076,M,MUMU,13,144,72,18,11
LAJA_023,NEON.MAM.D04.L1078,F,MUMU,20,114,44,17,14
LAJA_023,NEON.MAM.D04.L1079,M,MUMU,20,144,67,14,9
LAJA_023,NEON.MAM.D04.L1084,F,MUMU,12,126,65,16,11
LAJA_023,NEON.MAM.D04.L1087,M,MUMU,12,136,70,15,10
GUAN_025,NEON.MAM.D04.L1102,F,RARA,98,341,189,30,19
GUAN_025,NEON.MAM.D04.L1103,M,RARA,96,352,192,34,20
LAJA_023,NEON.MAM.D04.L1119,M,MUMU,9,110,54,16,10
LAJA_002,NEON.MAM.D04.L1132,F,MUMU,18,141,67,17,11
LAJA_023,NEON.MAM.D04.L1135,M,MUMU,12,133,69,18,11
LAJA_023,NEON.MAM.D04.L1138,F,MUMU,12,121,59,17,11
LAJA_023,NEON.MAM.D04.L1140,F,MUMU,11,125,59,19,11
LAJA_023,NEON.MAM.D04.L1143,M,MUMU,11,143,62,17,13
LAJA_023,NEON.MAM.D04.L1154,M,MUMU,6,110,60,13,8
LAJA_023,NEON.MAM.D04.L1166,M,MUMU,8,125,68,14,7
LAJA_023,NEON.MAM.D04.L1168,F,MUMU,17,143,68,16,11
GUAN_005,NEON.MAM.D04.L1170,M,RARA,110,361,190,29,18
GUAN_005,NEON.MAM.D04.L1173,F,RARA,95,330,180,32,20
LAJA_003,NEON.MAM.D04.L1307,F,MUMU,14,146,70,19,10
GUAN_007,NEON.MAM.D04.L1342,F,RARA,125,270,99,39,21
GUAN_025,NEON.MAM.D04.L1371,F,MUMU,15,140,80,18,12
LAJA_003,NEON.MAM.D04.L1808,M,MUMU,14,140,71,19,10
LAJA_003,NEON.MAM.D04.L1831,M,MUMU,10,122,59,28,10
LAJA_003,NEON.MAM.D04.L1847,M,MUMU,13,135,70,17,11
LAJA_023,NEON.MAM.D04.L1855,M,MUMU,12,142,71,19,12
LAJA_023,NEON.MAM.D04.L1856,F,MUMU,14,145,69,19,12
LAJA_023,NEON.MAM.D04.L1857,M,MUMU,12,125,65,18,11
LAJA_023,NEON.MAM.D04.L1859,M,MUMU,15,147,70,18,11
LAJA_023,NEON.MAM.D04.L1861,M,MUMU,10,137,65,18,10
LAJA_023,NEON.MAM.D04.L1862,F,MUMU,14,142,65,17,10
LAJA_003,NEON.MAM.D04.L1875,M,RARA,65,280,153,32,18
LAJA_023,NEON.MAM.D04.L1937,F,MUMU,12,130,70,19,10
LAJA_023,NEON.MAM.D04.L1938,M,MUMU,11,137,70,18,10
LAJA_023,NEON.MAM.D04.L1944,M,MUMU,12,142,65,18,12
LAJA_010,NEON.MAM.D04.L1946,M,MUMU,13,145,75,13,12
LAJA_023,NEON.MAM.D04.L1947,M,MUMU,13,140,66,16,11
LAJA_023,NEON.MAM.D04.L1949,F,MUMU,16,158,70,15,12
LAJA_023,NEON.MAM.D04.L1962,M,MUMU,15,135,64,17,12
LAJA_023,NEON.MAM.D04.L1964,M,MUMU,10,129,65,18,11
LAJA_023,NEON.MAM.D04.L1965,M,MUMU,11,131,65,18,9
LAJA_023,NEON.MAM.D04.L1966,F,MUMU,13,145,72,18,9
LAJA_023,NEON.MAM.D04.L1967,F,MUMU,17,149,75,19,10
LAJA_023,NEON.MAM.D04.L1975,M,RARA,131,377,185,35,20
LAJA_003,NEON.MAM.D04.L1976,M,MUMU,10,135,70,19,11
LAJA_003,NEON.MAM.D04.L1980,M,MUMU,16,138,65,17,11
LAJA_003,NEON.MAM.D04.L1983,F,MUMU,16,159,74,17,11
LAJA_003,NEON.MAM.D04.L1986,M,MUMU,11,136,75,19,9
LAJA_023,NEON.MAM.D04.L1991,M,MUMU,12,122,54,17,11
LAJA_010,NEON.MAM.D04.O010J620160930,F,MUMU,14,134,62,19,11
GUAN_005,NEON.MAM.D04.R1011,F,RARA,29,227,132,28,19
GUAN_002,NEON.MAM.D04.R1014,F,RARA,100,330,220,31,21
GUAN_002,NEON.MAM.D04.R1015,F,RARA,112,362,174,34,18
GUAN_002,NEON.MAM.D04.R1016,F,RARA,130,363,205,32,20
GUAN_002,NEON.MAM.D04.R1017,M,RARA,110,350,197,32,21
GUAN_003,NEON.MAM.D04.R1018,F,RARA,140,320,144,31,22
GUAN_003,NEON.MAM.D04.R1020,F,RARA,144,364,213,34,21
GUAN_003,NEON.MAM.D04.R1021,M,RARA,97,352,190,33,21
LAJA_003,NEON.MAM.D04.R1025,M,MUMU,10,125,70,13,9
LAJA_002,NEON.MAM.D04.R1026,F,MUMU,15,135,8,15,10
LAJA_002,NEON.MAM.D04.R1027,F,RARA,25,215,110,25,15
LAJA_003,NEON.MAM.D04.R1028,F,MUMU,23,150,75,17,9
LAJA_002,NEON.MAM.D04.R1029,M,MUMU,14,141,72,16,8
LAJA_002,NEON.MAM.D04.R1030,M,MUMU,11,130,68,13,9
GUAN_004,NEON.MAM.D04.R1031,M,RARA,120,345,180,32,20
LAJA_002,NEON.MAM.D04.R1033,F,MUMU,12,142,71,15,12
LAJA_002,NEON.MAM.D04.R1034,M,MUMU,13,135,71,17,12
GUAN_003,NEON.MAM.D04.R1038,M,RARA,91,390,215,32,23
LAJA_023,NEON.MAM.D04.R1039,M,MUMU,14,142,71,18,11
GUAN_007,NEON.MAM.D04.R1040,F,RARA,115,350,195,32,22
GUAN_004,NEON.MAM.D04.R1046,F,RARA,130,355,195,29,21
GUAN_004,NEON.MAM.D04.R1047,M,RARA,12,353,192,33,18
GUAN_003,NEON.MAM.D04.R1049,F,RARA,120,402,195,30,21
LAJA_023,NEON.MAM.D04.R1056,M,RARA,90,353,202,33,23
LAJA_023,NEON.MAM.D04.R1057,M,RARA,130,351,191,32,23
LAJA_023,NEON.MAM.D04.R1071,M,MUMU,10,125,63,18,10
GUAN_003,NEON.MAM.D04.R1073,M,RARA,115,350,200,33,19
LAJA_023,NEON.MAM.D04.R1075,M,MUMU,23,113,77,14,10
LAJA_023,NEON.MAM.D04.R1078,M,MUMU,15,125,57,15,9
LAJA_023,NEON.MAM.D04.R1080,F,MUMU,18,144,68,19,9
LAJA_023,NEON.MAM.D04.R1086,M,MUMU,13,130,67,18,12
LAJA_023,NEON.MAM.D04.R1088,M,MUMU,20,127,70,15,10
GUAN_025,NEON.MAM.D04.R1093,M,RARA,105,339,151,31,18
GUAN_007,NEON.MAM.D04.R1095,F,RARA,100,370,210,35,21
GUAN_007,NEON.MAM.D04.R1096,F,RARA,116,368,194,34,21
GUAN_007,NEON.MAM.D04.R1097,F,RARA,120,380,212,33,22
GUAN_007,NEON.MAM.D04.R1098,M,RARA,157,375,195,34,22
GUAN_003,NEON.MAM.D04.R1099,M,RARA,125,323,188,31,24
GUAN_007,NEON.MAM.D04.R1100,M,RARA,80,301,181,33,23
GUAN_007,NEON.MAM.D04.R1101,M,RARA,97,345,194,34,21
GUAN_025,NEON.MAM.D04.R1104,M,RARA,105,340,183,32,18
GUAN_004,NEON.MAM.D04.R1105,M,RARA,110,344,188,33,22
GUAN_004,NEON.MAM.D04.R1106,F,RARA,90,184,204,32,22
GUAN_004,NEON.MAM.D04.R1107,M,RARA,100,359,214,32,21
GUAN_004,NEON.MAM.D04.R1108,M,RARA,95,335,194,33,19
GUAN_005,NEON.MAM.D04.R1111,M,RARA,100,325,170,28,20
LAJA_002,NEON.MAM.D04.R1113,M,MUMU,16,130,70,15,9
LAJA_002,NEON.MAM.D04.R1114,F,MUMU,17,130,70,13,8
LAJA_002,NEON.MAM.D04.R1115,M,MUMU,14,140,70,15,10
LAJA_002,NEON.MAM.D04.R1116,M,MUMU,14,150,80,14,10
LAJA_002,NEON.MAM.D04.R1117,M,MUMU,15,140,75,13,8
GUAN_003,NEON.MAM.D04.R1120,M,MUMU,20,130,70,15,10
GUAN_005,NEON.MAM.D04.R1121,M,RARA,117,352,205,33,22
GUAN_025,NEON.MAM.D04.R1122,M,RARA,129,351,192,35,21
GUAN_025,NEON.MAM.D04.R1123,F,RARA,137,390,208,33,20
GUAN_003,NEON.MAM.D04.R1124,M,RARA,130,362,115,33,21
GUAN_003,NEON.MAM.D04.R1125,F,RARA,70,290,170,30,19
GUAN_025,NEON.MAM.D04.R1128,M,RARA,118,376,190,25,21
GUAN_007,NEON.MAM.D04.R1129,F,RARA,195,359,202,32,20
LAJA_002,NEON.MAM.D04.R1130,M,MUMU,14,154,69,18,10
LAJA_023,NEON.MAM.D04.R1133,M,MUMU,10,120,60,15,11
LAJA_023,NEON.MAM.D04.R1134,F,MUMU,10,130,69,18,11
LAJA_023,NEON.MAM.D04.R1138,M,MUMU,11,145,71,16,10
LAJA_023,NEON.MAM.D04.R1141,F,MUMU,13,129,67,17,11
LAJA_023,NEON.MAM.D04.R1142,M,MUMU,9,125,64,17,12
LAJA_002,NEON.MAM.D04.R1146,M,MUMU,14,132,69,17,11
GUAN_003,NEON.MAM.D04.R1147,F,RARA,120,354,215,32,22
LAJA_023,NEON.MAM.D04.R1153,F,MUMU,12,134,60,19,11
LAJA_023,NEON.MAM.D04.R1155,M,MUMU,10,127,61,18,10
LAJA_010,NEON.MAM.D04.R1160,M,MUMU,16,150,72,17,12
LAJA_010,NEON.MAM.D04.R1161,M,MUMU,14,140,71,16,10
LAJA_010,NEON.MAM.D04.R1162,M,MUMU,15,144,75,15,10
GUAN_025,NEON.MAM.D04.R1163,F,RARA,123,370,191,30,21
LAJA_010,NEON.MAM.D04.R1164,M,MUMU,13,135,68,14,9
LAJA_005,NEON.MAM.D04.R1165,M,MUMU,14,135,80,16,10
GUAN_005,NEON.MAM.D04.R1172,F,RARA,143,360,200,32,20
GUAN_003,NEON.MAM.D04.R1177,F,RARA,46,264,145,29,18
GUAN_003,NEON.MAM.D04.R1178,M,RARA,121,367,203,33,23
GUAN_025,NEON.MAM.D04.R1180,F,RARA,120,370,210,32,18
GUAN_025,NEON.MAM.D04.R1183,M,RARA,110,360,180,30,22
GUAN_003,NEON.MAM.D04.R1190,M,RARA,111,366,210,33,20
GUAN_007,NEON.MAM.D04.R1191,F,RARA,139,375,200,32,22
GUAN_025,NEON.MAM.D04.R1194,F,RARA,122,356,200,29,19
LAJA_002,NEON.MAM.D04.R1195,M,MUMU,19,120,60,12,10
LAJA_023,NEON.MAM.D04.R1196,M,RARA,110,355,200,27,22
LAJA_023,NEON.MAM.D04.R1197,F,RARA,66,339,180,33,21
LAJA_023,NEON.MAM.D04.R1199,F,RARA,140,375,210,33,21
LAJA_003,NEON.MAM.D04.R1300,M,MUMU,10,130,65,16,11
LAJA_003,NEON.MAM.D04.R1301,F,MUMU,16,165,80,18,9
LAJA_003,NEON.MAM.D04.R1302,F,MUMU,12,130,70,16,12
LAJA_003,NEON.MAM.D04.R1305,F,MUMU,14,150,72,19,11
LAJA_003,NEON.MAM.D04.R1309,F,MUMU,15,140,68,17,11
LAJA_003,NEON.MAM.D04.R1312,M,MUMU,14,144,69,16,11
LAJA_002,NEON.MAM.D04.R1313,F,MUMU,17,150,70,19,10
LAJA_023,NEON.MAM.D04.R1314,F,MUMU,15,151,78,19,11
LAJA_023,NEON.MAM.D04.R1315,M,MUMU,11,136,70,17,9
LAJA_023,NEON.MAM.D04.R1318,M,MUMU,11,140,68,15,11
LAJA_023,NEON.MAM.D04.R1319,F,RARA,30,220,12,24,18
LAJA_023,NEON.MAM.D04.R1320,M,RARA,141,380,86,36,22
LAJA_010,NEON.MAM.D04.R1321,F,MUMU,15,146,70,16,11
LAJA_010,NEON.MAM.D04.R1322,M,MUMU,13,145,66,17,10
LAJA_010,NEON.MAM.D04.R1324,F,MUMU,9,145,70,16,10
GUAN_007,NEON.MAM.D04.R1325,F,RARA,128,385,215,36,22
GUAN_007,NEON.MAM.D04.R1326,F,RARA,90,339,200,32,18
GUAN_007,NEON.MAM.D04.R1327,F,RARA,90,325,195,34,21
GUAN_003,NEON.MAM.D04.R1328,F,RARA,85,125,80,30,18
GUAN_007,NEON.MAM.D04.R1329,M,RARA,105,365,205,36,23
GUAN_003,NEON.MAM.D04.R1333,F,RARA,105,375,210,32,21
GUAN_004,NEON.MAM.D04.R1336,F,RARA,115,370,205,34,21
GUAN_003,NEON.MAM.D04.R1341,M,RARA,115,355,197,31,22
GUAN_003,NEON.MAM.D04.R1343,M,RARA,130,370,200,30,15
GUAN_004,NEON.MAM.D04.R1349,M,RARA,116,353,195,35,22
GUAN_007,NEON.MAM.D04.R1350,M,RARA,130,370,200,34,24
GUAN_003,NEON.MAM.D04.R1370,M,RARA,125,382,212,35,21
GUAN_004,NEON.MAM.D04.R1372,M,RARA,95,348,190,33,19
LAJA_010,NEON.MAM.D04.R1373,F,MUMU,13,144,68,17,12
GUAN_002,NEON.MAM.D04.R1374,F,RARA,135,365,200,34,22
LAJA_010,NEON.MAM.D04.R1375,M,MUMU,11,136,66,18,10
LAJA_010,NEON.MAM.D04.R1376,F,MUMU,13,147,70,19,10
LAJA_010,NEON.MAM.D04.R1377,F,MUMU,15,148,70,15,9
LAJA_010,NEON.MAM.D04.R1378,F,MUMU,11,142,68,18,9
LAJA_010,NEON.MAM.D04.R1379,F,MUMU,13,169,79,19,10
LAJA_010,NEON.MAM.D04.R1380,F,MUMU,16,153,70,18,10
LAJA_010,NEON.MAM.D04.R1381,F,MUMU,16,147,72,19,11
LAJA_010,NEON.MAM.D04.R1382,F,MUMU,15,152,79,17,11
LAJA_010,NEON.MAM.D04.R1383,F,MUMU,15,145,72,18,10
LAJA_010,NEON.MAM.D04.R1384,F,MUMU,13,145,68,18,10
LAJA_010,NEON.MAM.D04.R1385,M,MUMU,8,140,66,17,11
LAJA_010,NEON.MAM.D04.R1386,M,RARA,40,230,130,26,20
LAJA_010,NEON.MAM.D04.R1388,F,MUMU,13,150,71,19,10
LAJA_010,NEON.MAM.D04.R1389,F,MUMU,12,135,65,18,11
LAJA_010,NEON.MAM.D04.R1390,M,MUMU,11,137,69,17,11
LAJA_010,NEON.MAM.D04.R1391,F,MUMU,16,148,72,19,10
LAJA_010,NEON.MAM.D04.R1392,F,MUMU,17,159,76,19,11
LAJA_010,NEON.MAM.D04.R1393,F,MUMU,12,130,67,18,11
LAJA_010,NEON.MAM.D04.R1394,F,MUMU,15,150,73,20,11
LAJA_010,NEON.MAM.D04.R1395,F,MUMU,13,143,67,17,10
LAJA_010,NEON.MAM.D04.R1396,F,MUMU,17,103,31,17,9
LAJA_010,NEON.MAM.D04.R1397,F,MUMU,13,135,65,17,8
LAJA_010,NEON.MAM.D04.R1398,M,MUMU,13,130,56,19,10
LAJA_010,NEON.MAM.D04.R1399,F,MUMU,17,146,69,16,13
GUAN_025,NEON.MAM.D04.R1434,M,MUMU,11,130,70,18,11
GUAN_003,NEON.MAM.D04.R1451,M,RARA,150,350,190,32,19
GUAN_007,NEON.MAM.D04.R1454,M,RARA,100,340,190,33,21
LAJA_003,NEON.MAM.D04.R1700,F,MUMU,16,150,80,19,12
LAJA_003,NEON.MAM.D04.R1702,M,MUMU,10,130,70,16,11
LAJA_003,NEON.MAM.D04.R1705,F,MUMU,15,132,65,17,12
LAJA_003,NEON.MAM.D04.R1707,M,MUMU,13,135,71,18,11
LAJA_003,NEON.MAM.D04.R1708,M,MUMU,12,136,78,16,10
LAJA_003,NEON.MAM.D04.R1709,M,MUMU,14,140,71,18,12
LAJA_003,NEON.MAM.D04.R1710,F,MUMU,17,110,40,16,11
LAJA_003,NEON.MAM.D04.R1711,F,MUMU,12,132,68,16,10
LAJA_003,NEON.MAM.D04.R1713,F,MUMU,17,146,75,17,9
LAJA_003,NEON.MAM.D04.R1714,F,MUMU,12,130,71,16,10
LAJA_003,NEON.MAM.D04.R1715,M,MUMU,14,135,65,18,7
LAJA_003,NEON.MAM.D04.R1716,F,MUMU,14,140,76,18,12
LAJA_003,NEON.MAM.D04.R1717,M,MUMU,18,148,70,19,11
LAJA_023,NEON.MAM.D04.R1718,M,MUMU,11,135,65,18,10
LAJA_023,NEON.MAM.D04.R1719,F,MUMU,13,135,70,16,9
LAJA_023,NEON.MAM.D04.R1720,F,MUMU,18,152,78,15,10
LAJA_023,NEON.MAM.D04.R1721,M,MUMU,15,142,76,18,13
LAJA_023,NEON.MAM.D04.R1722,M,MUMU,15,138,72,17,12
LAJA_023,NEON.MAM.D04.R1725,F,RARA,100,280,150,30,20
LAJA_003,NEON.MAM.D04.R1730,F,MUMU,16,136,72,15,11
LAJA_018,NEON.MAM.D04.R1732,M,RARA,120,350,180,33,21
LAJA_018,NEON.MAM.D04.R1733,M,MUMU,11,130,71,15,10
LAJA_018,NEON.MAM.D04.R1735,M,RARA,180,410,210,38,20
LAJA_003,NEON.MAM.D04.R1743,M,MUMU,20,160,89,20,11
LAJA_023,NEON.MAM.D04.R1749,M,MUMU,16,140,78,19,11
LAJA_018,NEON.MAM.D04.R1750,M,MUMU,14,145,70,17,11
LAJA_005,NEON.MAM.D04.R1751,F,MUMU,14,136,63,16,11
GUAN_007,NEON.MAM.D04.R1752,F,RARA,102,341,193,32,22
LAJA_005,NEON.MAM.D04.R1756,M,MUMU,18,130,62,16,10
LAJA_005,NEON.MAM.D04.R1765,F,MUMU,15,142,73,18,11
LAJA_005,NEON.MAM.D04.R1767,M,MUMU,15,145,78,19,11
LAJA_005,NEON.MAM.D04.R1769,M,MUMU,13,130,61,18,11
LAJA_005,NEON.MAM.D04.R1770,M,MUMU,13,146,76,15,12
LAJA_005,NEON.MAM.D04.R1771,F,MUMU,15,148,73,17,12
LAJA_005,NEON.MAM.D04.R1772,F,MUMU,15,131,68,17,11
LAJA_005,NEON.MAM.D04.R1774,M,MUMU,15,136,55,16,11
LAJA_018,NEON.MAM.D04.R1775,M,MUMU,11,135,69,15,10
LAJA_018,NEON.MAM.D04.R1776,M,MUMU,13,142,69,19,12
LAJA_005,NEON.MAM.D04.R1778,M,MUMU,11,130,62,18,10
LAJA_005,NEON.MAM.D04.R1779,M,MUMU,15,146,75,19,10
LAJA_005,NEON.MAM.D04.R1780,M,MUMU,12,143,68,18,10
LAJA_005,NEON.MAM.D04.R1782,M,MUMU,15,145,72,16,10
LAJA_005,NEON.MAM.D04.R1784,F,MUMU,15,150,74,18,11
LAJA_005,NEON.MAM.D04.R1785,M,MUMU,18,165,83,18,11
LAJA_005,NEON.MAM.D04.R1786,M,MUMU,15,125,67,17,11
LAJA_005,NEON.MAM.D04.R1788,M,MUMU,14,150,73,16,10
LAJA_005,NEON.MAM.D04.R1789,M,MUMU,10,135,70,19,10
LAJA_005,NEON.MAM.D04.R1790,F,MUMU,20,146,71,17,11
LAJA_005,NEON.MAM.D04.R1791,F,MUMU,11,135,65,17,11
LAJA_005,NEON.MAM.D04.R1793,F,MUMU,17,145,70,18,11
LAJA_005,NEON.MAM.D04.R1794,F,MUMU,18,152,75,18,11
GUAN_003,NEON.MAM.D04.R1798,F,RARA,114,364,202,34,20
GUAN_025,NEON.MAM.D04.R1799,M,RARA,140,346,170,35,20
GUAN_025,NEON.MAM.D04.R1800,F,RARA,116,360,200,30,19
GUAN_025,NEON.MAM.D04.R1801,M,RARA,129,375,200,35,20
GUAN_025,NEON.MAM.D04.R1802,M,RARA,119,330,185,31,18
GUAN_025,NEON.MAM.D04.R1803,F,RARA,99,339,195,32,17
LAJA_003,NEON.MAM.D04.R1806,M,MUMU,15,140,75,15,10
LAJA_003,NEON.MAM.D04.R1812,F,MUMU,13,128,68,15,12
LAJA_003,NEON.MAM.D04.R1813,M,MUMU,16,130,70,13,12
GUAN_007,NEON.MAM.D04.R1815,F,RARA,90,345,198,31,19
GUAN_007,NEON.MAM.D04.R1818,F,RARA,100,345,185,31,18
GUAN_007,NEON.MAM.D04.R1820,M,RARA,39,265,149,31,18
GUAN_007,NEON.MAM.D04.R1822,M,RARA,89,353,185,31,24
GUAN_007,NEON.MAM.D04.R1824,F,RARA,110,315,200,38,22
GUAN_003,NEON.MAM.D04.R1825,M,RARA,140,380,210,31,19
LAJA_003,NEON.MAM.D04.R1833,M,MUMU,13,137,79,18,9
LAJA_003,NEON.MAM.D04.R1834,M,MUMU,14,145,67,17,10
LAJA_003,NEON.MAM.D04.R1835,F,MUMU,11,141,66,14,9
LAJA_003,NEON.MAM.D04.R1836,M,RARA,13,130,66,18,11
LAJA_003,NEON.MAM.D04.R1837,M,MUMU,15,125,64,17,10
LAJA_003,NEON.MAM.D04.R1838,M,MUMU,15,145,73,18,10
LAJA_003,NEON.MAM.D04.R1839,M,RARA,12,140,74,19,11
LAJA_003,NEON.MAM.D04.R1845,M,MUMU,17,145,76,18,11
GUAN_002,NEON.MAM.D04.R1849,M,RARA,50,270,165,22,17
LAJA_003,NEON.MAM.D04.R1850,F,MUMU,14,142,78,16,10
LAJA_003,NEON.MAM.D04.R1852,M,MUMU,21,155,80,18,10
LAJA_023,NEON.MAM.D04.R1858,F,MUMU,11,136,65,18,10
GUAN_004,NEON.MAM.D04.R1860,M,RARA,90,357,198,34,22
LAJA_003,NEON.MAM.D04.R1864,F,MUMU,15,145,76,16,12
LAJA_003,NEON.MAM.D04.R1866,M,MUMU,14,140,72,16,9
LAJA_003,NEON.MAM.D04.R1867,F,MUMU,13,133,71,16,10
LAJA_003,NEON.MAM.D04.R1868,M,MUMU,16,138,76,17,13
LAJA_003,NEON.MAM.D04.R1869,M,MUMU,15,135,76,16,12
GUAN_004,NEON.MAM.D04.R1870,M,RARA,120,370,200,33,23
GUAN_004,NEON.MAM.D04.R1871,M,RARA,100,385,212,33,19
GUAN_004,NEON.MAM.D04.R1872,F,RARA,112,366,205,32,21
GUAN_025,NEON.MAM.D04.R1873,M,RARA,80,315,178,28,18
GUAN_025,NEON.MAM.D04.R1874,M,RARA,150,385,250,37,19
LAJA_018,NEON.MAM.D04.R1876,F,MUMU,20,146,70,18,11
LAJA_018,NEON.MAM.D04.R1877,M,MUMU,8,136,69,18,9
LAJA_023,NEON.MAM.D04.R1884,F,MUMU,11,135,70,19,11
LAJA_023,NEON.MAM.D04.R1888,M,MUMU,11,125,51,15,9
LAJA_002,NEON.MAM.D04.R1891,M,MUMU,11,124,62,16,10
LAJA_002,NEON.MAM.D04.R1893,M,MUMU,13,135,60,14,12
LAJA_002,NEON.MAM.D04.R1894,M,MUMU,12,65,55,19,11
GUAN_002,NEON.MAM.D04.R1895,M,RARA,50,284,159,29,20
GUAN_002,NEON.MAM.D04.R1897,M,RARA,20,323,172,30,20
GUAN_004,NEON.MAM.D04.R1898,F,RARA,110,373,200,33,20
LAJA_003,NEON.MAM.D04.R1900,F,MUMU,11,130,70,26,12
LAJA_023,NEON.MAM.D04.R1901,M,RARA,130,365,195,35,23
LAJA_023,NEON.MAM.D04.R1903,M,MUMU,12,133,67,19,10
LAJA_023,NEON.MAM.D04.R1904,M,MUMU,11,136,61,19,12
LAJA_023,NEON.MAM.D04.R1905,M,MUMU,12,142,71,16,10
LAJA_023,NEON.MAM.D04.R1906,M,MUMU,6,116,61,15,10
LAJA_023,NEON.MAM.D04.R1907,M,MUMU,6,133,66,17,12
LAJA_023,NEON.MAM.D04.R1908,M,MUMU,10,131,71,16,12
LAJA_023,NEON.MAM.D04.R1909,M,MUMU,8,120,58,16,12
LAJA_023,NEON.MAM.D04.R1910,M,MUMU,10,141,67,19,10
LAJA_023,NEON.MAM.D04.R1911,M,MUMU,10,125,58,16,10
LAJA_023,NEON.MAM.D04.R1912,F,MUMU,16,129,62,17,10
LAJA_023,NEON.MAM.D04.R1913,F,MUMU,16,131,66,18,12
LAJA_023,NEON.MAM.D04.R1914,M,MUMU,16,135,66,18,12
LAJA_023,NEON.MAM.D04.R1915,M,MUMU,16,155,72,17,11
LAJA_023,NEON.MAM.D04.R1916,F,MUMU,12,133,63,17,12
LAJA_023,NEON.MAM.D04.R1917,M,MUMU,12,132,65,17,11
LAJA_023,NEON.MAM.D04.R1919,F,MUMU,17,133,62,16,11
LAJA_023,NEON.MAM.D04.R1920,M,MUMU,12,143,71,16,12
LAJA_023,NEON.MAM.D04.R1921,M,RARA,14,139,71,17,10
LAJA_002,NEON.MAM.D04.R1922,M,MUMU,14,137,70,15,12
LAJA_023,NEON.MAM.D04.R1923,M,RARA,11,135,66,17,10
LAJA_023,NEON.MAM.D04.R1924,F,MUMU,17,147,72,17,10
LAJA_003,NEON.MAM.D04.R1925,F,MUMU,12,134,70,17,10
LAJA_003,NEON.MAM.D04.R1927,M,MUMU,11,145,65,18,11
LAJA_003,NEON.MAM.D04.R1928,M,MUMU,10,140,70,15,10
LAJA_003,NEON.MAM.D04.R1933,M,MUMU,11,144,70,18,11
LAJA_010,NEON.MAM.D04.R1935,M,MUMU,11,150,80,17,10
LAJA_010,NEON.MAM.D04.R1936,F,MUMU,11,135,75,15,11
LAJA_010,NEON.MAM.D04.R1941,M,MUMU,11,141,75,18,12
LAJA_010,NEON.MAM.D04.R1942,F,MUMU,11,125,65,16,11
LAJA_010,NEON.MAM.D04.R1948,M,MUMU,12,140,70,17,13
LAJA_010,NEON.MAM.D04.R1950,M,MUMU,14,132,63,14,12
LAJA_010,NEON.MAM.D04.R1951,F,MUMU,13,117,55,15,11
LAJA_010,NEON.MAM.D04.R1953,F,MUMU,12,143,71,17,11
LAJA_010,NEON.MAM.D04.R1954,F,MUMU,17,145,71,16,11
LAJA_010,NEON.MAM.D04.R1955,M,MUMU,16,148,75,18,13
LAJA_010,NEON.MAM.D04.R1956,F,MUMU,10,115,60,16,9
LAJA_010,NEON.MAM.D04.R1957,F,MUMU,12,122,55,14,11
LAJA_010,NEON.MAM.D04.R1958,M,MUMU,17,130,65,17,11
LAJA_010,NEON.MAM.D04.R1959,F,MUMU,18,142,71,18,11
LAJA_010,NEON.MAM.D04.R1960,F,MUMU,12,132,66,15,10
LAJA_010,NEON.MAM.D04.R1961,F,MUMU,7,128,61,17,9
LAJA_023,NEON.MAM.D04.R1963,M,MUMU,14,140,70,19,11
LAJA_002,NEON.MAM.D04.R1968,M,MUMU,15,142,73,18,12
LAJA_002,NEON.MAM.D04.R1969,M,MUMU,11,134,63,17,10
LAJA_010,NEON.MAM.D04.R1970,F,MUMU,16,137,68,16,9
LAJA_010,NEON.MAM.D04.R1971,M,MUMU,10,140,70,14,12
LAJA_010,NEON.MAM.D04.R1972,M,MUMU,10,136,72,16,10
LAJA_010,NEON.MAM.D04.R1974,F,MUMU,16,147,70,18,13
LAJA_003,NEON.MAM.D04.R1977,M,MUMU,15,145,72,19,10
LAJA_003,NEON.MAM.D04.R1987,M,MUMU,15,130,62,18,8
LAJA_023,NEON.MAM.D04.R1990,F,MUMU,16,152,76,17,11
LAJA_023,NEON.MAM.D04.R1993,M,MUMU,13,134,71,16,9
LAJA_023,NEON.MAM.D04.R1995,F,MUMU,14,135,70,15,12
LAJA_002,NEON.MAM.D04.R1996,M,MUMU,15,132,74,16,11
LAJA_023,NEON.MAM.D04.R1997,M,MUMU,8,110,50,13,9
UNDE_002,NEON.MAM.D05.034489,F,SYCO,32,118,12,17,12
UNDE_012,NEON.MAM.D05.141931,F,NAIN,14,231,120,28,12
UNDE_012,NEON.MAM.D05.142077,F,NAIN,13,231,120,26,11
UNDE_008,NEON.MAM.D05.201560,F,NAIN,14,231,140,29,12
UNDE_002,NEON.MAM.D05.324639,M,MIPE,35,150,40,19,10
UNDE_027,NEON.MAM.D05.973004,M,MYGA,23,156,30,16,14
UNDE_027,NEON.MAM.D05.L1056,F,PEMA,20,159,85,20,19
UNDE_020,NEON.MAM.D05.L1060,M,PELE,18,156,75,20,11
UNDE_003,NEON.MAM.D05.L1079,F,PELE,24,159,90,20,16
UNDE_001,NEON.MAM.D05.L1147,M,PEMA,15,158,87,20,20
UNDE_027,NEON.MAM.D05.L1232,M,PEMA,14,153,87,19,17
UNDE_027,NEON.MAM.D05.L1234,M,PEMA,15,153,84,19,19
UNDE_027,NEON.MAM.D05.L1237,M,PEMA,17,159,90,18,18
UNDE_027,NEON.MAM.D05.L1239,M,PEMA,15,146,81,20,18
UNDE_002,NEON.MAM.D05.O002B2,F,SOCI,7,91,42,15,6
UNDE_003,NEON.MAM.D05.O003B9,F,SOCI,6,96,41,11,5
UNDE_003,NEON.MAM.D05.O003I9,F,BLBR,21,110,26,16,21
STEI_019,NEON.MAM.D05.O019D4,U,SOAR,8,100,40,12,5
UNDE_027,NEON.MAM.D05.R1010,M,PEMA,22,166,90,20,17
UNDE_027,NEON.MAM.D05.R1012,M,PELE,28,152,88,20,17
UNDE_032,NEON.MAM.D05.R1015,F,PEMA,20,157,87,20,18
UNDE_032,NEON.MAM.D05.R1018,M,PELE,16,137,70,19,12
UNDE_027,NEON.MAM.D05.R1027,M,PEMA,15,160,91,20,18
UNDE_020,NEON.MAM.D05.R1029,M,PEMA,20,162,90,20,18
UNDE_020,NEON.MAM.D05.R1031,M,PEMA,23,183,98,21,18
UNDE_020,NEON.MAM.D05.R1032,F,PEMA,19,154,89,20,18
UNDE_027,NEON.MAM.D05.R1039,F,PEMA,20,170,93,20,18
UNDE_027,NEON.MAM.D05.R1041,F,PELE,25,157,79,20,16
UNDE_020,NEON.MAM.D05.R1045,F,PEMA,18,160,85,20,18
UNDE_020,NEON.MAM.D05.R1046,M,PEMA,18,138,83,19,18
UNDE_027,NEON.MAM.D05.R1049,M,PEMA,16,164,93,20,18
UNDE_027,NEON.MAM.D05.R1050,F,PEMA,15,147,82,20,18
UNDE_027,NEON.MAM.D05.R1051,M,PEMA,16,160,89,20,18
UNDE_027,NEON.MAM.D05.R1055,M,PELE,23,143,68,19,15
UNDE_027,NEON.MAM.D05.R1059,M,PELE,14,137,65,20,13
UNDE_001,NEON.MAM.D05.R1080,F,PEMA,20,173,98,20,18
UNDE_001,NEON.MAM.D05.R1083,M,PELE,22,154,72,20,17
UNDE_001,NEON.MAM.D05.R1085,M,PEMA,17,144,72,18,18
UNDE_001,NEON.MAM.D05.R1086,M,PEMA,16,156,88,20,17
UNDE_027,NEON.MAM.D05.R1088,M,PEMA,17,166,93,21,18
UNDE_027,NEON.MAM.D05.R1089,M,PEMA,16,149,82,21,17
UNDE_027,NEON.MAM.D05.R1090,M,PEMA,22,156,80,20,18
UNDE_027,NEON.MAM.D05.R1091,M,PEMA,18,149,83,20,18
UNDE_027,NEON.MAM.D05.R1096,F,PEMA,15,157,87,20,18
UNDE_027,NEON.MAM.D05.R1097,F,PEMA,16,151,79,20,17
UNDE_001,NEON.MAM.D05.R1098,M,PEMA,23,158,91,20,18
UNDE_008,NEON.MAM.D05.R1105,F,PEMA,20,173,96,20,19
UNDE_012,NEON.MAM.D05.R1128,F,PEMA,19,164,90,20,19
UNDE_020,NEON.MAM.D05.R1132,M,PEMA,16,167,93,20,17
UNDE_001,NEON.MAM.D05.R1134,F,PEMA,16,160,85,20,18
UNDE_001,NEON.MAM.D05.R1136,M,PEMA,16,148,82,20,18
UNDE_001,NEON.MAM.D05.R1137,M,PEMA,20,174,95,20,18
UNDE_001,NEON.MAM.D05.R1144,F,PEMA,14,148,82,20,17
UNDE_001,NEON.MAM.D05.R1145,M,PEMA,17,149,82,20,19
UNDE_001,NEON.MAM.D05.R1146,F,PELE,15,142,72,19,17
UNDE_012,NEON.MAM.D05.R1150,F,PEMA,17,159,87,20,17
UNDE_012,NEON.MAM.D05.R1151,F,PEMA,20,131,14,20,19
UNDE_012,NEON.MAM.D05.R1152,F,PEMA,17,160,85,20,17
UNDE_012,NEON.MAM.D05.R1154,F,PEMA,17,120,9,20,18
UNDE_012,NEON.MAM.D05.R1155,M,PEMA,16,153,87,20,17
UNDE_012,NEON.MAM.D05.R1156,F,PEMA,16,160,86,20,18
UNDE_012,NEON.MAM.D05.R1157,M,PELE,15,142,74,19,15
UNDE_012,NEON.MAM.D05.R1159,F,PELE,14,131,60,20,14
UNDE_012,NEON.MAM.D05.R1160,M,PEMA,16,148,80,20,18
UNDE_012,NEON.MAM.D05.R1161,M,PEMA,16,151,76,20,17
UNDE_008,NEON.MAM.D05.R1163,F,PEMA,14,135,62,20,17
UNDE_008,NEON.MAM.D05.R1165,M,PEMA,14,152,80,20,18
UNDE_012,NEON.MAM.D05.R1172,M,PEMA,18,159,90,20,18
UNDE_001,NEON.MAM.D05.R1175,M,PEMA,17,145,80,21,12
UNDE_001,NEON.MAM.D05.R1184,M,PEMA,17,152,80,20,17
UNDE_003,NEON.MAM.D05.R1192,F,NAIN,32,231,140,31,14
UNDE_012,NEON.MAM.D05.R1194,M,PELE,12,144,75,20,15
UNDE_001,NEON.MAM.D05.R1196,F,PEMA,20,168,91,21,18
UNDE_027,NEON.MAM.D05.R1228,M,PEMA,17,159,86,20,19
UNDE_027,NEON.MAM.D05.R1229,M,PELE,17,145,65,19,16
UNDE_027,NEON.MAM.D05.R1240,M,PELE,29,148,81,20,17
UNDE_027,NEON.MAM.D05.R1241,M,PEMA,20,144,81,20,18
UNDE_027,NEON.MAM.D05.R1242,M,PEMA,16,160,85,20,18
TREE_002,NEON.MAM.D05.R2339,F,PELE,20,109,20,15,10
UNDE_003,NEON.MAM.D05.R2446,M,MIPE,36,128,35,20,11
UNDE_012,NEON.MAM.D05.R2739,F,MYGA,27,130,42,18,17
UNDE_032,NEON.MAM.D05.R3254,M,MYGA,24,134,42,20,14
STEI_022,NEON.MAM.D05.R3278,F,MIPE,26,120,40,20,14
UNDE_027,NEON.MAM.D05.R3369,F,ZAHU,19,201,111,28,13
TREE_019,NEON.MAM.D05.R8723,F,PELE,20,151,72,18,12
UKFS_009,NEON.MAM.D06.L1905,M,PEMA,16,120,54,18,9
KONA_001,NEON.MAM.D06.L7200,M,REME,8,111,52,14,10
UKFS_010,NEON.MAM.D06.R1000,F,SIHI,152,253,110,30,23
UKFS_010,NEON.MAM.D06.R1001,M,PELE,29,160,80,22,13
UKFS_010,NEON.MAM.D06.R1002,F,SIHI,135,252,111,30,13
UKFS_010,NEON.MAM.D06.R1003,M,SIHI,186,255,97,31,15
UKFS_009,NEON.MAM.D06.R1025,M,SIHI,107,222,102,30,18
UKFS_009,NEON.MAM.D06.R1036,M,PEMA,17,130,51,16,9
UKFS_009,NEON.MAM.D06.R1047,F,MIOC,34,140,32,18,13
UKFS_007,NEON.MAM.D06.R1125,M,PELE,21,155,87,21,14
UKFS_007,NEON.MAM.D06.R1126,M,PELE,31,151,72,21,12
UKFS_007,NEON.MAM.D06.R1130,M,PELE,24,154,79,22,13
UKFS_007,NEON.MAM.D06.R1131,F,SIHI,139,234,98,31,14
UKFS_007,NEON.MAM.D06.R1133,F,PELE,20,146,71,22,13
UKFS_010,NEON.MAM.D06.R1140,F,SIHI,114,228,89,31,14
UKFS_010,NEON.MAM.D06.R1141,F,PELE,24,152,75,21,13
UKFS_010,NEON.MAM.D06.R1142,F,PELE,20,143,74,21,13
UKFS_010,NEON.MAM.D06.R1143,M,SIHI,210,248,87,31,17
UKFS_010,NEON.MAM.D06.R1144,M,PELE,24,164,76,21,11
UKFS_010,NEON.MAM.D06.R1145,M,NEFL,159,305,121,37,22
UKFS_010,NEON.MAM.D06.R1147,M,NEFL,159,296,136,40,20
KONZ_029,NEON.MAM.D06.R1701,M,NEFL,204,326,161,41,22
KONZ_029,NEON.MAM.D06.R1702,F,NEFL,204,321,159,40,19
KONZ_029,NEON.MAM.D06.R1704,M,ZAHU,16,191,113,29,8
KONZ_029,NEON.MAM.D06.R1705,M,NEFL,241,306,143,40,18
KONZ_029,NEON.MAM.D06.R1706,M,NEFL,158,285,134,36,21
KONZ_029,NEON.MAM.D06.R1707,M,PELE,31,167,87,22,13
KONZ_029,NEON.MAM.D06.R1708,M,ZAHU,16,181,102,29,4
KONZ_029,NEON.MAM.D06.R1709,M,PELE,23,166,84,22,11
KONZ_029,NEON.MAM.D06.R1710,M,NEFL,195,307,146,39,18
UKFS_009,NEON.MAM.D06.R1901,M,SIHI,94,220,92,28,16
UKFS_009,NEON.MAM.D06.R1904,F,MIOC,32,114,27,18,12
UKFS_009,NEON.MAM.D06.R1959,M,PEMA,16,130,58,19,11
KONZ_001,NEON.MAM.D06.R2165,M,SIHI,158,261,116,30,33
KONZ_005,NEON.MAM.D06.R2963,F,PEMA,19,62,51,17,10
KONZ_027,NEON.MAM.D06.R4585,M,MIPI,37,118,23,17,7
KONA_016,NEON.MAM.D06.R4977,F,REMO,12,124,54,14,15
KONZ_001,NEON.MAM.D06.R5236,M,REME,12,129,70,17,12
KONZ_005,NEON.MAM.D06.R5297,F,REME,6,105,60,15,11
KONA_016,NEON.MAM.D06.R5395,M,REMO,13,122,56,15,11
KONZ_027,NEON.MAM.D06.R5761,F,PELE,26,78,79,20,14
KONZ_027,NEON.MAM.D06.R5842,M,PELE,28,81,80,22,16
UKFS_004,NEON.MAM.D06.R6808,F,PELE,21,65,65,20,14
KONA_001,NEON.MAM.D06.R7076,M,REME,12,122,61,14,10
KONA_001,NEON.MAM.D06.R7093,F,REME,14,125,58,14,10
MLBS_003,NEON.MAM.D07.123466,F,SYCO,28,85,6,7,11
ORNL_039,NEON.MAM.D07.R1013,F,SIHI,189,202,40,29,11
GRSM_020,NEON.MAM.D07.R1225,F,PEMA,16,160,90,20,16
MLBS_003,NEON.MAM.D07.R2400,F,MYGA,32,151,41,19,11
TALL_012,NEON.MAM.D08.123525,M,MIPI,18,102,20,14,8
TALL_012,NEON.MAM.D08.123546,F,MIPI,18,101,20,15,4
TALL_024,NEON.MAM.D08.123561,F,MIPI,18,94,21,14,5
TALL_010,NEON.MAM.D08.L1004,F,PELE,23,164,72,22,18
TALL_024,NEON.MAM.D08.L1055,M,PEGO,22,166,76,22,18
TALL_031,NEON.MAM.D08.L1061,F,PEGO,26,176,80,22,18
TALL_015,NEON.MAM.D08.L1104,F,PELE,23,165,72,21,15
TALL_013,NEON.MAM.D08.L1192,M,OCNU,17,164,76,19,16
DELA_007,NEON.MAM.D08.L1205,F,PEGO,27,164,71,22,16
DELA_001,NEON.MAM.D08.L1250,M,PEGO,34,178,78,23,16
TALL_024,NEON.MAM.D08.L1273,M,PEGO,25,165,75,22,18
TALL_013,NEON.MAM.D08.L1282,F,PELE,14,140,64,19,15
TALL_013,NEON.MAM.D08.L1283,F,PEGO,25,170,77,23,16
TALL_005,NEON.MAM.D08.L1291,F,PEGO,20,154,76,22,16
TALL_015,NEON.MAM.D08.L1342,F,PEGO,24,159,72,22,16
DELA_007,NEON.MAM.D08.L1374,M,PEGO,42,183,78,23,16
TALL_031,NEON.MAM.D08.L1407,M,PELE,11,120,58,18,15
TALL_005,NEON.MAM.D08.L1506,F,PELE,11,126,64,19,13
DELA_001,NEON.MAM.D08.L1547,M,ORPA,50,234,114,29,14
TALL_005,NEON.MAM.D08.L1548,F,SIHI,100,237,93,28,16
DELA_007,NEON.MAM.D08.L1592,M,PEGO,32,160,69,22,19
TALL_013,NEON.MAM.D08.L1614,M,PEGO,26,174,74,23,18
TALL_006,NEON.MAM.D08.L1707,M,OCNU,13,145,67,18,13
TALL_005,NEON.MAM.D08.L1739,M,PELE,16,136,58,18,12
DELA_007,NEON.MAM.D08.L1782,M,PELE,35,168,71,22,16
LENO_006,NEON.MAM.D08.L1790,M,PELE,37,189,87,21,16
LENO_031,NEON.MAM.D08.L1848,M,PEGO,28,168,68,22,16
DELA_007,NEON.MAM.D08.L1971,F,ORPA,63,232,110,28,16
DELA_002,NEON.MAM.D08.L2104,M,ORPA,58,233,112,28,15
TALL_031,NEON.MAM.D08.L2987,M,SIHI,152,257,112,30,18
DELA_002,NEON.MAM.D08.O002D1020170919,F,PEGO,30,176,72,24,16
DELA_007,NEON.MAM.D08.O007A720180906,F,PEGO,26,174,66,22,16
DELA_007,NEON.MAM.D08.O007E120151007,M,PEGO,39,185,81,23,19
TALL_015,NEON.MAM.D08.O015G120181010,F,PEGO,27,181,73,22,16
TALL_031,NEON.MAM.D08.O031E1020160708,M,PEGO,24,164,73,23,16
TALL_013,NEON.MAM.D08.R1000,F,OCNU,16,162,74,18,15
DELA_002,NEON.MAM.D08.R1001,M,PEGO,28,174,75,23,16
TALL_005,NEON.MAM.D08.R1002,M,PELE,14,136,57,19,14
TALL_010,NEON.MAM.D08.R1004,F,PELE,20,145,67,24,15
TALL_010,NEON.MAM.D08.R1006,M,PEGO,22,157,73,22,18
DELA_002,NEON.MAM.D08.R1007,F,PEGO,34,178,78,24,19
TALL_031,NEON.MAM.D08.R1009,M,OCNU,16,155,73,16,14
TALL_010,NEON.MAM.D08.R1011,M,PEGO,21,158,71,23,17
TALL_010,NEON.MAM.D08.R1013,F,PEGO,21,162,75,22,16
TALL_012,NEON.MAM.D08.R1015,F,PEGO,22,164,75,23,18
DELA_007,NEON.MAM.D08.R1016,F,PEGO,29,170,73,22,18
TALL_006,NEON.MAM.D08.R1018,F,PEGO,22,163,74,22,18
TALL_015,NEON.MAM.D08.R1019,M,PEGO,22,156,70,22,16
TALL_010,NEON.MAM.D08.R1021,M,PEGO,17,157,77,23,18
TALL_024,NEON.MAM.D08.R1022,M,PEGO,20,152,72,22,19
TALL_006,NEON.MAM.D08.R1023,F,PEGO,23,168,78,24,18
TALL_031,NEON.MAM.D08.R1026,F,PELE,15,136,57,18,14
TALL_031,NEON.MAM.D08.R1029,M,PEGO,28,163,72,23,18
TALL_010,NEON.MAM.D08.R1030,M,PEGO,20,164,74,22,17
TALL_012,NEON.MAM.D08.R1031,M,PELE,25,168,82,23,16
TALL_006,NEON.MAM.D08.R1032,F,PEGO,17,158,75,22,17
TALL_012,NEON.MAM.D08.R1033,M,PEGO,23,164,76,22,18
TALL_024,NEON.MAM.D08.R1037,M,PEGO,32,173,80,23,16
TALL_012,NEON.MAM.D08.R1038,M,PEGO,30,165,75,22,17
TALL_031,NEON.MAM.D08.R1039,F,OCNU,16,154,79,18,14
TALL_012,NEON.MAM.D08.R1040,F,PELE,17,158,66,20,16
TALL_010,NEON.MAM.D08.R1042,F,PEGO,18,158,73,22,17
TALL_031,NEON.MAM.D08.R1050,M,PEGO,24,164,76,23,17
TALL_031,NEON.MAM.D08.R1053,M,PELE,14,146,62,19,15
TALL_013,NEON.MAM.D08.R1057,M,PEGO,24,162,73,23,18
TALL_024,NEON.MAM.D08.R1058,M,PEGO,21,161,79,23,16
TALL_024,NEON.MAM.D08.R1059,M,PEGO,23,162,72,23,18
TALL_012,NEON.MAM.D08.R1060,M,PELE,20,160,71,22,16
DELA_007,NEON.MAM.D08.R1061,F,PEGO,25,160,71,23,17
TALL_012,NEON.MAM.D08.R1062,M,PEGO,26,166,73,22,18
TALL_010,NEON.MAM.D08.R1063,M,PEGO,25,170,76,23,18
TALL_024,NEON.MAM.D08.R1064,M,PELE,29,165,72,19,12
TALL_024,NEON.MAM.D08.R1065,F,PELE,29,167,77,22,18
TALL_024,NEON.MAM.D08.R1066,M,PEGO,31,164,81,23,18
TALL_005,NEON.MAM.D08.R1067,M,PEGO,29,175,78,23,16
TALL_013,NEON.MAM.D08.R1069,F,PELE,20,159,67,20,16
TALL_013,NEON.MAM.D08.R1070,M,PELE,25,160,64,20,14
TALL_013,NEON.MAM.D08.R1071,M,PELE,21,161,68,20,18
TALL_005,NEON.MAM.D08.R1072,F,PELE,27,173,78,23,15
TALL_005,NEON.MAM.D08.R1073,M,PEGO,34,176,76,22,12
TALL_031,NEON.MAM.D08.R1074,M,OCNU,19,180,78,18,16
DELA_002,NEON.MAM.D08.R1079,M,PEGO,30,180,74,23,17
DELA_007,NEON.MAM.D08.R1081,F,PEGO,25,171,73,23,18
DELA_007,NEON.MAM.D08.R1084,M,PEGO,32,180,76,23,18
DELA_007,NEON.MAM.D08.R1085,F,PEGO,22,164,74,22,16
TALL_012,NEON.MAM.D08.R1086,M,PELE,15,122,61,19,14
TALL_015,NEON.MAM.D08.R1087,M,PEGO,25,168,73,23,18
TALL_005,NEON.MAM.D08.R1088,F,PELE,15,137,55,19,16
DELA_001,NEON.MAM.D08.R1089,F,PEGO,26,168,77,23,17
TALL_010,NEON.MAM.D08.R1093,F,PEGO,25,175,82,21,19
TALL_010,NEON.MAM.D08.R1094,M,PEGO,23,163,72,22,18
TALL_012,NEON.MAM.D08.R1095,M,PELE,24,150,76,21,11
TALL_012,NEON.MAM.D08.R1096,M,PELE,25,168,81,22,17
TALL_024,NEON.MAM.D08.R1097,F,PELE,24,151,65,22,17
TALL_031,NEON.MAM.D08.R1098,M,PELE,17,137,59,20,15
TALL_012,NEON.MAM.D08.R1099,M,PEGO,29,169,75,22,17
TALL_015,NEON.MAM.D08.R1101,F,PELE,25,165,76,21,17
TALL_015,NEON.MAM.D08.R1103,F,PELE,22,152,65,21,16
TALL_015,NEON.MAM.D08.R1105,F,PEGO,28,167,76,22,17
TALL_031,NEON.MAM.D08.R1106,F,PELE,15,128,55,19,16
TALL_015,NEON.MAM.D08.R1109,M,PELE,25,172,78,24,14
TALL_012,NEON.MAM.D08.R1110,M,PEGO,28,168,72,23,16
TALL_015,NEON.MAM.D08.R1111,M,PEGO,34,174,79,23,18
TALL_015,NEON.MAM.D08.R1112,F,PELE,18,150,62,22,17
TALL_015,NEON.MAM.D08.R1113,F,PELE,17,153,68,21,17
TALL_031,NEON.MAM.D08.R1114,F,PEGO,24,176,79,22,18
TALL_015,NEON.MAM.D08.R1115,M,PELE,28,178,78,22,17
TALL_006,NEON.MAM.D08.R1116,M,PELE,26,158,68,21,17
TALL_031,NEON.MAM.D08.R1118,M,PEPO,15,140,72,17,14
TALL_024,NEON.MAM.D08.R1119,M,PELE,25,163,74,21,16
TALL_015,NEON.MAM.D08.R1120,M,PEGO,25,170,73,22,17
TALL_015,NEON.MAM.D08.R1121,F,PELE,24,150,70,21,19
TALL_031,NEON.MAM.D08.R1125,M,PELE,14,133,58,18,15
DELA_007,NEON.MAM.D08.R1126,F,PEGO,35,184,82,23,17
DELA_007,NEON.MAM.D08.R1127,M,PEGO,30,172,70,22,18
TALL_024,NEON.MAM.D08.R1128,M,PEGO,32,176,78,22,16
DELA_002,NEON.MAM.D08.R1130,M,PEGO,37,180,80,23,18
TALL_005,NEON.MAM.D08.R1131,M,PEGO,20,157,68,22,18
TALL_031,NEON.MAM.D08.R1132,F,PELE,13,135,58,17,15
DELA_007,NEON.MAM.D08.R1133,M,PEGO,28,169,76,22,18
TALL_005,NEON.MAM.D08.R1134,F,PEGO,28,179,79,23,18
DELA_002,NEON.MAM.D08.R1136,F,PEGO,27,175,79,23,18
TALL_024,NEON.MAM.D08.R1137,F,PEGO,24,173,77,22,18
TALL_005,NEON.MAM.D08.R1138,M,PEGO,24,160,79,22,20
TALL_005,NEON.MAM.D08.R1140,M,PELE,17,144,71,20,16
TALL_010,NEON.MAM.D08.R1141,M,PEGO,22,155,73,22,16
TALL_013,NEON.MAM.D08.R1143,F,PEGO,24,170,72,22,17
TALL_013,NEON.MAM.D08.R1144,M,PELE,16,137,58,19,15
TALL_010,NEON.MAM.D08.R1145,M,PEGO,34,175,75,22,18
TALL_010,NEON.MAM.D08.R1146,M,PEGO,31,175,75,22,18
TALL_005,NEON.MAM.D08.R1148,M,PEGO,32,179,76,22,17
DELA_007,NEON.MAM.D08.R1150,M,PEGO,28,168,76,22,18
DELA_001,NEON.MAM.D08.R1154,M,PEGO,30,167,74,22,17
TALL_006,NEON.MAM.D08.R1155,M,OCNU,14,143,68,17,16
TALL_006,NEON.MAM.D08.R1156,M,OCNU,17,152,76,17,15
DELA_001,NEON.MAM.D08.R1161,M,PEGO,38,181,80,24,17
TALL_010,NEON.MAM.D08.R1162,M,PELE,18,149,70,21,16
TALL_010,NEON.MAM.D08.R1166,M,PEGO,33,187,82,23,18
TALL_024,NEON.MAM.D08.R1167,F,PELE,17,147,65,21,16
TALL_024,NEON.MAM.D08.R1168,M,PEGO,24,166,75,22,17
TALL_024,NEON.MAM.D08.R1170,F,PEGO,20,160,72,23,18
TALL_024,NEON.MAM.D08.R1171,M,PEGO,27,164,73,22,18
TALL_005,NEON.MAM.D08.R1175,F,PELE,26,152,71,21,16
TALL_010,NEON.MAM.D08.R1177,F,PEGO,29,168,72,23,13
TALL_010,NEON.MAM.D08.R1178,M,PEGO,30,172,77,21,18
TALL_015,NEON.MAM.D08.R1180,M,PEGO,23,163,73,23,18
TALL_015,NEON.MAM.D08.R1181,F,PEGO,22,162,70,23,18
TALL_015,NEON.MAM.D08.R1183,M,PEGO,23,162,69,22,17
TALL_031,NEON.MAM.D08.R1185,F,PELE,14,130,55,19,16
TALL_031,NEON.MAM.D08.R1186,F,PEGO,26,175,78,22,18
TALL_015,NEON.MAM.D08.R1188,M,PEGO,22,166,71,22,18
TALL_005,NEON.MAM.D08.R1191,M,PELE,15,131,58,18,16
TALL_015,NEON.MAM.D08.R1194,M,PEGO,22,160,70,22,17
TALL_024,NEON.MAM.D08.R1200,F,PEGO,26,185,82,22,16
DELA_002,NEON.MAM.D08.R1202,M,PEGO,36,176,72,24,18
DELA_001,NEON.MAM.D08.R1203,M,PEGO,34,180,86,23,18
DELA_007,NEON.MAM.D08.R1204,M,PEGO,28,164,74,22,18
DELA_007,NEON.MAM.D08.R1206,M,PEGO,39,191,83,23,18
DELA_007,NEON.MAM.D08.R1207,M,PEGO,38,175,83,22,16
DELA_007,NEON.MAM.D08.R1208,M,PEGO,31,161,72,23,17
DELA_007,NEON.MAM.D08.R1209,M,PEGO,38,174,82,25,18
LENO_006,NEON.MAM.D08.R1210,M,PEGO,34,176,74,22,18
TALL_012,NEON.MAM.D08.R1213,F,PELE,19,155,67,19,14
TALL_013,NEON.MAM.D08.R1215,F,PEGO,29,160,66,22,18
TALL_013,NEON.MAM.D08.R1216,F,PELE,15,141,56,19,15
DELA_007,NEON.MAM.D08.R1218,F,PEGO,28,183,75,23,17
DELA_001,NEON.MAM.D08.R1219,F,PEGO,33,173,78,23,17
TALL_010,NEON.MAM.D08.R1221,M,PELE,24,166,65,21,17
DELA_007,NEON.MAM.D08.R1222,M,PEGO,38,175,79,23,17
DELA_007,NEON.MAM.D08.R1223,F,PEGO,23,164,74,23,16
TALL_012,NEON.MAM.D08.R1224,M,PEGO,25,168,77,22,16
DELA_007,NEON.MAM.D08.R1225,M,PEGO,32,174,77,22,17
DELA_007,NEON.MAM.D08.R1226,M,PEGO,27,170,80,23,17
DELA_007,NEON.MAM.D08.R1227,M,PEGO,32,172,74,23,17
DELA_007,NEON.MAM.D08.R1228,M,PEGO,29,173,80,23,18
DELA_007,NEON.MAM.D08.R1230,M,PEGO,26,174,83,23,16
DELA_001,NEON.MAM.D08.R1231,F,SIHI,70,204,120,26,13
DELA_007,NEON.MAM.D08.R1232,M,PEGO,28,175,76,22,18
DELA_007,NEON.MAM.D08.R1233,M,PEGO,34,180,81,23,18
DELA_007,NEON.MAM.D08.R1234,F,PEGO,32,168,82,23,19
DELA_001,NEON.MAM.D08.R1235,M,PEGO,29,172,77,23,18
DELA_001,NEON.MAM.D08.R1236,M,PEGO,29,176,75,22,18
DELA_001,NEON.MAM.D08.R1239,M,PEGO,31,175,78,23,17
DELA_001,NEON.MAM.D08.R1240,M,PEGO,32,174,76,23,18
DELA_001,NEON.MAM.D08.R1241,F,PEGO,20,172,76,23,17
DELA_001,NEON.MAM.D08.R1242,M,PEGO,24,169,75,23,18
DELA_007,NEON.MAM.D08.R1243,F,PEGO,29,170,75,23,17
TALL_006,NEON.MAM.D08.R1244,F,PEGO,22,165,69,22,18
TALL_006,NEON.MAM.D08.R1245,M,PEGO,21,167,70,22,16
TALL_006,NEON.MAM.D08.R1246,F,PEGO,26,181,75,22,17
TALL_031,NEON.MAM.D08.R1247,M,PELE,19,152,66,21,17
TALL_031,NEON.MAM.D08.R1248,M,PEGO,24,149,69,23,18
DELA_001,NEON.MAM.D08.R1251,F,PEGO,30,183,80,23,18
DELA_001,NEON.MAM.D08.R1252,F,PEGO,26,174,80,22,18
DELA_001,NEON.MAM.D08.R1253,F,PELE,28,174,78,22,17
DELA_001,NEON.MAM.D08.R1254,M,PEGO,31,176,82,23,18
DELA_001,NEON.MAM.D08.R1255,F,PEGO,24,171,82,22,17
TALL_024,NEON.MAM.D08.R1260,M,PEGO,22,146,70,24,16
TALL_024,NEON.MAM.D08.R1261,F,PELE,20,149,68,22,16
TALL_024,NEON.MAM.D08.R1262,M,PEGO,23,163,75,23,17
TALL_015,NEON.MAM.D08.R1263,F,PELE,22,156,68,22,15
TALL_015,NEON.MAM.D08.R1264,M,PEGO,25,164,70,22,17
TALL_012,NEON.MAM.D08.R1266,F,PEGO,22,164,66,22,16
TALL_006,NEON.MAM.D08.R1268,F,PEGO,28,165,67,23,16
TALL_013,NEON.MAM.D08.R1269,F,PEGO,26,175,70,22,17
TALL_012,NEON.MAM.D08.R1272,F,PEGO,21,155,76,22,18
TALL_010,NEON.MAM.D08.R1274,F,PEGO,21,163,73,22,17
TALL_031,NEON.MAM.D08.R1275,M,TAST,99,220,90,34,16
TALL_010,NEON.MAM.D08.R1276,F,PEGO,22,172,77,23,18
TALL_013,NEON.MAM.D08.R1280,M,PEGO,24,170,71,23,18
TALL_013,NEON.MAM.D08.R1281,F,PELE,14,135,57,18,14
TALL_013,NEON.MAM.D08.R1284,M,PELE,16,139,65,19,14
TALL_005,NEON.MAM.D08.R1285,F,PELE,16,139,64,18,15
TALL_013,NEON.MAM.D08.R1286,M,PEGO,20,159,68,22,17
DELA_002,NEON.MAM.D08.R1287,M,PEGO,35,186,78,22,16
TALL_013,NEON.MAM.D08.R1288,M,PELE,18,138,58,19,13
TALL_013,NEON.MAM.D08.R1289,F,PEGO,25,161,74,23,13
TALL_010,NEON.MAM.D08.R1292,F,PEGO,18,166,76,23,17
TALL_013,NEON.MAM.D08.R1293,M,PELE,14,134,60,18,14
TALL_005,NEON.MAM.D08.R1296,M,PELE,15,145,58,18,15
TALL_012,NEON.MAM.D08.R1297,M,PELE,21,160,64,21,17
LENO_031,NEON.MAM.D08.R1301,M,PEGO,25,170,67,22,17
LENO_031,NEON.MAM.D08.R1302,F,PEGO,22,168,71,22,17
TALL_024,NEON.MAM.D08.R1304,M,PEGO,20,162,72,22,16
TALL_024,NEON.MAM.D08.R1305,M,PEGO,26,146,65,22,17
TALL_013,NEON.MAM.D08.R1306,M,PEGO,21,163,69,22,17
TALL_013,NEON.MAM.D08.R1307,M,PELE,14,141,66,20,15
LENO_006,NEON.MAM.D08.R1308,M,PEGO,26,166,75,22,17
DELA_007,NEON.MAM.D08.R1312,M,PEGO,37,165,75,23,16
TALL_006,NEON.MAM.D08.R1313,M,PEGO,32,179,76,22,18
TALL_024,NEON.MAM.D08.R1314,M,PEGO,26,164,70,22,17
DELA_001,NEON.MAM.D08.R1315,M,PEGO,29,177,71,22,16
DELA_001,NEON.MAM.D08.R1316,M,PEGO,27,160,71,23,16
DELA_001,NEON.MAM.D08.R1317,M,PEGO,27,176,78,23,18
DELA_001,NEON.MAM.D08.R1318,M,PELE,25,158,77,22,17
DELA_001,NEON.MAM.D08.R1319,M,PEGO,28,168,66,22,17
DELA_001,NEON.MAM.D08.R1320,F,PEGO,24,148,61,22,18
DELA_001,NEON.MAM.D08.R1321,M,PELE,33,186,81,22,17
TALL_012,NEON.MAM.D08.R1324,F,SIHI,131,260,105,28,19
LENO_015,NEON.MAM.D08.R1326,M,PEGO,28,165,74,21,18
LENO_015,NEON.MAM.D08.R1327,M,PEGO,34,180,74,22,16
TALL_015,NEON.MAM.D08.R1329,M,PEGO,30,172,70,22,17
TALL_010,NEON.MAM.D08.R1330,M,PEGO,27,160,70,22,17
TALL_015,NEON.MAM.D08.R1336,F,PEGO,20,155,65,22,17
DELA_001,NEON.MAM.D08.R1338,M,PEGO,39,162,64,23,17
LENO_031,NEON.MAM.D08.R1341,F,PEGO,30,184,79,22,17
DELA_001,NEON.MAM.D08.R1343,F,PEGO,32,181,78,24,18
LENO_022,NEON.MAM.D08.R1345,M,PEGO,30,165,73,21,18
LENO_022,NEON.MAM.D08.R1346,M,PELE,33,180,74,24,18
LENO_015,NEON.MAM.D08.R1347,F,PEGO,27,181,78,23,16
TALL_005,NEON.MAM.D08.R1348,F,PEGO,19,157,76,22,16
TALL_031,NEON.MAM.D08.R1349,M,PEGO,26,165,66,22,17
TALL_031,NEON.MAM.D08.R1353,M,PEGO,22,142,68,22,17
DELA_007,NEON.MAM.D08.R1354,F,PEGO,31,176,78,23,16
TALL_015,NEON.MAM.D08.R1357,F,PEGO,27,168,70,22,16
TALL_005,NEON.MAM.D08.R1358,F,PELE,20,145,58,19,15
TALL_031,NEON.MAM.D08.R1361,F,PEGO,17,122,60,22,16
DELA_002,NEON.MAM.D08.R1362,M,PEGO,32,174,75,23,15
TALL_005,NEON.MAM.D08.R1363,M,PELE,22,152,60,23,16
TALL_006,NEON.MAM.D08.R1364,M,PEGO,26,163,74,23,18
TALL_015,NEON.MAM.D08.R1366,F,PEGO,22,155,71,22,19
TALL_015,NEON.MAM.D08.R1367,M,PELE,21,154,67,21,17
DELA_007,NEON.MAM.D08.R1369,M,PEGO,36,178,77,23,16
DELA_001,NEON.MAM.D08.R1370,F,PEGO,26,175,70,22,16
LENO_008,NEON.MAM.D08.R1373,M,PEGO,31,171,83,23,17
DELA_001,NEON.MAM.D08.R1375,M,PEGO,23,152,63,22,17
DELA_001,NEON.MAM.D08.R1376,M,PEGO,27,163,72,23,15
DELA_001,NEON.MAM.D08.R1377,M,PEGO,27,149,69,24,18
DELA_001,NEON.MAM.D08.R1378,M,PELE,26,166,72,24,16
DELA_001,NEON.MAM.D08.R1380,F,PEGO,24,164,70,22,16
DELA_001,NEON.MAM.D08.R1381,F,PEGO,27,167,76,23,16
DELA_001,NEON.MAM.D08.R1382,M,PEGO,28,165,69,24,16
DELA_001,NEON.MAM.D08.R1383,F,PEGO,20,160,67,22,16
TALL_024,NEON.MAM.D08.R1384,F,PELE,17,150,66,20,16
TALL_024,NEON.MAM.D08.R1386,F,PEGO,24,153,72,24,18
TALL_024,NEON.MAM.D08.R1387,F,PEGO,19,149,69,22,17
TALL_024,NEON.MAM.D08.R1388,M,PEGO,25,170,74,22,18
LENO_022,NEON.MAM.D08.R1389,F,PEGO,26,163,79,22,18
LENO_002,NEON.MAM.D08.R1390,M,PEGO,30,169,79,22,17
DELA_001,NEON.MAM.D08.R1391,M,PEGO,35,184,75,22,17
DELA_001,NEON.MAM.D08.R1393,M,PEGO,29,172,76,23,17
LENO_031,NEON.MAM.D08.R1396,F,PEGO,23,161,78,23,16
DELA_001,NEON.MAM.D08.R1398,F,PEGO,27,176,73,23,17
TALL_005,NEON.MAM.D08.R1400,M,PEGO,20,151,69,23,18
TALL_015,NEON.MAM.D08.R1401,F,PEGO,24,164,70,22,16
TALL_015,NEON.MAM.D08.R1402,M,PELE,23,161,69,20,18
TALL_015,NEON.MAM.D08.R1403,M,PEGO,25,175,79,22,16
TALL_012,NEON.MAM.D08.R1404,F,PELE,18,148,64,21,16
TALL_012,NEON.MAM.D08.R1405,M,PELE,24,168,72,23,17
TALL_005,NEON.MAM.D08.R1408,F,PELE,16,162,64,19,16
TALL_005,NEON.MAM.D08.R1409,F,PELE,12,108,59,19,16
TALL_005,NEON.MAM.D08.R1411,F,PELE,22,150,71,22,18
TALL_031,NEON.MAM.D08.R1414,F,PEGO,27,161,73,22,18
DELA_007,NEON.MAM.D08.R1415,F,PEGO,24,161,71,24,17
TALL_005,NEON.MAM.D08.R1416,F,PEGO,19,152,71,22,19
DELA_007,NEON.MAM.D08.R1419,F,PEGO,18,153,65,22,16
DELA_002,NEON.MAM.D08.R1420,M,PEGO,31,171,74,23,18
TALL_012,NEON.MAM.D08.R1421,M,PELE,15,147,63,20,15
TALL_005,NEON.MAM.D08.R1423,F,PEGO,26,156,76,23,16
TALL_012,NEON.MAM.D08.R1425,M,PEGO,30,166,72,22,17
TALL_012,NEON.MAM.D08.R1426,F,PELE,14,138,60,18,16
TALL_012,NEON.MAM.D08.R1427,M,SIHI,80,221,95,29,16
LENO_006,NEON.MAM.D08.R1428,F,PEGO,25,169,70,22,17
LENO_006,NEON.MAM.D08.R1429,F,PEGO,33,195,79,23,18
LENO_008,NEON.MAM.D08.R1430,M,PEGO,33,165,74,22,16
DELA_002,NEON.MAM.D08.R1431,M,PEGO,32,159,70,23,17
DELA_002,NEON.MAM.D08.R1432,M,PEGO,34,174,79,23,18
LENO_003,NEON.MAM.D08.R1433,M,PEGO,38,169,80,22,18
LENO_031,NEON.MAM.D08.R1434,M,PEGO,33,164,70,22,16
DELA_001,NEON.MAM.D08.R1435,M,PEGO,35,178,80,22,16
LENO_031,NEON.MAM.D08.R1436,F,PEGO,26,173,71,23,15
LENO_031,NEON.MAM.D08.R1438,M,PEGO,34,165,81,23,18
TALL_015,NEON.MAM.D08.R1441,F,PEGO,18,156,66,22,16
TALL_012,NEON.MAM.D08.R1442,F,PELE,25,174,76,21,16
DELA_007,NEON.MAM.D08.R1443,F,PEGO,24,161,73,22,17
TALL_015,NEON.MAM.D08.R1449,F,PEGO,20,158,67,22,16
LENO_008,NEON.MAM.D08.R1450,F,PEGO,26,172,80,22,17
DELA_007,NEON.MAM.D08.R1451,M,PELE,27,146,61,24,19
DELA_001,NEON.MAM.D08.R1453,M,PEGO,28,164,77,23,16
DELA_001,NEON.MAM.D08.R1454,F,NEFL,131,290,142,37,21
LENO_002,NEON.MAM.D08.R1457,M,PEGO,31,159,70,22,16
LENO_031,NEON.MAM.D08.R1458,M,PEGO,32,164,68,22,17
DELA_001,NEON.MAM.D08.R1460,M,PEGO,35,178,79,24,17
DELA_007,NEON.MAM.D08.R1461,M,PELE,28,178,74,23,16
DELA_007,NEON.MAM.D08.R1462,F,PELE,27,169,75,22,17
DELA_007,NEON.MAM.D08.R1465,M,PEGO,30,151,74,23,16
TALL_015,NEON.MAM.D08.R1466,F,PEGO,22,160,71,22,17
TALL_015,NEON.MAM.D08.R1467,F,PEGO,20,153,67,23,16
LENO_031,NEON.MAM.D08.R1468,M,PEGO,29,171,78,22,17
DELA_007,NEON.MAM.D08.R1469,M,PEGO,29,165,73,23,16
DELA_002,NEON.MAM.D08.R1470,F,PEGO,23,152,62,22,16
DELA_007,NEON.MAM.D08.R1471,F,PEGO,30,171,71,23,18
DELA_002,NEON.MAM.D08.R1472,F,PELE,25,166,76,23,18
DELA_002,NEON.MAM.D08.R1473,M,PEGO,30,160,75,23,16
TALL_006,NEON.MAM.D08.R1474,M,PEGO,26,170,76,23,18
DELA_001,NEON.MAM.D08.R1475,M,PEGO,33,173,73,24,19
DELA_001,NEON.MAM.D08.R1476,F,PEGO,28,173,77,22,17
TALL_024,NEON.MAM.D08.R1477,F,PEGO,31,176,72,23,17
TALL_031,NEON.MAM.D08.R1478,M,PEGO,25,164,69,23,18
TALL_031,NEON.MAM.D08.R1482,M,PELE,13,127,56,18,12
TALL_005,NEON.MAM.D08.R1483,M,PEGO,26,162,72,22,16
TALL_031,NEON.MAM.D08.R1484,F,PEGO,25,165,75,22,18
TALL_031,NEON.MAM.D08.R1485,F,PEGO,24,160,82,23,18
TALL_031,NEON.MAM.D08.R1488,M,SIHI,119,250,108,32,18
TALL_024,NEON.MAM.D08.R1489,M,PELE,21,142,63,23,16
TALL_015,NEON.MAM.D08.R1490,M,PEGO,25,169,72,22,16
LENO_031,NEON.MAM.D08.R1492,M,PEGO,27,156,69,22,15
TALL_012,NEON.MAM.D08.R1493,M,PEGO,30,168,74,22,17
TALL_031,NEON.MAM.D08.R1494,F,PEGO,23,165,79,22,17
TALL_012,NEON.MAM.D08.R1495,F,PELE,20,143,61,19,15
DELA_007,NEON.MAM.D08.R1498,F,PEGO,28,168,76,23,19
DELA_001,NEON.MAM.D08.R1499,F,PEGO,27,161,75,22,18
TALL_013,NEON.MAM.D08.R1500,F,PELE,17,142,61,19,15
TALL_013,NEON.MAM.D08.R1501,M,PELE,17,150,67,20,13
TALL_031,NEON.MAM.D08.R1502,M,PEGO,27,169,72,22,18
TALL_031,NEON.MAM.D08.R1503,F,PELE,20,164,70,22,18
TALL_031,NEON.MAM.D08.R1504,M,PEGO,26,170,75,22,16
TALL_031,NEON.MAM.D08.R1505,M,PEGO,20,149,75,22,16
TALL_005,NEON.MAM.D08.R1507,F,PEGO,25,165,81,23,20
TALL_013,NEON.MAM.D08.R1512,M,PEGO,30,174,71,23,16
TALL_013,NEON.MAM.D08.R1514,M,PEGO,25,168,77,22,16
TALL_013,NEON.MAM.D08.R1517,M,PEGO,22,158,65,22,15
TALL_013,NEON.MAM.D08.R1518,M,PELE,25,159,66,22,15
TALL_013,NEON.MAM.D08.R1522,M,PELE,17,138,54,18,14
TALL_013,NEON.MAM.D08.R1527,F,PEGO,22,145,60,23,15
TALL_031,NEON.MAM.D08.R1531,M,PEGO,26,159,78,24,18
TALL_006,NEON.MAM.D08.R1550,M,PEGO,24,156,69,21,15
TALL_006,NEON.MAM.D08.R1568,M,PEGO,20,142,71,22,18
TALL_006,NEON.MAM.D08.R1574,M,PELE,17,139,59,20,14
TALL_006,NEON.MAM.D08.R1575,F,PELE,20,136,60,18,13
TALL_024,NEON.MAM.D08.R1577,F,PEGO,25,168,72,22,15
DELA_007,NEON.MAM.D08.R1579,M,PEGO,30,166,75,23,18
DELA_002,NEON.MAM.D08.R1580,M,PELE,36,182,75,23,16
TALL_015,NEON.MAM.D08.R1583,M,PELE,25,160,68,22,17
DELA_001,NEON.MAM.D08.R1584,M,PEGO,28,169,71,23,17
LENO_031,NEON.MAM.D08.R1585,F,SIHI,84,240,116,30,15
TALL_015,NEON.MAM.D08.R1587,M,PEGO,29,174,71,22,17
DELA_007,NEON.MAM.D08.R1588,M,PEGO,28,161,70,22,18
DELA_007,NEON.MAM.D08.R1589,M,PEGO,34,171,77,24,18
DELA_007,NEON.MAM.D08.R1590,M,PEGO,30,156,77,22,16
DELA_002,NEON.MAM.D08.R1593,F,PELE,27,177,79,23,16
LENO_031,NEON.MAM.D08.R1595,M,PEGO,36,176,78,23,17
TALL_005,NEON.MAM.D08.R1596,M,PEGO,21,140,63,23,17
TALL_005,NEON.MAM.D08.R1597,M,PEGO,19,144,71,22,16
DELA_007,NEON.MAM.D08.R1598,M,PEGO,33,168,74,22,17
LENO_008,NEON.MAM.D08.R1599,M,PEGO,28,174,73,23,16
DELA_007,NEON.MAM.D08.R1602,M,PEGO,30,166,66,22,16
TALL_010,NEON.MAM.D08.R1603,F,PEGO,22,157,67,23,17
TALL_005,NEON.MAM.D08.R1608,M,PEGO,20,153,63,22,17
TALL_005,NEON.MAM.D08.R1609,F,PELE,12,140,61,19,16
LENO_031,NEON.MAM.D08.R1610,M,PEGO,33,183,84,23,16
TALL_024,NEON.MAM.D08.R1611,M,PELE,20,156,70,22,16
TALL_013,NEON.MAM.D08.R1615,M,PEGO,22,155,72,22,15
TALL_006,NEON.MAM.D08.R1617,F,PEGO,20,148,70,23,15
DELA_001,NEON.MAM.D08.R1618,F,PEGO,21,166,69,23,16
TALL_012,NEON.MAM.D08.R1619,M,PELE,16,145,61,20,16
TALL_031,NEON.MAM.D08.R1620,F,PEGO,27,180,79,22,17
TALL_031,NEON.MAM.D08.R1622,M,PEGO,19,164,64,22,18
TALL_024,NEON.MAM.D08.R1624,F,PEGO,24,159,71,21,16
TALL_010,NEON.MAM.D08.R1625,M,PEGO,27,175,75,22,16
TALL_006,NEON.MAM.D08.R1626,M,SIHI,102,233,99,30,10
TALL_013,NEON.MAM.D08.R1628,M,PEGO,25,168,73,22,17
TALL_024,NEON.MAM.D08.R1631,M,PEGO,25,169,76,22,16
LENO_031,NEON.MAM.D08.R1633,M,PELE,29,171,75,22,16
DELA_002,NEON.MAM.D08.R1634,M,PELE,31,179,80,23,16
TALL_013,NEON.MAM.D08.R1637,M,PEGO,22,152,62,24,17
DELA_001,NEON.MAM.D08.R1638,F,PELE,31,164,74,23,17
DELA_002,NEON.MAM.D08.R1640,F,PEGO,26,165,75,22,17
DELA_002,NEON.MAM.D08.R1641,F,PEGO,26,173,72,22,16
DELA_002,NEON.MAM.D08.R1643,M,PEGO,31,180,76,23,17
LENO_002,NEON.MAM.D08.R1645,M,PEGO,34,176,75,23,17
TALL_013,NEON.MAM.D08.R1646,F,OCNU,16,164,75,19,15
LENO_006,NEON.MAM.D08.R1647,M,PEGO,32,172,68,23,16
TALL_006,NEON.MAM.D08.R1649,F,PEGO,25,160,70,22,16
DELA_007,NEON.MAM.D08.R1650,M,PEGO,32,177,75,23,16
TALL_006,NEON.MAM.D08.R1651,F,PEGO,22,151,66,22,18
DELA_001,NEON.MAM.D08.R1653,M,PELE,33,170,80,23,16
TALL_013,NEON.MAM.D08.R1654,M,PELE,26,170,65,21,16
DELA_007,NEON.MAM.D08.R1665,M,PEGO,29,167,68,22,17
TALL_010,NEON.MAM.D08.R1666,M,PEGO,23,155,63,23,17
DELA_001,NEON.MAM.D08.R1667,M,PEGO,30,172,81,22,16
TALL_010,NEON.MAM.D08.R1669,M,PELE,22,160,69,22,16
DELA_001,NEON.MAM.D08.R1670,M,PEGO,34,188,85,22,17
DELA_002,NEON.MAM.D08.R1673,F,PELE,25,171,71,22,16
DELA_001,NEON.MAM.D08.R1674,M,PELE,20,161,71,21,17
DELA_007,NEON.MAM.D08.R1675,M,PEGO,36,175,70,23,17
LENO_031,NEON.MAM.D08.R1677,M,PELE,33,187,84,22,16
DELA_007,NEON.MAM.D08.R1679,F,PEGO,26,165,72,21,17
LENO_022,NEON.MAM.D08.R1685,M,PEGO,34,188,81,22,17
DELA_002,NEON.MAM.D08.R1687,F,PEGO,22,159,64,22,16
TALL_010,NEON.MAM.D08.R1688,M,PEGO,30,181,72,23,17
DELA_001,NEON.MAM.D08.R1689,M,PEGO,32,163,71,23,15
TALL_013,NEON.MAM.D08.R1690,M,PEGO,23,165,66,23,17
DELA_001,NEON.MAM.D08.R1692,M,PELE,34,174,71,24,16
LENO_031,NEON.MAM.D08.R1693,M,PEGO,39,181,80,22,16
DELA_002,NEON.MAM.D08.R1694,M,PEGO,26,174,74,22,16
DELA_002,NEON.MAM.D08.R1695,M,PELE,30,170,72,22,16
LENO_008,NEON.MAM.D08.R1697,M,PEGO,32,179,74,23,16
TALL_015,NEON.MAM.D08.R1701,F,PEGO,21,158,70,22,17
TALL_012,NEON.MAM.D08.R1703,M,PEGO,25,169,73,22,16
TALL_012,NEON.MAM.D08.R1704,M,PELE,22,138,68,21,15
TALL_006,NEON.MAM.D08.R1705,F,PEGO,26,159,67,22,17
TALL_013,NEON.MAM.D08.R1712,F,PELE,16,138,62,22,16
TALL_013,NEON.MAM.D08.R1713,F,PELE,18,148,65,22,15
TALL_013,NEON.MAM.D08.R1714,M,PELE,15,138,64,21,17
TALL_015,NEON.MAM.D08.R1716,M,PELE,24,168,67,24,19
TALL_012,NEON.MAM.D08.R1717,M,PEGO,30,176,74,22,16
TALL_005,NEON.MAM.D08.R1718,F,PEGO,22,148,66,22,16
DELA_001,NEON.MAM.D08.R1719,M,PEGO,25,170,74,22,17
DELA_001,NEON.MAM.D08.R1720,M,PEGO,32,178,79,23,16
DELA_007,NEON.MAM.D08.R1721,F,PEGO,23,147,68,22,16
TALL_005,NEON.MAM.D08.R1726,M,PEGO,29,182,70,22,17
TALL_005,NEON.MAM.D08.R1728,F,SIHI,109,261,109,29,14
DELA_007,NEON.MAM.D08.R1729,M,PEGO,34,166,69,22,16
DELA_001,NEON.MAM.D08.R1730,M,PEGO,27,159,72,23,17
DELA_001,NEON.MAM.D08.R1731,F,PEGO,24,163,73,22,16
DELA_001,NEON.MAM.D08.R1732,F,PEGO,28,167,77,22,17
LENO_008,NEON.MAM.D08.R1733,M,PEGO,35,181,78,24,15
LENO_031,NEON.MAM.D08.R1734,M,PEGO,34,170,68,23,16
LENO_002,NEON.MAM.D08.R1735,M,PEGO,26,160,66,22,17
TALL_015,NEON.MAM.D08.R1741,M,PEGO,34,190,84,23,17
DELA_001,NEON.MAM.D08.R1742,F,PEGO,31,164,81,23,16
DELA_001,NEON.MAM.D08.R1743,F,PEGO,23,163,68,23,16
TALL_005,NEON.MAM.D08.R1744,F,PEGO,22,61,69,23,16
LENO_008,NEON.MAM.D08.R1745,M,PEGO,28,165,67,22,16
TALL_012,NEON.MAM.D08.R1748,F,PEGO,23,160,65,22,17
TALL_031,NEON.MAM.D08.R1751,M,PEGO,23,175,71,23,17
TALL_005,NEON.MAM.D08.R1752,M,PELE,26,142,61,19,16
TALL_005,NEON.MAM.D08.R1753,M,PEGO,22,145,72,23,17
DELA_001,NEON.MAM.D08.R1754,M,PELE,22,152,67,21,17
DELA_002,NEON.MAM.D08.R1758,M,PEGO,34,182,74,22,17
TALL_015,NEON.MAM.D08.R1759,M,PEGO,31,168,67,23,17
DELA_001,NEON.MAM.D08.R1760,F,PEGO,27,165,79,23,16
DELA_001,NEON.MAM.D08.R1761,M,PEGO,31,163,72,23,17
DELA_001,NEON.MAM.D08.R1762,M,PELE,32,168,71,22,16
DELA_001,NEON.MAM.D08.R1763,M,PEGO,33,167,72,23,17
DELA_001,NEON.MAM.D08.R1765,F,PEGO,23,157,68,22,16
LENO_006,NEON.MAM.D08.R1768,M,PEGO,36,180,80,21,17
DELA_001,NEON.MAM.D08.R1773,M,PEGO,22,160,74,22,16
DELA_001,NEON.MAM.D08.R1774,M,PEGO,33,170,74,22,18
DELA_007,NEON.MAM.D08.R1776,F,PEGO,26,170,69,22,16
TALL_012,NEON.MAM.D08.R1777,M,PEGO,25,155,66,21,14
LENO_008,NEON.MAM.D08.R1778,M,PEGO,37,179,74,22,17
LENO_006,NEON.MAM.D08.R1783,M,PEGO,31,177,80,23,17
DELA_002,NEON.MAM.D08.R1784,M,PELE,31,168,72,22,16
LENO_006,NEON.MAM.D08.R1786,M,PEGO,28,185,78,23,17
TALL_013,NEON.MAM.D08.R1788,M,PEGO,24,172,74,22,17
LENO_002,NEON.MAM.D08.R1789,M,PEGO,34,171,79,23,17
TALL_013,NEON.MAM.D08.R1791,M,PEPO,16,134,54,18,12
DELA_007,NEON.MAM.D08.R1792,M,PEGO,35,168,66,22,16
LENO_022,NEON.MAM.D08.R1793,M,PEGO,31,174,76,22,16
TALL_015,NEON.MAM.D08.R1794,M,PEGO,27,178,76,22,17
LENO_022,NEON.MAM.D08.R1795,F,PEGO,35,175,72,22,17
DELA_007,NEON.MAM.D08.R1800,M,PELE,30,180,77,23,17
TALL_013,NEON.MAM.D08.R1802,M,PEGO,30,163,71,23,16
DELA_002,NEON.MAM.D08.R1803,M,PEGO,30,174,75,23,18
DELA_007,NEON.MAM.D08.R1805,F,PEGO,26,174,69,23,17
TALL_013,NEON.MAM.D08.R1806,F,PEGO,22,165,72,21,16
TALL_010,NEON.MAM.D08.R1807,F,PELE,21,172,73,22,16
TALL_024,NEON.MAM.D08.R1808,M,PEGO,27,171,72,22,17
TALL_010,NEON.MAM.D08.R1812,F,PEGO,25,167,74,21,15
DELA_002,NEON.MAM.D08.R1815,F,PEGO,28,145,70,22,16
TALL_010,NEON.MAM.D08.R1816,F,PELE,20,155,68,21,17
TALL_010,NEON.MAM.D08.R1819,M,PEGO,21,161,70,22,17
TALL_005,NEON.MAM.D08.R1820,F,PEGO,23,165,68,22,16
TALL_024,NEON.MAM.D08.R1821,M,PEGO,32,174,73,22,16
TALL_031,NEON.MAM.D08.R1822,M,PEPO,17,151,60,19,15
TALL_015,NEON.MAM.D08.R1823,M,PEGO,32,173,73,22,16
LENO_003,NEON.MAM.D08.R1825,M,PEGO,34,182,85,22,17
TALL_010,NEON.MAM.D08.R1826,M,PEGO,28,163,64,22,16
DELA_002,NEON.MAM.D08.R1827,M,PELE,28,162,76,23,17
TALL_015,NEON.MAM.D08.R1830,F,PEGO,32,189,78,23,16
TALL_015,NEON.MAM.D08.R1835,F,PEGO,32,182,77,23,17
TALL_024,NEON.MAM.D08.R1836,F,PEGO,22,164,67,22,16
DELA_007,NEON.MAM.D08.R1837,M,PELE,26,176,77,23,16
TALL_012,NEON.MAM.D08.R1838,M,PEGO,25,152,61,23,16
LENO_031,NEON.MAM.D08.R1839,M,ORPA,70,224,125,28,14
TALL_024,NEON.MAM.D08.R1840,M,PEGO,30,174,74,23,16
DELA_002,NEON.MAM.D08.R1842,M,PEGO,32,188,83,23,16
TALL_024,NEON.MAM.D08.R1844,F,PEGO,21,160,70,22,16
TALL_013,NEON.MAM.D08.R1845,M,PEGO,24,168,72,22,16
TALL_005,NEON.MAM.D08.R1846,M,PEGO,26,156,64,23,17
DELA_001,NEON.MAM.D08.R1851,F,PELE,25,163,70,23,16
TALL_013,NEON.MAM.D08.R1853,F,PEGO,26,165,65,22,17
DELA_001,NEON.MAM.D08.R1854,M,PELE,26,159,70,22,17
TALL_010,NEON.MAM.D08.R1855,F,PELE,26,164,75,22,17
TALL_006,NEON.MAM.D08.R1857,M,PEGO,30,180,77,21,15
TALL_006,NEON.MAM.D08.R1859,F,OCNU,14,150,70,18,15
TALL_024,NEON.MAM.D08.R1862,F,PEGO,26,180,80,22,17
TALL_031,NEON.MAM.D08.R1863,M,PEGO,25,163,66,23,17
LENO_031,NEON.MAM.D08.R1868,M,PEGO,29,181,78,23,18
LENO_031,NEON.MAM.D08.R1869,F,ORPA,49,232,125,29,16
DELA_001,NEON.MAM.D08.R1870,M,PEGO,26,169,73,23,16
TALL_012,NEON.MAM.D08.R1871,M,PELE,16,158,66,18,12
TALL_013,NEON.MAM.D08.R1873,F,PEGO,30,152,61,21,15
TALL_013,NEON.MAM.D08.R1875,M,PEGO,23,170,75,21,16
DELA_002,NEON.MAM.D08.R1876,M,PEGO,28,168,69,22,16
TALL_015,NEON.MAM.D08.R1879,M,PEGO,24,174,73,23,16
DELA_002,NEON.MAM.D08.R1882,F,PEGO,24,166,75,23,17
DELA_007,NEON.MAM.D08.R1883,M,PEGO,28,175,76,23,17
TALL_024,NEON.MAM.D08.R1886,F,PEGO,25,162,71,21,17
TALL_010,NEON.MAM.D08.R1887,M,PEGO,35,179,78,23,17
LENO_031,NEON.MAM.D08.R1890,M,PEGO,30,174,70,22,16
TALL_015,NEON.MAM.D08.R1891,M,PEGO,32,166,74,22,16
LENO_031,NEON.MAM.D08.R1893,M,PEGO,30,188,78,24,16
TALL_024,NEON.MAM.D08.R1894,M,PEGO,27,179,75,22,17
TALL_015,NEON.MAM.D08.R1896,M,PEGO,25,170,75,23,16
TALL_024,NEON.MAM.D08.R1898,F,PEGO,25,166,69,22,17
LENO_022,NEON.MAM.D08.R1899,M,PEGO,32,176,78,22,16
TALL_015,NEON.MAM.D08.R1900,F,PELE,18,150,68,21,15
TALL_015,NEON.MAM.D08.R1901,F,PEGO,24,165,71,22,16
TALL_015,NEON.MAM.D08.R1902,F,PEGO,22,162,67,22,16
TALL_015,NEON.MAM.D08.R1904,F,PEGO,26,169,72,22,16
TALL_015,NEON.MAM.D08.R1906,M,PEGO,30,169,74,22,16
TALL_015,NEON.MAM.D08.R1908,F,PEGO,21,156,68,23,17
TALL_031,NEON.MAM.D08.R1910,F,PELE,14,138,49,19,14
TALL_031,NEON.MAM.D08.R1911,M,PEGO,24,160,66,22,16
TALL_031,NEON.MAM.D08.R1912,M,PELE,15,132,59,20,16
TALL_031,NEON.MAM.D08.R1913,F,PEGO,17,145,65,23,16
TALL_031,NEON.MAM.D08.R1915,F,PEGO,24,170,77,23,17
TALL_005,NEON.MAM.D08.R1916,F,PEGO,25,169,72,22,17
TALL_010,NEON.MAM.D08.R1918,F,PEGO,26,164,70,22,16
TALL_031,NEON.MAM.D08.R1920,M,PEGO,21,155,68,23,16
DELA_001,NEON.MAM.D08.R1922,M,PEGO,24,157,65,22,16
DELA_001,NEON.MAM.D08.R1924,M,PEGO,28,176,76,23,17
DELA_001,NEON.MAM.D08.R1926,F,PEGO,24,166,80,23,16
DELA_001,NEON.MAM.D08.R1927,M,PEGO,25,163,67,23,16
LENO_015,NEON.MAM.D08.R1929,F,PEGO,25,168,76,23,17
LENO_031,NEON.MAM.D08.R1930,F,ORPA,50,220,113,30,15
TALL_013,NEON.MAM.D08.R1931,F,PEGO,21,154,64,22,16
TALL_013,NEON.MAM.D08.R1934,F,PELE,22,158,64,21,17
TALL_013,NEON.MAM.D08.R1935,F,PEGO,25,162,69,22,16
TALL_006,NEON.MAM.D08.R1936,F,PELE,26,170,72,22,15
TALL_012,NEON.MAM.D08.R1938,M,PEGO,24,161,65,22,16
TALL_013,NEON.MAM.D08.R1939,F,PEGO,22,158,66,23,16
DELA_001,NEON.MAM.D08.R1940,F,NEFL,137,293,143,37,21
DELA_007,NEON.MAM.D08.R1941,F,PEGO,28,172,72,22,16
DELA_001,NEON.MAM.D08.R1942,M,PELE,31,172,75,23,18
DELA_001,NEON.MAM.D08.R1943,M,PEGO,24,171,70,24,16
TALL_012,NEON.MAM.D08.R1946,F,PEGO,20,160,70,23,17
DELA_007,NEON.MAM.D08.R1947,M,PEGO,32,191,80,23,17
DELA_001,NEON.MAM.D08.R1948,M,PEGO,22,160,67,23,17
DELA_001,NEON.MAM.D08.R1949,M,PEGO,39,192,79,23,17
DELA_001,NEON.MAM.D08.R1950,F,PEGO,30,171,77,22,17
DELA_001,NEON.MAM.D08.R1951,F,PEGO,23,166,68,23,16
DELA_001,NEON.MAM.D08.R1952,F,PEGO,25,164,72,22,16
DELA_007,NEON.MAM.D08.R1953,M,PEGO,26,173,78,23,16
TALL_031,NEON.MAM.D08.R1954,M,PELE,23,156,65,22,18
LENO_031,NEON.MAM.D08.R1955,M,PELE,32,179,77,24,17
DELA_002,NEON.MAM.D08.R1956,F,PEGO,27,176,75,22,17
DELA_002,NEON.MAM.D08.R1957,M,PELE,26,168,78,22,17
TALL_010,NEON.MAM.D08.R1959,M,PEGO,29,171,72,22,16
DELA_007,NEON.MAM.D08.R1961,M,PELE,32,176,75,23,17
TALL_005,NEON.MAM.D08.R1963,F,PEGO,25,165,77,23,16
DELA_007,NEON.MAM.D08.R1964,F,PEGO,24,165,64,22,16
LENO_022,NEON.MAM.D08.R1966,F,PEGO,27,168,75,22,16
LENO_015,NEON.MAM.D08.R1969,M,PEGO,26,180,76,21,15
DELA_001,NEON.MAM.D08.R1972,F,PEGO,24,122,75,22,16
DELA_001,NEON.MAM.D08.R1973,F,PEGO,28,174,69,23,17
DELA_001,NEON.MAM.D08.R1974,F,PEGO,22,166,76,23,18
DELA_001,NEON.MAM.D08.R1975,M,PEGO,26,170,76,23,17
DELA_001,NEON.MAM.D08.R1976,M,PEGO,27,170,77,24,17
DELA_001,NEON.MAM.D08.R1977,F,PEGO,21,152,66,22,17
DELA_001,NEON.MAM.D08.R1978,M,PELE,25,169,74,22,16
DELA_001,NEON.MAM.D08.R1979,M,PEGO,24,174,70,22,16
DELA_001,NEON.MAM.D08.R1980,F,PELE,25,166,70,23,16
TALL_006,NEON.MAM.D08.R1982,M,PELE,16,129,52,18,12
DELA_001,NEON.MAM.D08.R1983,M,PEGO,39,185,84,23,18
LENO_022,NEON.MAM.D08.R1984,M,PEGO,28,166,70,22,17
LENO_002,NEON.MAM.D08.R1985,M,PEGO,30,175,75,23,17
TALL_013,NEON.MAM.D08.R1986,M,PELE,14,130,56,20,15
DELA_001,NEON.MAM.D08.R1988,M,PELE,25,172,71,23,16
TALL_031,NEON.MAM.D08.R1989,F,PELE,16,135,61,18,15
TALL_005,NEON.MAM.D08.R1990,M,PEGO,23,161,71,23,16
LENO_002,NEON.MAM.D08.R1991,M,PEGO,32,188,74,23,16
LENO_008,NEON.MAM.D08.R1993,M,PEGO,27,172,75,22,16
LENO_015,NEON.MAM.D08.R1994,M,ORPA,50,230,117,30,16
LENO_015,NEON.MAM.D08.R1995,M,PEGO,34,186,83,23,16
DELA_007,NEON.MAM.D08.R1996,F,PEGO,28,178,76,23,18
DELA_001,NEON.MAM.D08.R1998,F,PELE,25,172,77,22,16
TALL_010,NEON.MAM.D08.R2002,F,PEGO,32,164,70,22,16
TALL_005,NEON.MAM.D08.R2006,M,TAST,114,220,90,39,17
TALL_010,NEON.MAM.D08.R2007,M,PELE,20,158,64,21,14
TALL_024,NEON.MAM.D08.R2009,M,PELE,31,160,72,23,16
TALL_031,NEON.MAM.D08.R2012,M,PELE,17,139,69,19,14
TALL_031,NEON.MAM.D08.R2013,M,PEGO,21,160,79,22,16
TALL_031,NEON.MAM.D08.R2014,M,OCNU,17,165,75,19,15
DELA_007,NEON.MAM.D08.R2025,M,PEGO,33,185,79,24,17
TALL_005,NEON.MAM.D08.R2055,M,PEGO,37,186,82,23,18
TALL_015,NEON.MAM.D08.R2059,F,TAST,141,150,98,37,15
TALL_031,NEON.MAM.D08.R2061,M,SIHI,112,240,100,30,20
LENO_002,NEON.MAM.D08.R2066,M,ORPA,56,230,115,31,16
TALL_031,NEON.MAM.D08.R2075,M,SIHI,75,209,100,29,16
TALL_031,NEON.MAM.D08.R2076,F,PEGO,20,163,72,23,17
TALL_031,NEON.MAM.D08.R2077,M,PEGO,27,176,73,23,17
TALL_005,NEON.MAM.D08.R2078,M,PEGO,28,174,79,23,16
DELA_007,NEON.MAM.D08.R2080,M,PELE,30,179,78,22,16
DELA_001,NEON.MAM.D08.R2081,F,PEGO,23,170,78,23,17
DELA_001,NEON.MAM.D08.R2082,M,PELE,25,175,76,23,16
DELA_007,NEON.MAM.D08.R2092,M,PELE,31,175,79,23,17
DELA_007,NEON.MAM.D08.R2093,M,PEGO,30,170,76,23,16
DELA_007,NEON.MAM.D08.R2095,F,PELE,28,170,76,23,16
TALL_015,NEON.MAM.D08.R2097,M,PEGO,31,176,77,22,17
DELA_002,NEON.MAM.D08.R2099,M,PELE,26,172,78,22,17
TALL_013,NEON.MAM.D08.R2102,F,OCNU,15,153,85,18,13
TALL_010,NEON.MAM.D08.R2106,F,TAST,118,160,40,35,12
DELA_002,NEON.MAM.D08.R2109,M,PELE,39,185,75,23,16
TALL_006,NEON.MAM.D08.R2113,M,OCNU,16,154,76,18,13
TALL_012,NEON.MAM.D08.R2115,M,PEGO,36,181,81,23,17
TALL_015,NEON.MAM.D08.R2117,F,PELE,21,141,55,18,12
TALL_012,NEON.MAM.D08.R2119,F,PEGO,27,159,68,23,15
TALL_006,NEON.MAM.D08.R2120,M,PEGO,25,163,70,22,17
TALL_006,NEON.MAM.D08.R2121,M,OCNU,16,152,78,18,12
DELA_002,NEON.MAM.D08.R2122,M,ORPA,52,237,110,30,17
TALL_006,NEON.MAM.D08.R2123,M,PELE,16,131,56,19,14
TALL_006,NEON.MAM.D08.R2127,M,PEGO,33,167,71,22,16
TALL_024,NEON.MAM.D08.R2131,M,PEGO,25,159,66,23,15
TALL_024,NEON.MAM.D08.R2132,M,PEGO,32,160,71,22,16
TALL_013,NEON.MAM.D08.R2139,F,PELE,16,116,48,18,10
TALL_031,NEON.MAM.D08.R2163,M,OCNU,20,159,68,18,14
DELA_001,NEON.MAM.D08.R2179,M,PEGO,27,173,74,22,16
TALL_005,NEON.MAM.D08.R2901,F,SIHI,137,267,117,30,20
TALL_015,NEON.MAM.D08.R2995,M,NEFL,118,295,150,36,23
DELA_001,NEON.MAM.D08.R2996,M,PEGO,34,182,72,23,16
NOGP_009,NEON.MAM.D09.0009D5,F,SOCI,5,79,38,11,6
WOOD_011,NEON.MAM.D09.201665,F,MIPE,26,146,42,20,15
WOOD_009,NEON.MAM.D09.752509,F,PEMA,20,156,66,18,15
WOOD_011,NEON.MAM.D09.L2182,F,ZAHU,21,191,113,28,9
WOOD_002,NEON.MAM.D09.L2618,F,ZAHU,23,216,129,29,13
WOOD_002,NEON.MAM.D09.L2795,F,ZAPR,22,194,110,26,11
WOOD_001,NEON.MAM.D09.L2914,F,ZAPR,19,199,110,27,12
NOGP_005,NEON.MAM.D09.L4064,F,PEMA,19,147,69,20,17
WOOD_002,NEON.MAM.D09.L5171,F,ZAHU,22,247,160,30,14
WOOD_007,NEON.MAM.D09.L5741,F,ZAPR,24,192,116,29,6
NOGP_005,NEON.MAM.D09.L5760,M,ZAHU,23,201,126,30,10
WOOD_002,NEON.MAM.D09.O002A720210909,F,SOAR,6,101,37,16,5
WOOD_002,NEON.MAM.D09.O002A820210908,F,SOAR,6,95,41,15,5
WOOD_009,NEON.MAM.D09.R1090,M,ZAPR,21,193,119,28,9
WOOD_009,NEON.MAM.D09.R1118,F,ZAPR,24,202,127,29,9
NOGP_017,NEON.MAM.D09.R2481,M,PELE,21,144,69,20,13
WOOD_002,NEON.MAM.D09.R2616,F,ZAHU,24,222,137,30,13
WOOD_002,NEON.MAM.D09.R2617,F,ZAHU,23,214,122,29,13
WOOD_002,NEON.MAM.D09.R2631,M,ZAHU,26,204,118,28,12
WOOD_002,NEON.MAM.D09.R2633,F,ZAHU,24,207,131,29,11
WOOD_002,NEON.MAM.D09.R2634,F,ZAPR,20,203,115,28,12
WOOD_002,NEON.MAM.D09.R2635,F,ZAPR,20,200,121,29,11
WOOD_008,NEON.MAM.D09.R2719,F,ZAHU,24,198,118,31,11
WOOD_002,NEON.MAM.D09.R2757,F,ZAPR,16,193,120,27,10
NOGP_009,NEON.MAM.D09.R2763,M,PEMA,14,120,61,17,9
NOGP_002,NEON.MAM.D09.R2770,F,MIPE,25,127,43,18,10
WOOD_002,NEON.MAM.D09.R2786,F,ZAHU,14,198,115,28,14
WOOD_001,NEON.MAM.D09.R2819,M,ZAHU,16,189,111,31,7
WOOD_009,NEON.MAM.D09.R2831,M,ZAPR,22,209,122,30,12
WOOD_001,NEON.MAM.D09.R2840,F,ZAPR,16,188,110,28,9
WOOD_001,NEON.MAM.D09.R2842,M,ZAPR,17,193,121,33,9
WOOD_001,NEON.MAM.D09.R2847,M,ZAHU,14,200,124,29,11
WOOD_002,NEON.MAM.D09.R2856,M,ZAHU,15,192,115,29,9
WOOD_002,NEON.MAM.D09.R2857,M,ZAHU,18,203,130,29,10
WOOD_002,NEON.MAM.D09.R2858,F,ZAHU,21,203,139,28,10
WOOD_008,NEON.MAM.D09.R2869,M,ZAHU,19,194,124,28,9
WOOD_011,NEON.MAM.D09.R2963,M,ZAPR,21,207,122,29,12
NOGP_005,NEON.MAM.D09.R3023,M,PEMA,21,143,66,19,12
WOOD_009,NEON.MAM.D09.R3027,M,ZAPR,22,201,124,29,11
WOOD_009,NEON.MAM.D09.R3030,M,ZAPR,17,206,130,28,11
WOOD_002,NEON.MAM.D09.R3031,M,ZAPR,15,194,120,28,10
WOOD_009,NEON.MAM.D09.R3038,F,ZAPR,19,215,127,30,12
NOGP_005,NEON.MAM.D09.R3048,F,ZAPR,17,214,137,29,14
NOGP_005,NEON.MAM.D09.R3051,M,ZAHU,17,204,128,30,10
NOGP_005,NEON.MAM.D09.R3052,M,ZAHU,18,201,123,29,11
NOGP_005,NEON.MAM.D09.R3056,M,ZAPR,18,203,133,31,10
NOGP_005,NEON.MAM.D09.R3057,M,ZAPR,18,212,134,32,12
NOGP_005,NEON.MAM.D09.R3058,M,ZAPR,18,202,125,30,11
NOGP_002,NEON.MAM.D09.R3252,M,PELE,23,154,70,22,13
NOGP_002,NEON.MAM.D09.R3728,M,REME,11,124,60,17,14
NOGP_002,NEON.MAM.D09.R3729,M,PELE,20,143,67,20,11
NOGP_002,NEON.MAM.D09.R3734,M,PELE,17,125,65,21,11
NOGP_005,NEON.MAM.D09.R3771,M,PEMA,17,109,54,18,7
NOGP_007,NEON.MAM.D09.R3781,M,CHHI,25,141,73,26,6
NOGP_005,NEON.MAM.D09.R3791,F,PELE,14,120,70,15,13
DCFS_014,NEON.MAM.D09.R3837,F,PEMA,9,108,39,18,10
NOGP_007,NEON.MAM.D09.R3849,M,REME,8,111,51,13,8
DCFS_006,NEON.MAM.D09.R3878,M,ONLE,35,109,40,22,11
NOGP_017,NEON.MAM.D09.R4052,M,PEMA,21,139,63,19,16
NOGP_017,NEON.MAM.D09.R4053,M,PEMA,20,134,57,18,16
NOGP_017,NEON.MAM.D09.R4054,M,PEMA,24,142,62,17,15
NOGP_005,NEON.MAM.D09.R4061,M,PEMA,19,145,67,20,12
NOGP_005,NEON.MAM.D09.R4066,M,PEMA,15,138,70,19,14
NOGP_017,NEON.MAM.D09.R4101,F,PELE,22,145,70,20,15
NOGP_005,NEON.MAM.D09.R4122,F,PELE,16,115,53,17,11
WOOD_002,NEON.MAM.D09.R4130,M,ZAHU,16,207,122,29,12
NOGP_005,NEON.MAM.D09.R4647,M,PELE,23,152,74,21,16
DCFS_003,NEON.MAM.D09.R4715,F,ZAPR,21,200,120,29,11
NOGP_005,NEON.MAM.D09.R5080,M,ZAHU,19,194,116,27,10
NOGP_005,NEON.MAM.D09.R5089,F,ZAHU,16,190,122,27,9
NOGP_005,NEON.MAM.D09.R5097,M,ZAHU,21,199,121,28,11
WOOD_002,NEON.MAM.D09.R5102,F,ZAHU,17,186,105,25,9
DCFS_014,NEON.MAM.D09.R5134,M,ZAPR,21,191,121,27,9
DCFS_014,NEON.MAM.D09.R5137,F,ZAPR,25,204,124,28,12
DCFS_014,NEON.MAM.D09.R5139,M,ZAPR,22,202,122,26,11
DCFS_014,NEON.MAM.D09.R5140,F,ZAPR,20,212,164,28,14
WOOD_002,NEON.MAM.D09.R5172,M,ZAHU,22,209,128,31,12
DCFS_014,NEON.MAM.D09.R5176,M,ZAPR,18,187,111,28,9
WOOD_007,NEON.MAM.D09.R5186,M,ZAHU,17,215,134,30,12
WOOD_007,NEON.MAM.D09.R5194,M,ZAHU,14,194,122,29,10
NOGP_005,NEON.MAM.D09.R5226,M,ZAHU,21,220,127,30,13
NOGP_007,NEON.MAM.D09.R5322,M,PELE,26,150,70,22,10
NOGP_017,NEON.MAM.D09.R5409,M,RANO,156,165,164,40,11
NOGP_005,NEON.MAM.D09.R5718,M,ZAHU,14,194,119,30,10
NOGP_005,NEON.MAM.D09.R5720,F,ZAHU,19,210,125,30,12
NOGP_005,NEON.MAM.D09.R5768,M,ZAHU,15,201,126,30,11
NOGP_005,NEON.MAM.D09.R5796,M,ZAHU,23,202,122,32,11
NOGP_005,NEON.MAM.D09.R5798,M,ZAHU,27,207,120,28,12
NOGP_017,NEON.MAM.D09.R6621,M,PELE,27,155,65,22,10
WOOD_008,NEON.MAM.D09.R6676,M,ZAHU,12,195,120,28,11
CPER_015,NEON.MAM.D10.0015H4,M,REME,8,117,64,15,10
CPER_006,NEON.MAM.D10.006D10,M,PEFV,7,113,48,14,5
CPER_015,NEON.MAM.D10.013615,F,REME,10,120,63,15,11
CPER_015,NEON.MAM.D10.013704,F,REME,13,138,68,15,9
CPER_006,NEON.MAM.D10.013759,M,REMO,10,110,43,16,10
CPER_011,NEON.MAM.D10.013801,M,MIOC,40,140,39,19,11
STER_029,NEON.MAM.D10.013811,M,MIPE,43,120,23,20,10
STER_006,NEON.MAM.D10.014305,F,MIOC,39,132,30,20,10
CPER_015,NEON.MAM.D10.014377,F,MIOC,30,111,32,20,12
CPER_015,NEON.MAM.D10.014411,M,PEFV,8,102,51,18,6
CPER_015,NEON.MAM.D10.015I10,M,DIOR,58,245,152,43,11
CPER_005,NEON.MAM.D10.019342,M,REMO,11,124,61,15,12
CPER_015,NEON.MAM.D10.043823,F,REMO,12,127,63,16,11
STER_006,NEON.MAM.D10.043848,M,REME,13,131,63,17,13
CPER_004,NEON.MAM.D10.043935,M,REME,12,123,67,16,11
CPER_011,NEON.MAM.D10.044138,F,PEFV,9,110,49,16,6
CPER_004,NEON.MAM.D10.044213,M,REME,10,134,69,16,10
STER_006,NEON.MAM.D10.044332,M,REME,13,129,64,17,12
CPER_015,NEON.MAM.D10.044479,F,REMO,11,122,54,16,11
STER_006,NEON.MAM.D10.046065,M,REME,13,126,60,18,12
CPER_011,NEON.MAM.D10.120513,F,PEFV,9,108,53,13,4
CPER_011,NEON.MAM.D10.120546,M,PEFV,9,112,49,15,6
CPER_011,NEON.MAM.D10.120574,M,PEFV,9,118,51,15,6
CPER_011,NEON.MAM.D10.120576,M,PEFV,10,95,47,15,6
STER_028,NEON.MAM.D10.126571,M,REME,19,159,64,18,12
STER_006,NEON.MAM.D10.126619,M,MIOC,38,110,31,19,8
CPER_015,NEON.MAM.D10.126622,M,REMO,12,120,69,15,11
CPER_015,NEON.MAM.D10.126636,M,CHHI,53,210,100,25,7
CPER_005,NEON.MAM.D10.126648,M,REMO,10,65,60,16,11
CPER_011,NEON.MAM.D10.126652,M,PEFV,9,147,47,15,6
CPER_015,NEON.MAM.D10.187527,M,CHHI,48,216,110,28,11
CPER_015,NEON.MAM.D10.188628,M,PEFV,9,114,51,15,7
CPER_015,NEON.MAM.D10.188794,F,PEFV,10,109,48,15,7
CPER_004,NEON.MAM.D10.202086,F,PEFV,10,107,46,15,7
CPER_011,NEON.MAM.D10.202089,F,PEFV,8,104,47,16,7
CPER_008,NEON.MAM.D10.202102,M,PEFV,7,108,51,17,6
CPER_004,NEON.MAM.D10.215570,M,REMO,12,120,61,16,10
STER_028,NEON.MAM.D10.215769,M,CHHI,43,200,107,24,11
CPER_011,NEON.MAM.D10.215905,F,REME,12,130,68,15,10
CPER_004,NEON.MAM.D10.216624,M,REMO,10,113,58,15,10
CPER_015,NEON.MAM.D10.218798,F,MIOC,40,145,34,21,11
CPER_004,NEON.MAM.D10.219975,M,REMO,10,106,51,14,10
RMNP_005,NEON.MAM.D10.220008,M,NEMN,49,161,120,32,16
CPER_005,NEON.MAM.D10.220258,M,REMO,9,112,53,14,9
CPER_015,NEON.MAM.D10.220370,F,REMO,10,121,58,15,12
CPER_004,NEON.MAM.D10.220522,F,MIPE,48,139,39,20,12
CPER_015,NEON.MAM.D10.220603,M,REMO,12,130,64,19,11
CPER_004,NEON.MAM.D10.243935,M,REME,12,130,68,16,11
CPER_015,NEON.MAM.D10.296684,F,REMO,14,137,62,15,10
CPER_015,NEON.MAM.D10.296725,F,REMO,13,144,68,15,10
CPER_015,NEON.MAM.D10.302736,M,MIOC,49,150,32,21,12
CPER_015,NEON.MAM.D10.303546,M,REMO,11,128,63,17,11
CPER_011,NEON.MAM.D10.306330,F,PEFV,8,100,43,15,5
CPER_015,NEON.MAM.D10.306668,F,PEFV,7,112,50,15,5
CPER_009,NEON.MAM.D10.354967,M,PEFV,10,102,49,14,5
CPER_005,NEON.MAM.D10.355233,F,PEFV,10,105,38,15,5
CPER_015,NEON.MAM.D10.355806,M,PEFV,9,111,48,14,6
CPER_011,NEON.MAM.D10.356927,M,REMO,10,113,55,14,10
STER_006,NEON.MAM.D10.415421,M,MIOC,40,147,36,20,10
CPER_015,NEON.MAM.D10.415426,M,PEFV,9,110,50,8,6
CPER_015,NEON.MAM.D10.415433,F,CHHI,57,220,110,28,9
STER_006,NEON.MAM.D10.415436,M,REMO,14,137,67,17,10
CPER_015,NEON.MAM.D10.415437,F,PEFV,9,105,45,14,5
STER_028,NEON.MAM.D10.415440,F,CHHI,50,215,105,26,10
CPER_006,NEON.MAM.D10.415443,M,PEFV,8,90,45,15,7
CPER_015,NEON.MAM.D10.415444,M,CHHI,64,223,103,28,8
CPER_008,NEON.MAM.D10.415445,M,PEFV,8,103,50,14,5
CPER_015,NEON.MAM.D10.415446,M,CHHI,66,230,110,27,7
CPER_015,NEON.MAM.D10.415448,F,PEFV,8,103,50,14,6
STER_028,NEON.MAM.D10.415450,M,CHHI,56,196,86,21,6
CPER_004,NEON.MAM.D10.415453,M,PEFV,7,70,51,7,5
CPER_011,NEON.MAM.D10.415454,M,PEFV,9,108,53,16,5
STER_028,NEON.MAM.D10.415459,F,REME,16,128,64,18,12
CPER_002,NEON.MAM.D10.415462,F,PEFV,9,100,55,16,5
CPER_008,NEON.MAM.D10.415468,F,PEFV,9,108,53,15,5
CPER_015,NEON.MAM.D10.415469,M,PEFV,10,110,50,17,6
CPER_004,NEON.MAM.D10.415470,M,CHHI,54,210,105,24,10
STER_026,NEON.MAM.D10.415475,M,CHHI,66,227,117,27,9
CPER_015,NEON.MAM.D10.415481,F,PEFV,9,114,52,17,5
CPER_015,NEON.MAM.D10.415498,F,PEFV,9,100,42,16,4
CPER_011,NEON.MAM.D10.415499,M,PEFV,8,106,52,16,6
CPER_008,NEON.MAM.D10.415511,M,PEFV,9,110,52,16,5
CPER_011,NEON.MAM.D10.415512,M,PEFV,9,102,51,16,6
CPER_011,NEON.MAM.D10.415513,M,MIPE,39,129,29,18,7
STER_006,NEON.MAM.D10.415514,M,REME,12,126,63,17,10
CPER_004,NEON.MAM.D10.415516,M,CHHI,54,222,102,22,7
CPER_015,NEON.MAM.D10.415517,M,CHHI,55,205,105,25,9
STER_006,NEON.MAM.D10.651617,F,REMO,14,136,68,18,10
CPER_011,NEON.MAM.D10.729980,F,PEFV,7,106,108,15,7
CPER_005,NEON.MAM.D10.730015,F,PEFV,7,106,56,15,6
CPER_011,NEON.MAM.D10.774985,F,PEFV,6,100,49,14,3
CPER_015,NEON.MAM.D10.802520,F,REMO,12,120,59,17,11
CPER_015,NEON.MAM.D10.808832,F,MIOC,45,141,35,21,12
CPER_005,NEON.MAM.D10.809384,M,REMO,10,112,51,16,9
CPER_004,NEON.MAM.D10.809399,F,REME,12,135,67,15,9
STER_006,NEON.MAM.D10.809960,M,REMO,13,130,65,17,15
CPER_009,NEON.MAM.D10.831672,M,PEFV,9,101,52,18,5
CPER_006,NEON.MAM.D10.837209,M,PEFV,10,102,52,16,5
CPER_011,NEON.MAM.D10.841234,F,PEFV,10,109,53,14,5
CPER_015,NEON.MAM.D10.848822,M,REME,12,136,65,18,9
CPER_015,NEON.MAM.D10.935505,M,REME,10,135,69,16,7
CPER_015,NEON.MAM.D10.950826,M,REME,9,120,60,18,12
STER_027,NEON.MAM.D10.951371,M,CHHI,40,214,112,21,10
STER_031,NEON.MAM.D10.951389,M,CHHI,56,210,110,25,7
CPER_011,NEON.MAM.D10.951406,M,MILO,30,129,29,19,9
CPER_011,NEON.MAM.D10.951410,M,PEFV,8,98,44,14,4
STER_027,NEON.MAM.D10.951411,F,CHHI,46,195,93,21,8
CPER_015,NEON.MAM.D10.951427,M,REMO,13,136,68,17,11
STER_027,NEON.MAM.D10.951430,F,ICTR,110,232,92,30,4
CPER_011,NEON.MAM.D10.951433,M,PEFV,10,108,48,16,6
CPER_011,NEON.MAM.D10.951442,M,PEFV,8,90,40,12,4
STER_029,NEON.MAM.D10.951444,M,CHHI,45,182,102,25,7
CPER_015,NEON.MAM.D10.951454,F,REMO,14,100,45,15,11
CPER_005,NEON.MAM.D10.951461,M,REME,12,140,62,15,14
CPER_015,NEON.MAM.D10.951464,M,PEFV,9,103,48,16,6
STER_006,NEON.MAM.D10.951580,M,REMO,11,130,60,17,10
STER_028,NEON.MAM.D10.951585,M,ICTR,120,225,75,34,4
CPER_015,NEON.MAM.D10.951595,F,REMO,11,133,63,16,10
CPER_015,NEON.MAM.D10.951623,M,CHHI,62,225,110,28,10
CPER_015,NEON.MAM.D10.951628,M,REME,12,116,61,17,12
STER_029,NEON.MAM.D10.951638,F,CHHI,58,208,105,28,6
STER_029,NEON.MAM.D10.951641,F,CHHI,45,200,98,22,10
STER_027,NEON.MAM.D10.951642,M,REMO,19,127,59,16,12
STER_027,NEON.MAM.D10.951644,M,REMO,13,126,58,15,10
STER_029,NEON.MAM.D10.951657,M,CHHI,71,240,120,28,8
CPER_011,NEON.MAM.D10.951663,M,MIPE,44,150,40,15,7
CPER_015,NEON.MAM.D10.951672,M,REMO,13,138,70,15,8
STER_006,NEON.MAM.D10.951716,M,MIOC,36,140,34,18,9
CPER_015,NEON.MAM.D10.952270,M,REMO,8,120,55,17,10
STER_006,NEON.MAM.D10.952272,F,MIOC,23,118,29,21,10
CPER_015,NEON.MAM.D10.952273,M,PEFV,8,107,47,16,6
CPER_015,NEON.MAM.D10.952292,M,PEFV,8,109,51,15,5
CPER_015,NEON.MAM.D10.952294,M,REME,11,132,69,15,10
CPER_002,NEON.MAM.D10.952305,F,PEFV,14,114,54,16,4
CPER_015,NEON.MAM.D10.952306,F,REMO,11,125,60,17,12
CPER_011,NEON.MAM.D10.952311,M,PEFV,8,107,55,14,7
CPER_011,NEON.MAM.D10.952313,M,PEFV,7,102,45,15,5
CPER_011,NEON.MAM.D10.952317,M,PEFV,8,110,48,16,5
CPER_015,NEON.MAM.D10.952319,M,REMO,9,103,51,15,11
CPER_004,NEON.MAM.D10.952324,M,REMO,10,112,50,14,8
CPER_011,NEON.MAM.D10.952331,M,REMO,11,111,71,19,9
CPER_011,NEON.MAM.D10.952334,M,CHHI,37,184,100,25,8
CPER_015,NEON.MAM.D10.952336,M,CHHI,44,215,104,28,9
CPER_006,NEON.MAM.D10.952341,M,PEFV,10,108,49,17,6
CPER_015,NEON.MAM.D10.952342,F,REME,10,120,58,17,11
CPER_015,NEON.MAM.D10.952350,M,REME,10,145,75,16,13
CPER_011,NEON.MAM.D10.952351,F,REME,9,112,60,15,9
CPER_005,NEON.MAM.D10.952357,M,PEFV,7,112,46,16,6
STER_006,NEON.MAM.D10.952365,M,REMO,15,131,54,15,11
CPER_005,NEON.MAM.D10.952366,M,CHHI,35,186,96,25,9
STER_006,NEON.MAM.D10.952561,M,REMO,13,124,58,14,11
STER_026,NEON.MAM.D10.952613,M,CHHI,36,167,87,24,8
CPER_005,NEON.MAM.D10.968580,M,REMO,10,114,54,15,10
CPER_015,NEON.MAM.D10.968815,F,REMO,11,128,60,16,12
CPER_015,NEON.MAM.D10.969082,M,MIPE,38,133,40,19,11
CPER_004,NEON.MAM.D10.969102,M,REME,12,131,71,17,11
CPER_015,NEON.MAM.D10.969264,M,REMO,13,130,66,18,12
STER_029,NEON.MAM.D10.969283,M,MIOC,45,130,24,15,9
CPER_015,NEON.MAM.D10.969387,M,REMO,11,130,65,16,10
CPER_015,NEON.MAM.D10.969529,F,PEFV,7,106,50,14,3
STER_031,NEON.MAM.D10.969640,M,CHHI,45,198,100,24,12
CPER_004,NEON.MAM.D10.974832,F,REMO,9,110,59,16,10
CPER_015,NEON.MAM.D10.975702,M,PEFV,8,107,44,13,7
STER_006,NEON.MAM.D10.975913,M,REME,12,120,60,15,14
STER_027,NEON.MAM.D10.976295,M,REMO,12,113,54,15,10
CPER_015,NEON.MAM.D10.976368,F,PEFV,7,100,52,16,4
STER_026,NEON.MAM.D10.976370,F,REMO,12,124,58,15,12
CPER_015,NEON.MAM.D10.976417,M,MIOC,48,155,38,21,12
STER_028,NEON.MAM.D10.976550,M,REMO,10,117,48,16,11
STER_006,NEON.MAM.D10.978068,F,MIOC,31,143,40,22,13
CPER_015,NEON.MAM.D10.978300,F,PEFV,9,112,52,17,6
CPER_015,NEON.MAM.D10.979000,M,REME,12,132,67,15,5
STER_006,NEON.MAM.D10.993883,M,MIOC,40,138,38,18,5
STER_006,NEON.MAM.D10.993974,M,REME,11,136,70,18,11
STER_028,NEON.MAM.D10.L0719,M,ONLE,37,119,39,20,11
STER_028,NEON.MAM.D10.L0758,F,ONLE,26,102,41,19,16
STER_027,NEON.MAM.D10.L0760,M,ONLE,40,120,42,19,14
STER_029,NEON.MAM.D10.L0764,M,ONLE,28,110,40,21,13
STER_027,NEON.MAM.D10.L0766,M,ONLE,34,122,42,20,14
STER_028,NEON.MAM.D10.L0784,M,REMO,16,121,54,17,11
CPER_011,NEON.MAM.D10.L0789,M,REME,14,131,69,14,13
CPER_011,NEON.MAM.D10.L0877,F,REME,23,142,80,9,13
STER_028,NEON.MAM.D10.L0897,F,ONLE,29,114,44,21,12
CPER_008,NEON.MAM.D10.L0966,M,PEFV,8,110,50,15,8
CPER_015,NEON.MAM.D10.L1035,M,REMO,12,120,50,17,11
CPER_015,NEON.MAM.D10.L1054,F,REMO,9,105,45,12,9
CPER_015,NEON.MAM.D10.L1074,F,REMO,11,98,40,13,11
STER_029,NEON.MAM.D10.L1098,M,ONLE,21,115,43,19,11
STER_031,NEON.MAM.D10.L1246,M,ONLE,41,135,42,22,15
CPER_011,NEON.MAM.D10.L1253,M,REMO,12,133,64,16,10
CPER_015,NEON.MAM.D10.L1284,M,REMO,12,124,57,18,11
STER_029,NEON.MAM.D10.L1291,M,ONLE,50,131,40,20,15
CPER_004,NEON.MAM.D10.L1331,F,REMO,10,121,60,16,10
STER_006,NEON.MAM.D10.L1366,M,REMO,14,132,64,15,9
STER_028,NEON.MAM.D10.L1453,M,PEMA,21,138,63,20,11
STER_029,NEON.MAM.D10.L1455,M,PEMA,22,130,63,20,11
STER_027,NEON.MAM.D10.L1529,F,ONLE,32,115,45,20,14
STER_029,NEON.MAM.D10.L1531,M,ONLE,42,124,42,20,14
STER_006,NEON.MAM.D10.L1569,F,REME,13,132,68,17,12
STER_006,NEON.MAM.D10.L1572,M,PEMA,21,134,58,19,14
STER_031,NEON.MAM.D10.L1595,M,ONLE,41,130,40,19,11
STER_006,NEON.MAM.D10.L1598,M,PEMA,22,132,60,19,13
CPER_015,NEON.MAM.D10.L1623,M,REMO,12,128,63,18,11
CPER_004,NEON.MAM.D10.L1781,F,REME,16,130,65,15,10
CPER_004,NEON.MAM.D10.L1782,M,REMO,9,109,50,15,10
CPER_011,NEON.MAM.D10.L1796,F,REMO,12,100,49,17,11
CPER_011,NEON.MAM.D10.L1797,F,REMO,14,127,64,16,11
CPER_011,NEON.MAM.D10.L1799,M,REMO,10,150,52,15,11
CPER_011,NEON.MAM.D10.L1813,M,REME,13,129,64,17,12
CPER_005,NEON.MAM.D10.L1821,F,REME,10,122,61,16,11
CPER_005,NEON.MAM.D10.L1863,F,REME,11,116,63,17,11
CPER_015,NEON.MAM.D10.L1876,F,REMO,12,132,60,16,11
CPER_015,NEON.MAM.D10.L1887,M,REME,13,136,68,17,11
CPER_015,NEON.MAM.D10.L1897,M,REMO,10,124,59,16,11
CPER_005,NEON.MAM.D10.L1932,M,REMO,12,121,55,16,10
CPER_015,NEON.MAM.D10.L2132,M,MIOC,37,132,35,19,11
CPER_015,NEON.MAM.D10.L2540,M,REMO,15,147,70,15,10
CPER_015,NEON.MAM.D10.L2554,F,REME,10,117,63,18,11
CPER_015,NEON.MAM.D10.L2573,M,REMO,14,132,65,18,12
CPER_005,NEON.MAM.D10.L2915,M,REME,11,118,64,17,12
STER_029,NEON.MAM.D10.L3165,M,PEMA,21,138,63,19,13
RMNP_003,NEON.MAM.D10.O003I120220922,F,MILO,27,154,58,20,14
RMNP_005,NEON.MAM.D10.O005C220210902,F,MIMO,29,122,33,18,13
CPER_006,NEON.MAM.D10.O006H620150512,M,PEFV,9,109,51,13,6
CPER_009,NEON.MAM.D10.O009E620150512,F,PEFV,9,101,52,17,5
CPER_011,NEON.MAM.D10.O011D920150515,M,MIOC,50,150,38,19,13
CPER_011,NEON.MAM.D10.O011F1020140801,F,REMO,15,142,62,15,8
CPER_011,NEON.MAM.D10.O011F620140801,F,PEFV,10,100,45,13,5
CPER_011,NEON.MAM.D10.O011F620140802,F,PEFV,8,110,50,15,5
CPER_011,NEON.MAM.D10.O011G1020150515,F,MIOC,36,123,34,20,11
CPER_011,NEON.MAM.D10.O011G620150709,F,PEFV,8,98,46,16,6
CPER_011,NEON.MAM.D10.O011H120140801,M,PEFV,10,110,50,15,5
CPER_015,NEON.MAM.D10.O015F820150610,F,PEFV,8,91,52,15,5
CPER_015,NEON.MAM.D10.O015H120140802,M,REMO,14,130,65,17,10
CPER_015,NEON.MAM.D10.O015J720150515,M,REMO,10,118,59,15,14
STER_029,NEON.MAM.D10.O029A520150522,M,CHHI,44,185,85,16,10
STER_029,NEON.MAM.D10.O029A6,F,PEFV,11,110,59,16,4
STER_029,NEON.MAM.D10.O029G920150527,F,MIOC,59,131,44,21,14
STER_026,NEON.MAM.D10.R0607,F,ONLE,49,130,45,20,16
CPER_004,NEON.MAM.D10.R0669,M,ONLE,29,120,36,18,14
STER_031,NEON.MAM.D10.R0671,M,ONLE,30,115,40,20,11
STER_026,NEON.MAM.D10.R0675,F,ONLE,26,115,45,17,12
CPER_011,NEON.MAM.D10.R0752,M,REME,13,127,66,17,11
STER_028,NEON.MAM.D10.R0755,M,ONLE,30,130,38,21,8
STER_028,NEON.MAM.D10.R0756,F,ONLE,54,131,41,20,10
CPER_011,NEON.MAM.D10.R0757,M,REME,7,70,50,7,12
STER_026,NEON.MAM.D10.R0762,M,ONLE,30,115,40,18,13
STER_028,NEON.MAM.D10.R0765,M,ONLE,24,114,34,21,10
STER_027,NEON.MAM.D10.R0766,M,ONLE,34,120,38,18,13
CPER_015,NEON.MAM.D10.R0768,M,REME,10,120,60,16,9
STER_028,NEON.MAM.D10.R0770,F,PEMA,21,155,65,20,12
STER_027,NEON.MAM.D10.R0774,M,ONLE,39,117,41,18,12
STER_026,NEON.MAM.D10.R0775,M,REME,17,125,55,15,10
STER_027,NEON.MAM.D10.R0776,M,ONLE,36,127,41,20,14
STER_027,NEON.MAM.D10.R0779,M,ONLE,38,112,44,20,13
STER_027,NEON.MAM.D10.R0780,M,ONLE,33,118,40,20,11
STER_026,NEON.MAM.D10.R0782,M,PEMA,20,95,45,17,8
STER_028,NEON.MAM.D10.R0785,F,ONLE,37,126,40,20,15
STER_026,NEON.MAM.D10.R0788,M,ONLE,32,113,30,22,13
STER_028,NEON.MAM.D10.R0790,M,ONLE,35,97,37,22,12
STER_031,NEON.MAM.D10.R0791,M,ONLE,39,121,42,21,12
STER_031,NEON.MAM.D10.R0792,M,ONLE,29,112,42,20,12
STER_026,NEON.MAM.D10.R0796,M,ONLE,45,139,39,20,13
STER_028,NEON.MAM.D10.R0799,M,ONLE,32,120,40,20,18
CPER_011,NEON.MAM.D10.R0805,F,REME,12,110,55,16,8
STER_028,NEON.MAM.D10.R0824,M,ONLE,38,112,32,20,10
STER_027,NEON.MAM.D10.R0825,F,ONLE,38,125,43,21,12
STER_027,NEON.MAM.D10.R0839,M,ONLE,40,123,40,19,15
STER_026,NEON.MAM.D10.R0843,M,ONLE,52,132,42,21,12
CPER_004,NEON.MAM.D10.R0845,M,PEMA,16,132,52,20,14
CPER_004,NEON.MAM.D10.R0847,M,ONLE,29,120,36,21,14
CPER_009,NEON.MAM.D10.R0892,M,PEMA,18,130,61,18,15
STER_027,NEON.MAM.D10.R0898,M,ONLE,22,96,31,19,11
STER_006,NEON.MAM.D10.R0972,M,PEMA,20,141,63,19,10
CPER_015,NEON.MAM.D10.R1011,M,ONLE,29,120,35,21,15
STER_006,NEON.MAM.D10.R1012,M,ONLE,44,95,37,20,13
STER_006,NEON.MAM.D10.R1014,M,PEMA,24,151,61,19,12
CPER_005,NEON.MAM.D10.R1016,M,PEMA,18,140,60,21,13
STER_006,NEON.MAM.D10.R1018,M,PEMA,19,140,60,19,13
STER_006,NEON.MAM.D10.R1021,F,PEMA,22,135,60,19,11
STER_006,NEON.MAM.D10.R1023,M,ONLE,41,120,40,21,14
CPER_005,NEON.MAM.D10.R1024,F,PEMA,13,121,53,18,12
STER_028,NEON.MAM.D10.R1025,M,ONLE,26,95,40,19,14
CPER_011,NEON.MAM.D10.R1026,M,REME,9,115,59,16,9
CPER_005,NEON.MAM.D10.R1031,M,PEMA,14,120,50,20,12
CPER_005,NEON.MAM.D10.R1040,M,REMO,11,130,60,16,9
CPER_005,NEON.MAM.D10.R1041,M,REME,9,120,62,17,11
STER_031,NEON.MAM.D10.R1045,M,ONLE,34,104,39,18,14
STER_031,NEON.MAM.D10.R1046,M,ONLE,30,116,42,20,12
STER_006,NEON.MAM.D10.R1049,M,PEMA,23,154,65,19,14
STER_006,NEON.MAM.D10.R1055,F,PEMA,26,135,62,19,10
CPER_015,NEON.MAM.D10.R1061,M,REME,10,115,55,18,11
STER_026,NEON.MAM.D10.R1063,M,ONLE,30,119,39,21,11
STER_006,NEON.MAM.D10.R1065,M,ONLE,44,122,41,20,13
STER_026,NEON.MAM.D10.R1066,M,ONLE,34,141,43,21,13
CPER_015,NEON.MAM.D10.R1069,F,ONLE,19,105,24,20,11
CPER_015,NEON.MAM.D10.R1070,F,REME,12,125,65,16,10
CPER_015,NEON.MAM.D10.R1071,M,REME,10,130,61,16,11
STER_029,NEON.MAM.D10.R1077,M,ONLE,28,128,41,20,12
STER_029,NEON.MAM.D10.R1078,M,ONLE,36,126,48,21,10
STER_029,NEON.MAM.D10.R1079,M,ONLE,28,105,35,21,13
STER_029,NEON.MAM.D10.R1081,M,ONLE,44,140,40,19,14
STER_029,NEON.MAM.D10.R1085,M,ONLE,46,129,49,20,11
STER_006,NEON.MAM.D10.R1086,M,ONLE,26,121,41,20,14
STER_029,NEON.MAM.D10.R1087,M,ONLE,30,120,40,21,11
STER_006,NEON.MAM.D10.R1088,M,PEMA,20,133,56,18,12
STER_029,NEON.MAM.D10.R1089,M,ONLE,34,126,42,22,11
STER_026,NEON.MAM.D10.R1092,M,ONLE,27,120,40,20,13
STER_026,NEON.MAM.D10.R1095,M,ONLE,28,97,37,20,13
STER_026,NEON.MAM.D10.R1097,M,PEMA,17,127,60,19,11
CPER_015,NEON.MAM.D10.R1101,F,REMO,10,125,60,18,11
CPER_015,NEON.MAM.D10.R1113,F,ONLE,35,123,40,22,7
CPER_006,NEON.MAM.D10.R1119,F,REMO,10,115,56,15,10
CPER_015,NEON.MAM.D10.R1123,F,REME,11,124,70,17,13
CPER_005,NEON.MAM.D10.R1135,M,REMO,11,132,61,16,10
CPER_015,NEON.MAM.D10.R1150,F,REMO,12,133,62,18,11
CPER_015,NEON.MAM.D10.R1156,M,REMO,10,119,53,18,12
CPER_015,NEON.MAM.D10.R1162,M,REMO,10,103,55,17,12
CPER_011,NEON.MAM.D10.R1172,F,REME,11,129,65,17,12
CPER_011,NEON.MAM.D10.R1175,F,MIOC,40,136,38,20,11
CPER_015,NEON.MAM.D10.R1179,F,REMO,9,116,58,16,10
CPER_015,NEON.MAM.D10.R1184,M,REMO,10,125,58,8,10
CPER_011,NEON.MAM.D10.R1186,M,REMO,10,123,59,16,12
CPER_015,NEON.MAM.D10.R1189,F,REMO,12,136,61,16,11
CPER_015,NEON.MAM.D10.R1190,M,REME,11,136,64,16,10
CPER_015,NEON.MAM.D10.R1193,F,REMO,10,138,67,15,10
CPER_015,NEON.MAM.D10.R1197,F,REMO,10,124,57,15,13
CPER_015,NEON.MAM.D10.R1198,F,REMO,10,118,57,15,10
STER_029,NEON.MAM.D10.R1228,F,PEMA,23,123,54,20,12
STER_031,NEON.MAM.D10.R1229,M,PEMA,14,116,55,16,9
STER_031,NEON.MAM.D10.R1230,F,ONLE,37,125,46,23,10
STER_031,NEON.MAM.D10.R1231,M,ONLE,43,129,37,20,16
STER_029,NEON.MAM.D10.R1235,M,PEMA,19,122,58,19,11
STER_029,NEON.MAM.D10.R1236,F,PEMA,18,114,50,18,12
CPER_015,NEON.MAM.D10.R1241,F,REMO,13,128,62,16,11
STER_031,NEON.MAM.D10.R1245,M,ONLE,30,105,40,22,15
STER_029,NEON.MAM.D10.R1248,M,ONLE,32,123,39,21,16
STER_029,NEON.MAM.D10.R1250,M,PEMA,22,130,56,22,12
CPER_011,NEON.MAM.D10.R1254,M,REMO,12,127,62,17,11
CPER_011,NEON.MAM.D10.R1275,F,REMO,8,100,46,16,11
STER_031,NEON.MAM.D10.R1280,M,ONLE,52,131,42,22,15
STER_029,NEON.MAM.D10.R1282,M,REMO,17,119,51,20,13
STER_029,NEON.MAM.D10.R1285,F,ONLE,35,112,43,22,16
STER_029,NEON.MAM.D10.R1290,M,PEMA,22,121,62,20,12
STER_029,NEON.MAM.D10.R1292,M,PEMA,23,126,65,21,11
STER_029,NEON.MAM.D10.R1295,M,PEMA,23,122,40,19,9
STER_029,NEON.MAM.D10.R1300,M,PEMA,22,145,60,19,12
CPER_011,NEON.MAM.D10.R1303,M,REMO,10,110,53,15,10
CPER_011,NEON.MAM.D10.R1304,F,REME,12,130,68,16,11
CPER_005,NEON.MAM.D10.R1305,F,REMO,11,102,47,15,11
CPER_015,NEON.MAM.D10.R1314,M,MIPE,29,124,29,20,11
CPER_015,NEON.MAM.D10.R1327,M,REMO,9,130,63,18,11
CPER_015,NEON.MAM.D10.R1329,M,MIOC,40,148,36,21,11
CPER_015,NEON.MAM.D10.R1336,M,REMO,15,141,68,18,11
STER_006,NEON.MAM.D10.R1370,M,REME,15,126,58,15,10
STER_006,NEON.MAM.D10.R1380,F,REMO,13,132,63,14,10
STER_029,NEON.MAM.D10.R1404,M,ONLE,42,140,38,21,12
STER_028,NEON.MAM.D10.R1405,F,ONLE,25,93,39,19,12
STER_006,NEON.MAM.D10.R1406,M,PEMA,22,148,68,20,14
STER_028,NEON.MAM.D10.R1408,F,ONLE,32,132,38,20,11
STER_006,NEON.MAM.D10.R1411,F,PEMA,18,148,70,20,15
STER_006,NEON.MAM.D10.R1412,M,PEMA,17,138,67,20,14
STER_006,NEON.MAM.D10.R1413,M,PEMA,17,140,60,18,16
STER_026,NEON.MAM.D10.R1415,M,ONLE,18,108,38,20,14
STER_028,NEON.MAM.D10.R1418,F,PEMA,20,128,60,20,11
STER_028,NEON.MAM.D10.R1419,F,PEMA,16,152,76,19,12
STER_028,NEON.MAM.D10.R1420,M,PEMA,15,139,67,19,12
STER_028,NEON.MAM.D10.R1421,M,PEMA,16,143,61,20,15
STER_026,NEON.MAM.D10.R1423,M,ONLE,48,140,40,22,12
STER_026,NEON.MAM.D10.R1424,M,ONLE,23,120,40,21,14
STER_027,NEON.MAM.D10.R1433,F,PEMA,21,150,65,17,15
STER_006,NEON.MAM.D10.R1435,F,REMO,13,128,53,15,11
CPER_015,NEON.MAM.D10.R1436,M,DIOR,60,269,154,42,10
STER_028,NEON.MAM.D10.R1438,M,ONLE,37,134,43,20,14
STER_027,NEON.MAM.D10.R1441,M,ONLE,38,130,35,23,14
STER_006,NEON.MAM.D10.R1446,M,REMO,14,140,60,15,12
STER_027,NEON.MAM.D10.R1449,F,ONLE,39,98,38,19,15
CPER_015,NEON.MAM.D10.R1456,F,REME,12,118,69,16,9
STER_027,NEON.MAM.D10.R1457,M,ONLE,27,130,40,21,13
CPER_015,NEON.MAM.D10.R1459,M,REMO,12,137,64,16,11
CPER_005,NEON.MAM.D10.R1460,M,REMO,9,104,53,16,10
STER_027,NEON.MAM.D10.R1461,M,ONLE,37,128,43,21,13
CPER_011,NEON.MAM.D10.R1466,M,REMO,9,107,47,15,11
STER_027,NEON.MAM.D10.R1469,M,ONLE,33,132,41,22,13
STER_028,NEON.MAM.D10.R1471,M,PEMA,21,152,70,21,11
STER_027,NEON.MAM.D10.R1472,M,PEMA,20,129,59,19,10
STER_027,NEON.MAM.D10.R1473,F,MUMU,16,143,74,17,11
CPER_011,NEON.MAM.D10.R1480,M,REMO,10,109,50,16,8
STER_006,NEON.MAM.D10.R1481,M,PEMA,21,142,69,20,12
STER_006,NEON.MAM.D10.R1482,F,REMO,14,124,58,15,9
STER_006,NEON.MAM.D10.R1483,M,PEMA,20,145,68,19,14
CPER_011,NEON.MAM.D10.R1486,F,REMO,11,123,61,15,12
CPER_015,NEON.MAM.D10.R1487,M,REME,12,122,63,17,11
STER_027,NEON.MAM.D10.R1491,M,ONLE,36,137,42,21,14
STER_027,NEON.MAM.D10.R1493,M,ONLE,34,130,43,21,14
STER_031,NEON.MAM.D10.R1496,M,MUMU,17,141,63,16,12
CPER_005,NEON.MAM.D10.R1499,M,REMO,12,131,62,15,9
CPER_015,NEON.MAM.D10.R1502,F,REME,12,142,74,16,13
CPER_015,NEON.MAM.D10.R1505,M,REMO,9,113,50,15,9
CPER_015,NEON.MAM.D10.R1506,F,REMO,8,119,57,16,11
CPER_015,NEON.MAM.D10.R1508,F,REME,13,144,71,17,8
CPER_015,NEON.MAM.D10.R1509,F,REMO,13,131,64,16,11
STER_006,NEON.MAM.D10.R1516,M,PEMA,16,123,52,18,9
STER_006,NEON.MAM.D10.R1517,M,REME,11,113,63,15,9
STER_027,NEON.MAM.D10.R1521,F,PEMA,22,133,68,19,11
STER_029,NEON.MAM.D10.R1523,M,ONLE,29,110,42,20,11
CPER_004,NEON.MAM.D10.R1524,F,ONLE,34,110,36,20,16
CPER_004,NEON.MAM.D10.R1525,M,DIOR,57,247,150,39,12
STER_031,NEON.MAM.D10.R1526,M,ONLE,39,120,38,21,14
STER_031,NEON.MAM.D10.R1527,M,ONLE,38,117,37,20,12
STER_027,NEON.MAM.D10.R1528,M,ONLE,34,132,42,20,12
STER_029,NEON.MAM.D10.R1532,M,ONLE,36,102,42,20,13
STER_026,NEON.MAM.D10.R1533,M,ONLE,32,126,42,22,14
CPER_004,NEON.MAM.D10.R1535,M,ONLE,25,110,40,21,13
STER_026,NEON.MAM.D10.R1536,M,PEMA,18,140,60,18,10
STER_026,NEON.MAM.D10.R1537,M,ONLE,21,105,35,20,12
STER_029,NEON.MAM.D10.R1542,M,ONLE,45,142,44,20,12
STER_029,NEON.MAM.D10.R1544,M,PEMA,25,148,58,18,13
CPER_004,NEON.MAM.D10.R1548,M,ONLE,30,115,40,18,11
STER_029,NEON.MAM.D10.R1549,M,ONLE,28,107,41,19,12
CPER_015,NEON.MAM.D10.R1551,M,REME,13,133,65,16,13
CPER_015,NEON.MAM.D10.R1553,M,REME,9,113,60,15,11
CPER_015,NEON.MAM.D10.R1556,F,REMO,9,120,58,17,12
STER_006,NEON.MAM.D10.R1558,F,ONLE,42,142,40,21,14
STER_006,NEON.MAM.D10.R1562,M,REMO,11,132,54,17,12
STER_006,NEON.MAM.D10.R1563,F,PEMA,18,131,53,18,12
STER_006,NEON.MAM.D10.R1566,F,REME,17,148,68,18,13
STER_006,NEON.MAM.D10.R1569,F,REMO,14,128,70,18,13
STER_006,NEON.MAM.D10.R1571,F,PEMA,18,127,52,19,12
STER_006,NEON.MAM.D10.R1573,M,PEMA,20,153,68,19,14
CPER_015,NEON.MAM.D10.R1578,M,REME,12,125,71,16,12
CPER_011,NEON.MAM.D10.R1579,M,REME,10,127,69,17,12
CPER_015,NEON.MAM.D10.R1580,M,REMO,9,119,56,16,8
CPER_015,NEON.MAM.D10.R1581,F,REMO,10,121,56,16,9
CPER_015,NEON.MAM.D10.R1582,F,REMO,10,115,48,17,11
CPER_015,NEON.MAM.D10.R1587,M,PEMA,20,132,48,18,11
STER_006,NEON.MAM.D10.R1590,F,ONLE,42,132,40,20,13
STER_006,NEON.MAM.D10.R1593,F,PEMA,18,141,52,20,13
STER_006,NEON.MAM.D10.R1596,F,PEMA,24,163,71,20,14
STER_006,NEON.MAM.D10.R1597,M,PEMA,23,152,67,19,13
STER_006,NEON.MAM.D10.R1598,M,PEMA,20,148,62,18,13
CPER_015,NEON.MAM.D10.R1599,F,REMO,8,118,56,15,11
STER_029,NEON.MAM.D10.R1615,F,PEMA,17,123,63,19,12
STER_029,NEON.MAM.D10.R1616,F,PEMA,24,140,62,20,10
STER_029,NEON.MAM.D10.R1625,M,ONLE,48,135,44,22,14
CPER_005,NEON.MAM.D10.R1670,M,REMO,10,130,66,17,11
STER_029,NEON.MAM.D10.R1753,M,PEMA,17,129,60,19,10
STER_029,NEON.MAM.D10.R1754,F,PEMA,17,105,53,19,16
STER_029,NEON.MAM.D10.R1755,M,PEMA,18,125,61,19,11
STER_029,NEON.MAM.D10.R1757,M,ONLE,65,135,44,21,11
STER_029,NEON.MAM.D10.R1758,M,PEMA,14,118,55,18,13
STER_031,NEON.MAM.D10.R1759,M,REMO,14,105,49,20,12
STER_031,NEON.MAM.D10.R1760,M,ONLE,46,120,42,22,15
STER_031,NEON.MAM.D10.R1762,M,PEMA,20,125,62,20,10
STER_031,NEON.MAM.D10.R1763,M,ONLE,50,125,40,23,12
STER_029,NEON.MAM.D10.R1766,F,PEMA,21,124,60,16,12
STER_029,NEON.MAM.D10.R1767,M,PEMA,18,125,55,21,11
STER_029,NEON.MAM.D10.R1769,F,ONLE,50,140,34,21,12
STER_029,NEON.MAM.D10.R1772,M,PEMA,18,120,52,20,10
STER_029,NEON.MAM.D10.R1775,F,PEMA,18,123,56,18,12
CPER_005,NEON.MAM.D10.R1776,M,REMO,9,114,51,14,9
CPER_004,NEON.MAM.D10.R1794,F,REMO,13,140,66,15,11
CPER_011,NEON.MAM.D10.R1798,M,REME,11,123,67,17,12
CPER_011,NEON.MAM.D10.R1808,F,REME,14,128,69,16,10
CPER_011,NEON.MAM.D10.R1825,M,REME,10,128,66,17,11
CPER_006,NEON.MAM.D10.R1865,F,REMO,10,114,56,15,10
CPER_005,NEON.MAM.D10.R1868,F,REMO,13,131,62,18,12
CPER_005,NEON.MAM.D10.R1872,M,REMO,9,114,52,15,10
CPER_004,NEON.MAM.D10.R1894,M,REMO,12,133,62,17,11
CPER_015,NEON.MAM.D10.R1897,M,REMO,10,125,58,17,11
STER_031,NEON.MAM.D10.R1903,M,ONLE,33,126,32,20,12
STER_006,NEON.MAM.D10.R1905,M,REMO,10,130,64,17,11
CPER_015,NEON.MAM.D10.R1912,M,MIOC,47,152,87,23,13
CPER_005,NEON.MAM.D10.R1913,F,REMO,10,125,59,15,10
CPER_015,NEON.MAM.D10.R1917,M,REMO,12,130,63,16,11
CPER_015,NEON.MAM.D10.R1918,M,REMO,11,126,63,16,12
CPER_004,NEON.MAM.D10.R1927,M,REME,11,132,69,16,10
STER_006,NEON.MAM.D10.R1929,F,REMO,14,128,54,13,11
CPER_015,NEON.MAM.D10.R1935,M,REME,11,122,62,16,11
STER_006,NEON.MAM.D10.R1937,M,REMO,10,130,62,16,10
CPER_004,NEON.MAM.D10.R1938,M,REMO,8,110,52,16,9
STER_006,NEON.MAM.D10.R1943,M,PEMA,12,115,53,19,12
STER_029,NEON.MAM.D10.R1954,F,ONLE,43,130,40,22,13
STER_029,NEON.MAM.D10.R1959,F,PEMA,26,147,60,18,13
CPER_005,NEON.MAM.D10.R1962,F,REMO,14,130,69,17,11
STER_029,NEON.MAM.D10.R1965,M,PEMA,21,150,50,20,14
CPER_004,NEON.MAM.D10.R1966,M,REMO,10,130,66,17,10
STER_026,NEON.MAM.D10.R1973,M,PEMA,17,130,58,19,12
STER_026,NEON.MAM.D10.R1974,M,ONLE,39,140,40,20,12
STER_028,NEON.MAM.D10.R1975,F,ONLE,35,135,40,21,12
CPER_015,NEON.MAM.D10.R1980,M,REMO,8,114,43,8,10
CPER_004,NEON.MAM.D10.R1981,M,REME,10,117,66,16,11
STER_006,NEON.MAM.D10.R1986,M,REMO,14,122,53,16,11
CPER_015,NEON.MAM.D10.R1991,M,REMO,10,112,54,16,9
STER_029,NEON.MAM.D10.R1992,M,PEMA,23,140,54,20,15
STER_029,NEON.MAM.D10.R1993,M,PEMA,22,149,62,20,15
STER_028,NEON.MAM.D10.R1995,F,DIOR,60,290,145,40,11
STER_028,NEON.MAM.D10.R1996,M,PEMA,15,120,56,18,10
CPER_015,NEON.MAM.D10.R2105,F,MIOC,46,148,32,20,12
STER_031,NEON.MAM.D10.R2118,M,MUMU,17,142,81,15,8
STER_031,NEON.MAM.D10.R2179,M,REMO,8,112,56,14,9
CPER_011,NEON.MAM.D10.R2260,M,REME,12,128,63,14,11
CPER_011,NEON.MAM.D10.R2262,F,REME,15,136,69,16,13
CPER_004,NEON.MAM.D10.R2297,M,REMO,10,109,52,16,10
STER_006,NEON.MAM.D10.R2514,M,REMO,12,137,62,15,11
CPER_015,NEON.MAM.D10.R2526,M,REME,11,134,68,18,11
CPER_015,NEON.MAM.D10.R2527,F,MIOC,45,142,33,20,12
CPER_015,NEON.MAM.D10.R2531,F,REMO,12,132,65,18,11
CPER_005,NEON.MAM.D10.R2543,F,MIOC,40,150,32,21,11
CPER_015,NEON.MAM.D10.R2544,F,REME,11,123,71,17,12
CPER_015,NEON.MAM.D10.R2547,M,MIOC,34,138,36,20,11
CPER_015,NEON.MAM.D10.R2551,M,REMO,13,128,62,16,11
CPER_015,NEON.MAM.D10.R2556,F,REME,11,125,69,17,12
CPER_005,NEON.MAM.D10.R2570,M,MIOC,40,154,41,18,10
CPER_015,NEON.MAM.D10.R2574,F,MIOC,40,140,34,19,11
STER_029,NEON.MAM.D10.R2577,M,REMO,12,126,61,16,11
STER_031,NEON.MAM.D10.R2580,F,MIPE,51,162,39,20,13
STER_006,NEON.MAM.D10.R2640,M,PEMA,15,119,51,18,14
STER_006,NEON.MAM.D10.R2668,M,REMO,12,118,56,12,11
CPER_006,NEON.MAM.D10.R2811,F,REMO,9,115,51,14,9
CPER_011,NEON.MAM.D10.R2872,M,REMO,12,118,53,17,11
CPER_015,NEON.MAM.D10.R2910,F,REMO,12,141,67,17,11
STER_006,NEON.MAM.D10.R3892,M,MIOC,36,136,39,19,11
RMNP_014,NEON.MAM.D10.R3980,M,LECU,26,130,30,17,10
RMNP_003,NEON.MAM.D10.R4177,M,PENA,22,178,98,22,16
RMNP_003,NEON.MAM.D10.R4496,F,PENA,26,184,100,23,21
CPER_011,NEON.MAM.D10.R4523,M,REME,7,96,47,15,13
CPER_005,NEON.MAM.D10.R4524,M,REME,11,124,55,15,13
RMNP_003,NEON.MAM.D10.R5017,M,PEMA,20,128,64,18,14
RMNP_009,NEON.MAM.D10.R5035,F,LECU,14,95,22,15,12
RMNP_003,NEON.MAM.D10.R5082,M,PENA,27,170,95,22,20
STER_027,NEON.MAM.D10.R5122,M,ONLE,34,134,42,20,12
RMNP_013,NEON.MAM.D10.R5124,M,MIMO,27,143,36,19,12
CPER_011,NEON.MAM.D10.R5159,F,PEMA,29,160,82,19,18
CPER_005,NEON.MAM.D10.R5238,M,REME,12,118,50,15,12
OAES_001,NEON.MAM.D11.373550,F,CHHI,44,187,92,23,7
OAES_002,NEON.MAM.D11.373561,M,PEFV,6,107,50,15,6
OAES_002,NEON.MAM.D11.373568,F,PEFV,7,113,52,15,5
OAES_007,NEON.MAM.D11.373639,M,CHHI,36,79,78,23,9
OAES_007,NEON.MAM.D11.373665,F,CHHI,57,204,97,26,10
OAES_002,NEON.MAM.D11.373686,M,CHHI,33,190,82,23,10
OAES_007,NEON.MAM.D11.373711,F,CHHI,38,179,92,24,9
OAES_007,NEON.MAM.D11.373723,M,CHHI,38,176,90,23,8
OAES_002,NEON.MAM.D11.373729,M,CHHI,53,211,104,25,9
OAES_002,NEON.MAM.D11.514058,F,PEFV,7,105,52,15,6
OAES_001,NEON.MAM.D11.514942,M,CHHI,36,184,96,23,9
OAES_010,NEON.MAM.D11.953940,M,MIOC,38,129,33,19,11
OAES_003,NEON.MAM.D11.954077,F,MIOC,46,140,32,18,15
OAES_010,NEON.MAM.D11.954541,M,ICTR,129,235,85,33,7
OAES_004,NEON.MAM.D11.L1021,M,ONLE,39,149,45,22,15
OAES_004,NEON.MAM.D11.L1023,F,PEMA,24,152,65,19,13
OAES_004,NEON.MAM.D11.L1024,F,CHHI,45,201,99,24,12
OAES_004,NEON.MAM.D11.L1026,F,CHHI,41,202,101,16,12
OAES_004,NEON.MAM.D11.L1027,F,ONLE,35,133,44,19,13
OAES_004,NEON.MAM.D11.L1028,F,PEFL,9,112,50,14,7
OAES_004,NEON.MAM.D11.L1029,M,PEMA,19,139,55,18,14
OAES_004,NEON.MAM.D11.L1030,M,CHHI,42,206,95,25,9
OAES_004,NEON.MAM.D11.L1031,M,CHHI,59,222,104,26,12
OAES_004,NEON.MAM.D11.L1048,F,ONLE,40,135,45,20,14
OAES_004,NEON.MAM.D11.L1049,M,CHHI,49,204,104,25,11
OAES_010,NEON.MAM.D11.L1069,M,PEMA,20,130,59,17,15
OAES_010,NEON.MAM.D11.L1075,M,PEMA,16,131,55,18,12
OAES_010,NEON.MAM.D11.L1077,M,PEMA,15,116,48,17,11
OAES_010,NEON.MAM.D11.L1079,M,PEMA,18,136,57,18,13
OAES_010,NEON.MAM.D11.L1080,M,PEMA,18,126,61,18,13
OAES_010,NEON.MAM.D11.L1081,M,PEMA,18,129,55,17,13
OAES_030,NEON.MAM.D11.L1083,F,ONLE,41,141,43,22,14
OAES_030,NEON.MAM.D11.L1084,F,CHHI,56,209,99,26,12
OAES_030,NEON.MAM.D11.L1085,F,ONLE,33,134,42,20,12
OAES_010,NEON.MAM.D11.L1096,F,REMO,13,122,55,17,11
OAES_029,NEON.MAM.D11.L1105,M,PELE,23,168,78,23,18
OAES_029,NEON.MAM.D11.L1108,F,PEMA,16,154,79,20,14
OAES_003,NEON.MAM.D11.L1116,M,PEMA,20,142,70,20,13
OAES_003,NEON.MAM.D11.L1117,M,PELE,24,144,80,18,14
OAES_003,NEON.MAM.D11.L1121,F,PELE,22,130,81,20,12
OAES_007,NEON.MAM.D11.L1200,F,PEFV,6,98,48,14,4
OAES_007,NEON.MAM.D11.L1201,F,PEFV,9,113,52,14,7
OAES_007,NEON.MAM.D11.L1202,F,ONLE,39,132,52,20,15
OAES_007,NEON.MAM.D11.L1203,F,ONLE,38,133,43,21,15
OAES_007,NEON.MAM.D11.L1204,M,CHHI,47,202,98,24,12
OAES_007,NEON.MAM.D11.L1205,M,ONLE,43,133,39,20,14
OAES_007,NEON.MAM.D11.L1206,M,CHHI,35,192,94,23,11
OAES_007,NEON.MAM.D11.L1208,M,PEMA,15,133,55,17,15
OAES_007,NEON.MAM.D11.L1209,M,PEMA,18,137,50,17,12
OAES_007,NEON.MAM.D11.L1210,F,PEFV,7,111,55,14,4
OAES_007,NEON.MAM.D11.L1211,M,ONLE,40,132,41,20,12
OAES_001,NEON.MAM.D11.L1212,F,CHHI,44,132,34,23,12
OAES_001,NEON.MAM.D11.L1213,M,ONLE,40,138,41,21,15
OAES_001,NEON.MAM.D11.L1214,M,PEMA,20,154,64,20,13
OAES_001,NEON.MAM.D11.L1215,F,ONLE,42,128,40,20,17
OAES_001,NEON.MAM.D11.L1216,M,MIOC,49,117,32,19,10
OAES_001,NEON.MAM.D11.L1217,M,ONLE,44,150,41,21,13
OAES_001,NEON.MAM.D11.L1219,M,PEMA,17,107,52,15,14
OAES_001,NEON.MAM.D11.L1221,M,MIOC,25,121,29,17,12
OAES_007,NEON.MAM.D11.L1223,F,ONLE,47,140,49,22,13
OAES_007,NEON.MAM.D11.L1224,M,CHHI,56,200,98,22,11
OAES_001,NEON.MAM.D11.L1236,M,PEMA,22,140,62,20,14
OAES_001,NEON.MAM.D11.L1239,M,PEMA,17,115,57,19,15
OAES_002,NEON.MAM.D11.L1241,F,PEMA,13,170,90,18,14
OAES_002,NEON.MAM.D11.L1244,M,PEMA,17,142,62,18,14
OAES_002,NEON.MAM.D11.L1246,F,PELE,18,122,67,18,15
OAES_002,NEON.MAM.D11.L1249,M,PEMA,18,113,58,18,14
OAES_002,NEON.MAM.D11.L1252,F,PEFV,8,107,48,15,4
OAES_029,NEON.MAM.D11.L1254,U,PEMA,19,132,54,16,13
OAES_002,NEON.MAM.D11.L1267,F,PEMA,19,139,58,18,14
OAES_002,NEON.MAM.D11.L1270,F,PEMA,17,146,63,18,15
OAES_002,NEON.MAM.D11.L1271,M,PEMA,17,136,58,18,13
OAES_002,NEON.MAM.D11.L1273,M,PEMA,18,136,58,16,14
OAES_002,NEON.MAM.D11.L1274,M,PEMA,17,137,59,19,14
OAES_002,NEON.MAM.D11.L1275,M,PEMA,19,139,58,18,12
OAES_029,NEON.MAM.D11.L1280,M,PEMA,21,120,60,18,13
OAES_029,NEON.MAM.D11.L1281,F,REMO,5,101,50,13,11
OAES_029,NEON.MAM.D11.L1284,M,PEMA,18,121,56,18,14
OAES_003,NEON.MAM.D11.L1289,M,PEMA,16,119,56,17,15
OAES_010,NEON.MAM.D11.L1292,F,PEMA,17,122,57,18,14
OAES_003,NEON.MAM.D11.L1295,F,PELE,28,134,93,22,16
OAES_029,NEON.MAM.D11.L1300,M,PELE,25,142,71,20,13
OAES_029,NEON.MAM.D11.L1314,M,PEMA,20,138,65,19,19
OAES_003,NEON.MAM.D11.L1322,M,PEMA,19,139,65,19,13
OAES_002,NEON.MAM.D11.L1339,M,PELE,22,166,82,19,18
OAES_010,NEON.MAM.D11.L1341,F,PEMA,14,142,62,16,14
OAES_002,NEON.MAM.D11.L1342,F,PELE,30,174,87,21,18
OAES_002,NEON.MAM.D11.L1345,M,PEMA,20,135,55,15,13
OAES_010,NEON.MAM.D11.L1346,M,PEMA,16,138,58,18,14
OAES_010,NEON.MAM.D11.L1347,M,PEMA,20,135,53,18,14
OAES_002,NEON.MAM.D11.L1369,M,PELE,24,158,78,20,16
OAES_002,NEON.MAM.D11.L1381,M,PELE,20,167,77,20,16
OAES_004,NEON.MAM.D11.L1388,M,PELE,14,170,94,20,16
OAES_003,NEON.MAM.D11.L1389,F,PEMA,22,134,59,18,15
OAES_003,NEON.MAM.D11.L1611,M,PELE,22,160,71,20,16
OAES_001,NEON.MAM.D11.L1614,M,PELE,11,178,95,21,15
OAES_003,NEON.MAM.D11.L1676,M,PELE,25,175,80,22,14
OAES_003,NEON.MAM.D11.L1682,M,PELE,15,166,110,20,14
OAES_002,NEON.MAM.D11.L1808,M,PEMA,23,145,67,17,14
OAES_010,NEON.MAM.D11.L1830,M,REMO,7,112,58,15,12
OAES_010,NEON.MAM.D11.L1835,F,REMO,10,130,60,15,13
OAES_010,NEON.MAM.D11.L1836,M,REMO,9,122,59,14,12
OAES_010,NEON.MAM.D11.L1840,M,REMO,10,120,58,14,12
OAES_002,NEON.MAM.D11.L1849,M,PELE,18,166,86,21,16
OAES_010,NEON.MAM.D11.L1870,M,PEMA,22,132,61,19,14
CLBJ_042,NEON.MAM.D11.L2194,M,PEMA,21,140,69,19,15
CLBJ_040,NEON.MAM.D11.L2381,M,PELE,30,184,97,23,18
OAES_029,NEON.MAM.D11.L2427,F,PELE,29,169,92,21,15
CLBJ_040,NEON.MAM.D11.L2467,F,PELE,25,183,100,23,18
CLBJ_040,NEON.MAM.D11.L2473,M,PELE,19,137,53,21,13
CLBJ_040,NEON.MAM.D11.L2474,M,PELE,25,199,112,23,17
CLBJ_041,NEON.MAM.D11.L2697,F,BATA,9,97,37,12,9
CLBJ_033,NEON.MAM.D11.L2700,F,PELE,29,174,93,23,20
CLBJ_042,NEON.MAM.D11.L2763,M,PELE,22,171,90,22,17
CLBJ_041,NEON.MAM.D11.L2970,M,REFU,16,156,86,20,11
CLBJ_033,NEON.MAM.D11.L3123,M,PELE,28,180,96,23,16
CLBJ_042,NEON.MAM.D11.L3182,M,PELE,28,189,101,22,17
OAES_002,NEON.MAM.D11.L3413,F,PEMA,14,127,54,19,12
CLBJ_039,NEON.MAM.D11.L3464,F,REFU,14,170,97,19,9
CLBJ_042,NEON.MAM.D11.L3483,F,PEMA,20,143,65,19,13
CLBJ_057,NEON.MAM.D11.L3587,F,PELE,23,151,86,21,14
CLBJ_042,NEON.MAM.D11.L3594,F,PELE,21,148,71,20,12
CLBJ_039,NEON.MAM.D11.L3608,M,REFU,14,172,101,19,11
OAES_002,NEON.MAM.D11.L3614,M,PEMA,16,132,59,18,12
OAES_002,NEON.MAM.D11.L3643,M,REFU,14,168,101,21,11
OAES_007,NEON.MAM.D11.L3647,M,PELE,12,158,90,19,12
CLBJ_039,NEON.MAM.D11.L3666,M,SIHI,118,248,105,29,16
OAES_001,NEON.MAM.D11.L3688,M,PEMA,16,122,58,19,12
OAES_001,NEON.MAM.D11.L3690,F,PEMA,13,131,59,18,13
OAES_002,NEON.MAM.D11.L3698,M,PEMA,17,138,53,16,13
OAES_001,NEON.MAM.D11.L3699,F,PEMA,12,118,58,17,12
CLBJ_033,NEON.MAM.D11.L3732,M,PELE,29,184,98,22,16
OAES_002,NEON.MAM.D11.L3739,F,PELE,24,156,75,16,12
CLBJ_057,NEON.MAM.D11.L3752,M,PELE,33,187,103,22,16
CLBJ_042,NEON.MAM.D11.L3761,M,PEAT,30,191,101,23,16
CLBJ_033,NEON.MAM.D11.L3782,M,PELE,19,143,84,23,14
CLBJ_041,NEON.MAM.D11.L3820,M,REMO,11,108,91,18,11
OAES_002,NEON.MAM.D11.L3902,F,PEMA,17,127,57,19,14
CLBJ_033,NEON.MAM.D11.L3917,M,PELE,18,134,64,20,11
CLBJ_041,NEON.MAM.D11.L3918,M,PELE,15,134,61,20,13
CLBJ_041,NEON.MAM.D11.L3920,M,PELE,16,140,66,18,12
CLBJ_033,NEON.MAM.D11.L3930,F,PELE,13,129,59,20,14
CLBJ_033,NEON.MAM.D11.L3931,F,PELE,16,141,70,20,13
OAES_001,NEON.MAM.D11.L3942,F,PEMA,15,127,56,22,12
CLBJ_041,NEON.MAM.D11.L3944,M,PELE,19,139,65,21,12
CLBJ_042,NEON.MAM.D11.L3962,F,PELE,15,112,50,19,14
CLBJ_041,NEON.MAM.D11.L3968,M,PELE,16,134,65,20,11
OAES_001,NEON.MAM.D11.L4046,M,PEMA,19,140,70,19,15
CLBJ_033,NEON.MAM.D11.L4104,F,PELE,26,143,69,20,12
OAES_029,NEON.MAM.D11.LL106,M,PEMA,23,170,78,22,16
OAES_002,NEON.MAM.D11.O002A1020150917,F,PEFV,6,105,55,15,6
OAES_002,NEON.MAM.D11.O002B320151016,F,PEFV,6,108,58,15,5
OAES_002,NEON.MAM.D11.O002B620150916,F,PEFV,7,103,56,15,6
OAES_002,NEON.MAM.D11.O002B620150917,F,PEFV,7,103,55,15,5
OAES_002,NEON.MAM.D11.O002C120150917,F,PEFV,6,109,58,18,5
OAES_002,NEON.MAM.D11.O002C620151015,F,PEFV,7,110,59,14,4
OAES_002,NEON.MAM.D11.O002D1020151016,F,PEFV,6,109,57,14,5
OAES_002,NEON.MAM.D11.O002E1020150916,F,PEFV,6,108,58,14,6
OAES_002,NEON.MAM.D11.O002E120151015,F,PEFV,6,108,55,15,5
OAES_002,NEON.MAM.D11.O002E220151016,F,PEFV,7,108,58,15,4
OAES_002,NEON.MAM.D11.O002E320150917,F,PEFV,7,104,55,15,6
OAES_002,NEON.MAM.D11.O002F120150916,F,PEFV,6,106,52,15,6
OAES_002,NEON.MAM.D11.O002G1020150916,F,PEFV,6,107,52,15,6
OAES_002,NEON.MAM.D11.O002G120150916,F,PEFV,6,105,57,16,6
OAES_002,NEON.MAM.D11.O002H1020151015,F,PEFV,6,111,54,14,6
OAES_002,NEON.MAM.D11.O002J1020151015,F,PEFV,7,111,58,15,5
OAES_003,NEON.MAM.D11.O003G920180711,M,PELE,16,130,74,21,14
OAES_003,NEON.MAM.D11.O003J1020150714,F,REFU,6,111,87,15,3
OAES_004,NEON.MAM.D11.O004H820150714,F,PEFV,8,112,50,15,3
OAES_010,NEON.MAM.D11.O010E1020150716,F,PEFV,7,107,56,14,8
OAES_010,NEON.MAM.D11.O010I820150917,F,PEFV,7,110,61,15,5
OAES_029,NEON.MAM.D11.O029G120150915,F,PEFV,6,109,52,15,6
OAES_029,NEON.MAM.D11.O029H120150915,F,PEFV,6,109,54,14,6
OAES_029,NEON.MAM.D11.O029H420151013,F,PEFV,6,106,55,15,6
OAES_029,NEON.MAM.D11.O029H620150915,M,PEFV,7,105,52,13,6
OAES_004,NEON.MAM.D11.R1019,M,CHHI,41,197,99,25,8
OAES_010,NEON.MAM.D11.R1055,M,PEMA,17,129,58,19,11
OAES_001,NEON.MAM.D11.R1058,M,PEMA,16,123,49,17,11
OAES_010,NEON.MAM.D11.R1078,M,PEMA,14,119,59,17,10
OAES_010,NEON.MAM.D11.R1082,M,PEMA,15,122,55,15,10
OAES_010,NEON.MAM.D11.R1161,M,REMO,9,126,59,15,11
OAES_010,NEON.MAM.D11.R1172,F,PEMA,20,135,67,18,13
OAES_003,NEON.MAM.D11.R1189,M,PELE,23,160,72,20,11
OAES_010,NEON.MAM.D11.R1326,F,PEMA,14,136,59,15,13
CLBJ_057,NEON.MAM.D11.R1419,F,PELE,25,175,96,22,18
OAES_003,NEON.MAM.D11.R1458,M,PELE,30,169,93,22,14
OAES_001,NEON.MAM.D11.R1498,M,REFU,14,151,85,19,13
CLBJ_042,NEON.MAM.D11.R1527,M,PELE,26,98,85,23,17
CLBJ_042,NEON.MAM.D11.R1528,M,PELE,23,172,90,24,18
CLBJ_042,NEON.MAM.D11.R1533,F,PELE,26,172,86,22,17
CLBJ_042,NEON.MAM.D11.R1534,M,PELE,27,159,87,21,16
CLBJ_042,NEON.MAM.D11.R1536,F,PELE,26,165,89,21,18
CLBJ_042,NEON.MAM.D11.R1538,M,PELE,23,173,88,22,18
CLBJ_057,NEON.MAM.D11.R1542,F,PELE,24,171,88,22,16
CLBJ_057,NEON.MAM.D11.R1543,F,PELE,20,161,82,23,19
CLBJ_057,NEON.MAM.D11.R1548,F,PELE,21,168,87,22,17
CLBJ_057,NEON.MAM.D11.R1556,F,PELE,21,172,92,23,17
CLBJ_042,NEON.MAM.D11.R1562,M,PELE,21,167,86,22,15
CLBJ_033,NEON.MAM.D11.R1577,F,PELE,30,185,98,22,16
CLBJ_042,NEON.MAM.D11.R1595,M,PEMA,20,144,69,20,13
CLBJ_034,NEON.MAM.D11.R1597,F,BATA,7,91,42,13,10
CLBJ_034,NEON.MAM.D11.R1599,F,BATA,11,95,18,12,10
OAES_001,NEON.MAM.D11.R1699,M,REFU,14,156,91,19,13
CLBJ_041,NEON.MAM.D11.R1700,M,BATA,7,97,37,14,10
CLBJ_041,NEON.MAM.D11.R1710,M,PEMA,25,155,75,20,17
CLBJ_039,NEON.MAM.D11.R1769,M,REFU,12,157,90,20,12
CLBJ_041,NEON.MAM.D11.R1779,M,REFU,9,152,82,20,12
CLBJ_042,NEON.MAM.D11.R1785,M,PELE,29,171,95,22,16
CLBJ_033,NEON.MAM.D11.R1876,M,PELE,22,167,89,22,19
CLBJ_042,NEON.MAM.D11.R1896,M,PELE,25,176,93,23,19
CLBJ_042,NEON.MAM.D11.R1897,M,PELE,24,175,92,22,17
CLBJ_042,NEON.MAM.D11.R1941,F,PELE,22,125,68,22,18
OAES_010,NEON.MAM.D11.R1965,M,REFU,13,160,93,20,13
CLBJ_042,NEON.MAM.D11.R1994,M,PEMA,25,178,96,22,18
CLBJ_033,NEON.MAM.D11.R1995,M,REFU,10,137,78,18,14
CLBJ_042,NEON.MAM.D11.R1997,M,PELE,22,160,93,22,16
CLBJ_042,NEON.MAM.D11.R2050,F,PELE,26,175,92,22,18
CLBJ_033,NEON.MAM.D11.R2078,M,PELE,26,177,93,23,17
CLBJ_033,NEON.MAM.D11.R2079,M,PELE,25,173,92,20,17
CLBJ_033,NEON.MAM.D11.R2080,M,PELE,27,174,93,22,16
CLBJ_033,NEON.MAM.D11.R2083,M,PELE,28,177,94,23,17
CLBJ_033,NEON.MAM.D11.R2084,F,PELE,29,190,97,21,15
CLBJ_033,NEON.MAM.D11.R2085,F,PELE,22,165,92,22,18
CLBJ_033,NEON.MAM.D11.R2087,F,PELE,22,178,98,23,18
CLBJ_042,NEON.MAM.D11.R2090,M,MIPI,27,105,18,14,10
CLBJ_042,NEON.MAM.D11.R2092,M,MIPI,29,118,20,15,11
CLBJ_033,NEON.MAM.D11.R2103,M,PELE,19,157,87,20,14
CLBJ_033,NEON.MAM.D11.R2131,M,REFU,9,144,89,15,13
CLBJ_033,NEON.MAM.D11.R2133,M,PELE,21,173,92,21,16
CLBJ_033,NEON.MAM.D11.R2139,F,PELE,22,170,96,21,17
CLBJ_057,NEON.MAM.D11.R2143,M,PEMA,25,172,98,22,17
CLBJ_042,NEON.MAM.D11.R2147,M,PEMA,16,133,67,18,15
CLBJ_057,NEON.MAM.D11.R2150,M,PELE,18,132,62,20,14
CLBJ_057,NEON.MAM.D11.R2151,F,PEMA,17,130,68,22,27
CLBJ_057,NEON.MAM.D11.R2152,M,PEMA,20,131,67,20,15
CLBJ_042,NEON.MAM.D11.R2160,M,PELE,27,205,101,22,17
CLBJ_042,NEON.MAM.D11.R2161,F,PEMA,19,167,165,18,15
CLBJ_042,NEON.MAM.D11.R2163,F,REFU,13,145,87,18,14
CLBJ_042,NEON.MAM.D11.R2175,M,PEMA,18,143,67,18,15
CLBJ_040,NEON.MAM.D11.R2177,M,PEMA,25,170,92,23,17
CLBJ_042,NEON.MAM.D11.R2179,M,PEMA,25,179,92,23,17
CLBJ_042,NEON.MAM.D11.R2180,M,REFU,10,140,80,19,15
CLBJ_033,NEON.MAM.D11.R2183,F,PELE,19,170,85,22,17
CLBJ_057,NEON.MAM.D11.R2186,M,PEMA,23,178,98,22,17
CLBJ_042,NEON.MAM.D11.R2193,F,PELE,17,133,61,17,14
CLBJ_033,NEON.MAM.D11.R2204,M,PELE,30,184,97,23,16
CLBJ_033,NEON.MAM.D11.R2216,M,PELE,27,186,98,23,19
CLBJ_033,NEON.MAM.D11.R2219,F,PELE,28,175,94,22,20
CLBJ_040,NEON.MAM.D11.R2319,F,PELE,21,148,74,20,15
CLBJ_041,NEON.MAM.D11.R2345,M,REFU,17,128,95,20,12
CLBJ_041,NEON.MAM.D11.R2346,M,PELE,20,158,72,20,14
CLBJ_057,NEON.MAM.D11.R2401,M,PELE,21,174,99,22,18
CLBJ_057,NEON.MAM.D11.R2402,M,PELE,23,170,96,23,19
CLBJ_037,NEON.MAM.D11.R2406,F,PELE,30,180,96,24,20
CLBJ_037,NEON.MAM.D11.R2408,F,PELE,21,170,97,20,20
CLBJ_041,NEON.MAM.D11.R2420,F,PELE,20,144,68,20,15
OAES_003,NEON.MAM.D11.R2443,M,PELE,24,151,79,20,15
CLBJ_041,NEON.MAM.D11.R2453,M,PELE,15,140,60,19,14
CLBJ_041,NEON.MAM.D11.R2458,M,PELE,21,168,88,22,16
CLBJ_041,NEON.MAM.D11.R2459,M,PELE,18,133,63,19,14
CLBJ_041,NEON.MAM.D11.R2461,M,REFU,12,162,92,20,14
CLBJ_040,NEON.MAM.D11.R2469,M,PELE,24,174,93,24,17
CLBJ_057,NEON.MAM.D11.R2665,F,PELE,20,153,78,20,15
CLBJ_057,NEON.MAM.D11.R2669,M,PELE,27,186,97,23,15
CLBJ_057,NEON.MAM.D11.R2672,M,PELE,23,175,93,23,16
CLBJ_033,NEON.MAM.D11.R2719,F,PELE,26,177,94,23,19
CLBJ_034,NEON.MAM.D11.R2727,F,PELE,16,137,65,20,14
CLBJ_034,NEON.MAM.D11.R2728,F,PEMA,24,149,73,18,14
CLBJ_057,NEON.MAM.D11.R2760,M,PELE,26,170,92,24,18
CLBJ_042,NEON.MAM.D11.R2768,M,PEMA,20,143,68,17,13
CLBJ_042,NEON.MAM.D11.R2771,F,PELE,25,174,91,23,17
CLBJ_057,NEON.MAM.D11.R2773,M,PELE,27,165,88,23,18
OAES_001,NEON.MAM.D11.R2858,M,REFU,16,170,90,20,11
CLBJ_037,NEON.MAM.D11.R2901,M,PELE,22,170,91,21,13
CLBJ_037,NEON.MAM.D11.R2904,F,PELE,21,150,86,20,15
OAES_007,NEON.MAM.D11.R2906,F,PEMA,16,135,61,18,13
OAES_007,NEON.MAM.D11.R2907,F,SIHI,81,223,97,30,16
OAES_001,NEON.MAM.D11.R2909,M,PEMA,19,128,59,19,11
CLBJ_041,NEON.MAM.D11.R2911,M,REFU,13,142,81,16,10
CLBJ_041,NEON.MAM.D11.R2912,M,PELE,18,141,71,20,13
CLBJ_041,NEON.MAM.D11.R2914,F,PELE,19,135,68,18,10
OAES_007,NEON.MAM.D11.R2928,M,PEMA,18,131,57,14,13
CLBJ_057,NEON.MAM.D11.R2929,F,PEMA,20,155,80,22,15
CLBJ_041,NEON.MAM.D11.R2930,M,REFU,14,150,80,20,10
CLBJ_034,NEON.MAM.D11.R2934,M,PELE,20,138,70,17,12
CLBJ_041,NEON.MAM.D11.R2938,M,PELE,16,126,60,19,12
CLBJ_042,NEON.MAM.D11.R2940,F,PELE,21,154,77,18,14
CLBJ_042,NEON.MAM.D11.R2941,F,PELE,22,155,87,24,19
CLBJ_034,NEON.MAM.D11.R2944,M,PELE,17,142,62,19,15
CLBJ_034,NEON.MAM.D11.R2945,M,SIHI,95,198,102,26,17
CLBJ_034,NEON.MAM.D11.R2946,M,PELE,16,128,57,19,17
CLBJ_037,NEON.MAM.D11.R2947,M,PEMA,16,137,66,20,13
OAES_007,NEON.MAM.D11.R2953,M,SIHI,104,201,100,27,13
CLBJ_042,NEON.MAM.D11.R2956,M,PELE,25,157,78,21,14
OAES_007,NEON.MAM.D11.R2957,M,REFU,11,175,90,18,14
OAES_007,NEON.MAM.D11.R2958,F,PELE,12,162,94,19,13
OAES_007,NEON.MAM.D11.R2959,M,PELE,14,173,93,20,12
CLBJ_042,NEON.MAM.D11.R2961,M,PELE,18,136,64,19,14
CLBJ_057,NEON.MAM.D11.R2971,F,PEAT,31,200,108,22,17
OAES_001,NEON.MAM.D11.R2979,M,PEMA,14,131,60,19,13
OAES_007,NEON.MAM.D11.R2980,M,REFU,13,173,90,19,11
OAES_007,NEON.MAM.D11.R2981,M,MIOC,31,117,18,18,12
OAES_002,NEON.MAM.D11.R3014,F,PELE,28,173,78,22,17
CLBJ_037,NEON.MAM.D11.R3135,M,PELE,24,174,93,24,16
CLBJ_042,NEON.MAM.D11.R3144,F,PELE,21,164,87,23,18
CLBJ_041,NEON.MAM.D11.R3147,M,REFU,14,163,91,19,10
CLBJ_057,NEON.MAM.D11.R3150,F,PELE,29,174,94,22,18
CLBJ_057,NEON.MAM.D11.R3151,U,PEMA,18,136,60,19,14
CLBJ_057,NEON.MAM.D11.R3153,M,PELE,21,171,90,23,16
CLBJ_033,NEON.MAM.D11.R3176,M,PEMA,19,134,58,16,13
OAES_001,NEON.MAM.D11.R3178,M,PEMA,14,127,55,16,13
CLBJ_041,NEON.MAM.D11.R3366,M,REFU,12,142,81,17,10
CLBJ_041,NEON.MAM.D11.R3371,M,PEMA,18,132,63,18,12
OAES_001,NEON.MAM.D11.R3404,M,PEMA,19,107,40,18,8
CLBJ_039,NEON.MAM.D11.R3411,M,PELE,24,173,90,23,16
CLBJ_041,NEON.MAM.D11.R3412,F,PELE,18,140,65,20,12
CLBJ_040,NEON.MAM.D11.R3418,M,PEMA,26,174,93,22,14
CLBJ_039,NEON.MAM.D11.R3426,M,REMO,20,142,63,19,11
CLBJ_033,NEON.MAM.D11.R3428,M,PELE,30,185,101,23,19
OAES_001,NEON.MAM.D11.R3429,F,PELE,15,139,82,20,11
CLBJ_042,NEON.MAM.D11.R3436,M,PELE,18,148,75,19,12
CLBJ_033,NEON.MAM.D11.R3445,M,NEFL,260,314,152,38,22
CLBJ_041,NEON.MAM.D11.R3447,M,REFU,13,142,76,17,10
OAES_001,NEON.MAM.D11.R3449,M,PEMA,16,124,49,18,12
CLBJ_040,NEON.MAM.D11.R3452,F,PEMA,25,179,105,20,13
OAES_001,NEON.MAM.D11.R3454,F,PEMA,14,107,44,17,7
CLBJ_042,NEON.MAM.D11.R3455,F,PELE,16,125,58,19,15
OAES_007,NEON.MAM.D11.R3460,M,PEMA,14,118,55,15,8
OAES_001,NEON.MAM.D11.R3461,F,PEMA,15,116,49,19,6
OAES_002,NEON.MAM.D11.R3467,M,PEMA,13,131,57,19,13
CLBJ_042,NEON.MAM.D11.R3470,M,PELE,25,174,97,22,17
CLBJ_057,NEON.MAM.D11.R3476,M,PEAT,24,182,89,23,15
OAES_001,NEON.MAM.D11.R3490,F,PEMA,14,117,52,14,12
CLBJ_039,NEON.MAM.D11.R3493,F,REFU,19,144,72,19,10
CLBJ_042,NEON.MAM.D11.R3497,F,PEAT,29,186,86,24,18
CLBJ_033,NEON.MAM.D11.R3500,M,PEMA,16,138,64,18,13
CLBJ_033,NEON.MAM.D11.R3505,M,SIHI,76,224,92,30,21
CLBJ_042,NEON.MAM.D11.R3513,M,PEMA,15,133,63,18,13
CLBJ_042,NEON.MAM.D11.R3515,M,PELE,22,173,89,23,15
CLBJ_042,NEON.MAM.D11.R3516,F,PELE,19,157,74,25,19
CLBJ_042,NEON.MAM.D11.R3517,F,PELE,24,172,87,22,15
CLBJ_042,NEON.MAM.D11.R3518,M,PELE,26,186,98,22,14
CLBJ_042,NEON.MAM.D11.R3520,M,PELE,22,163,89,24,18
CLBJ_033,NEON.MAM.D11.R3532,M,PELE,14,134,59,19,15
CLBJ_033,NEON.MAM.D11.R3534,F,PELE,24,175,95,22,17
CLBJ_033,NEON.MAM.D11.R3537,M,PEMA,16,133,59,18,15
CLBJ_033,NEON.MAM.D11.R3538,M,PEMA,18,137,60,20,14
CLBJ_039,NEON.MAM.D11.R3544,F,PEMA,20,143,71,17,12
OAES_004,NEON.MAM.D11.R3553,M,PELE,21,144,65,19,13
OAES_002,NEON.MAM.D11.R3555,F,PELE,24,151,71,18,12
CLBJ_033,NEON.MAM.D11.R3560,F,PEAT,23,175,90,23,15
CLBJ_033,NEON.MAM.D11.R3561,F,PELE,14,134,57,19,14
CLBJ_033,NEON.MAM.D11.R3563,F,PELE,20,148,65,20,12
CLBJ_033,NEON.MAM.D11.R3564,M,PELE,19,146,66,19,14
CLBJ_033,NEON.MAM.D11.R3565,F,PELE,18,137,65,18,13
CLBJ_033,NEON.MAM.D11.R3566,M,PELE,22,163,84,23,16
CLBJ_033,NEON.MAM.D11.R3571,F,PEAT,29,173,94,23,12
CLBJ_033,NEON.MAM.D11.R3573,F,PELE,19,158,80,22,18
CLBJ_033,NEON.MAM.D11.R3574,M,PELE,18,139,70,18,14
OAES_001,NEON.MAM.D11.R3579,F,PEMA,14,117,54,16,10
OAES_007,NEON.MAM.D11.R3588,M,PEMA,17,126,55,17,11
CLBJ_042,NEON.MAM.D11.R3589,F,PEAT,23,176,93,24,17
CLBJ_034,NEON.MAM.D11.R3590,F,PELE,22,168,87,21,15
OAES_002,NEON.MAM.D11.R3596,M,PEMA,16,119,49,16,11
CLBJ_041,NEON.MAM.D11.R3604,M,PELE,20,153,72,21,15
OAES_002,NEON.MAM.D11.R3607,M,SIHI,42,205,81,29,16
CLBJ_039,NEON.MAM.D11.R3611,M,REFU,14,163,92,20,11
CLBJ_041,NEON.MAM.D11.R3617,F,PELE,25,157,75,20,15
OAES_002,NEON.MAM.D11.R3619,M,PELE,14,155,90,19,15
CLBJ_039,NEON.MAM.D11.R3620,F,PEAT,19,178,93,23,18
OAES_007,NEON.MAM.D11.R3623,M,REMO,8,119,59,16,9
OAES_001,NEON.MAM.D11.R3625,F,PEMA,14,134,62,19,13
OAES_002,NEON.MAM.D11.R3626,F,PEMA,17,130,61,19,13
OAES_002,NEON.MAM.D11.R3627,F,PEMA,21,140,59,20,14
OAES_002,NEON.MAM.D11.R3630,F,SIHI,103,229,88,28,15
OAES_001,NEON.MAM.D11.R3635,F,PEMA,14,122,48,18,12
CLBJ_042,NEON.MAM.D11.R3638,M,PEAT,25,186,91,23,15
OAES_001,NEON.MAM.D11.R3640,M,PEMA,15,110,50,17,7
CLBJ_039,NEON.MAM.D11.R3641,M,REFU,14,158,95,20,12
CLBJ_041,NEON.MAM.D11.R3644,F,PELE,19,140,68,21,14
CLBJ_041,NEON.MAM.D11.R3646,M,PELE,16,137,65,20,14
OAES_007,NEON.MAM.D11.R3648,F,SIHI,98,239,112,30,17
CLBJ_039,NEON.MAM.D11.R3650,F,SIHI,127,245,101,28,17
OAES_002,NEON.MAM.D11.R3651,M,SIHI,120,244,102,28,15
CLBJ_042,NEON.MAM.D11.R3655,M,PELE,24,151,67,21,14
CLBJ_033,NEON.MAM.D11.R3658,F,PELE,17,145,71,20,16
OAES_002,NEON.MAM.D11.R3659,M,REFU,14,160,90,20,12
CLBJ_042,NEON.MAM.D11.R3660,M,PELE,20,142,70,20,14
OAES_001,NEON.MAM.D11.R3661,M,PEMA,17,135,59,20,13
CLBJ_040,NEON.MAM.D11.R3667,M,PEAT,26,188,94,23,16
OAES_001,NEON.MAM.D11.R3668,F,PEMA,16,118,59,17,8
CLBJ_057,NEON.MAM.D11.R3669,F,PELE,32,184,100,22,15
OAES_002,NEON.MAM.D11.R3670,M,SIHI,140,255,109,29,18
CLBJ_039,NEON.MAM.D11.R3673,F,REFU,17,167,102,20,14
CLBJ_040,NEON.MAM.D11.R3679,M,PEAT,22,161,87,23,17
CLBJ_042,NEON.MAM.D11.R3682,M,PEAT,27,192,99,24,18
OAES_001,NEON.MAM.D11.R3683,F,PEMA,16,125,52,18,10
OAES_002,NEON.MAM.D11.R3685,M,PEMA,16,126,52,18,13
OAES_007,NEON.MAM.D11.R3693,M,PELE,14,154,89,19,11
CLBJ_042,NEON.MAM.D11.R3696,M,PELE,22,148,70,19,13
OAES_002,NEON.MAM.D11.R3699,M,PELE,11,168,100,20,16
OAES_002,NEON.MAM.D11.R3701,F,PEMA,13,114,54,17,8
CLBJ_040,NEON.MAM.D11.R3702,F,PELE,18,130,84,21,13
OAES_003,NEON.MAM.D11.R3705,F,PELE,17,132,69,18,9
CLBJ_041,NEON.MAM.D11.R3707,F,PELE,15,126,56,17,12
CLBJ_037,NEON.MAM.D11.R3718,F,PELE,21,166,93,21,14
OAES_003,NEON.MAM.D11.R3721,M,PELE,22,154,72,20,12
CLBJ_041,NEON.MAM.D11.R3723,M,PEMA,23,153,72,17,13
OAES_004,NEON.MAM.D11.R3725,F,PEMA,17,130,60,18,11
OAES_007,NEON.MAM.D11.R3726,M,PEMA,14,118,52,11,12
OAES_001,NEON.MAM.D11.R3730,F,PEMA,18,145,61,18,15
OAES_001,NEON.MAM.D11.R3735,F,PEMA,14,116,52,16,10
CLBJ_057,NEON.MAM.D11.R3736,F,PELE,23,170,88,22,14
CLBJ_042,NEON.MAM.D11.R3738,M,PELE,26,105,88,20,14
CLBJ_057,NEON.MAM.D11.R3750,M,PELE,25,171,91,21,13
OAES_007,NEON.MAM.D11.R3751,M,PEMA,20,118,54,16,10
OAES_003,NEON.MAM.D11.R3753,M,PELE,25,165,80,22,16
CLBJ_042,NEON.MAM.D11.R3756,F,REFU,10,138,81,18,11
CLBJ_042,NEON.MAM.D11.R3757,M,PELE,20,142,62,20,14
OAES_029,NEON.MAM.D11.R3759,M,PEMA,16,124,52,17,12
CLBJ_033,NEON.MAM.D11.R3760,M,REFU,10,129,75,18,10
CLBJ_042,NEON.MAM.D11.R3763,F,PELE,31,198,109,24,18
OAES_001,NEON.MAM.D11.R3764,M,PEMA,18,149,66,19,13
CLBJ_033,NEON.MAM.D11.R3765,M,PELE,18,144,71,19,14
CLBJ_034,NEON.MAM.D11.R3766,M,PELE,25,151,86,20,15
CLBJ_042,NEON.MAM.D11.R3768,F,PELE,25,175,94,21,17
CLBJ_040,NEON.MAM.D11.R3769,M,PEMA,29,184,98,21,15
CLBJ_033,NEON.MAM.D11.R3770,F,PELE,16,128,59,18,10
OAES_003,NEON.MAM.D11.R3771,M,PEMA,20,138,69,19,11
OAES_001,NEON.MAM.D11.R3773,F,PEMA,13,116,52,17,9
CLBJ_033,NEON.MAM.D11.R3774,M,PELE,18,140,66,19,14
CLBJ_042,NEON.MAM.D11.R3775,F,PELE,23,164,86,21,16
CLBJ_041,NEON.MAM.D11.R3779,M,PEMA,15,124,60,16,10
CLBJ_042,NEON.MAM.D11.R3783,F,REMO,9,117,71,13,9
OAES_029,NEON.MAM.D11.R3785,M,PEMA,17,136,61,19,13
OAES_001,NEON.MAM.D11.R3787,M,PEMA,20,132,60,18,11
OAES_007,NEON.MAM.D11.R3788,M,PEMA,14,114,50,14,11
OAES_001,NEON.MAM.D11.R3789,M,PEMA,14,139,57,18,13
OAES_001,NEON.MAM.D11.R3790,F,PEMA,17,123,52,19,13
OAES_001,NEON.MAM.D11.R3791,M,PEMA,18,128,58,19,12
OAES_002,NEON.MAM.D11.R3792,F,PELE,22,153,72,18,12
OAES_029,NEON.MAM.D11.R3793,M,PEMA,19,122,62,17,10
OAES_003,NEON.MAM.D11.R3795,F,PELE,21,145,79,19,12
OAES_029,NEON.MAM.D11.R3797,M,REFU,11,148,85,19,13
OAES_007,NEON.MAM.D11.R3799,F,SIHI,162,254,112,30,9
CLBJ_042,NEON.MAM.D11.R3810,M,PELE,30,181,97,24,20
CLBJ_041,NEON.MAM.D11.R3826,M,REFU,12,140,85,16,11
CLBJ_040,NEON.MAM.D11.R3841,M,PELE,29,170,95,20,12
OAES_003,NEON.MAM.D11.R3843,F,PELE,27,156,82,21,15
OAES_003,NEON.MAM.D11.R3844,M,PELE,24,173,83,22,16
OAES_003,NEON.MAM.D11.R3847,M,PELE,20,139,67,16,12
OAES_003,NEON.MAM.D11.R3869,F,PELE,20,137,67,19,9
CLBJ_042,NEON.MAM.D11.R3884,F,PELE,21,147,70,21,14
OAES_001,NEON.MAM.D11.R3900,M,PEMA,16,138,54,19,11
OAES_002,NEON.MAM.D11.R3901,M,PELE,19,146,71,21,15
OAES_001,NEON.MAM.D11.R3908,F,PEMA,13,128,64,18,11
CLBJ_041,NEON.MAM.D11.R3910,M,PELE,21,143,70,20,10
CLBJ_041,NEON.MAM.D11.R3919,M,PELE,16,142,65,20,15
CLBJ_041,NEON.MAM.D11.R3920,M,PELE,21,148,72,19,14
CLBJ_041,NEON.MAM.D11.R3921,M,PELE,27,138,51,19,12
OAES_029,NEON.MAM.D11.R3923,M,PEMA,16,121,54,16,9
OAES_003,NEON.MAM.D11.R3926,M,PELE,21,157,75,21,16
CLBJ_041,NEON.MAM.D11.R3927,M,PELE,19,142,71,20,12
CLBJ_033,NEON.MAM.D11.R3929,F,PELE,14,148,72,20,16
OAES_029,NEON.MAM.D11.R3935,M,REMO,7,97,55,15,11
OAES_003,NEON.MAM.D11.R3938,F,PEMA,24,169,86,22,16
OAES_029,NEON.MAM.D11.R3940,M,MIOC,34,105,34,18,13
CLBJ_040,NEON.MAM.D11.R3945,M,PEAT,22,177,96,22,12
OAES_002,NEON.MAM.D11.R3948,M,PEMA,14,119,56,15,10
CLBJ_042,NEON.MAM.D11.R3949,M,PELE,17,140,64,19,15
CLBJ_033,NEON.MAM.D11.R3950,F,PELE,19,161,77,20,14
OAES_001,NEON.MAM.D11.R3951,M,PEMA,14,125,48,18,12
CLBJ_033,NEON.MAM.D11.R3954,F,PELE,16,137,64,20,14
OAES_003,NEON.MAM.D11.R3955,F,PELE,20,150,78,22,15
CLBJ_042,NEON.MAM.D11.R3959,M,PELE,16,133,57,20,12
OAES_002,NEON.MAM.D11.R3961,F,PEMA,20,140,59,20,14
OAES_003,NEON.MAM.D11.R3970,M,PELE,18,142,71,21,15
OAES_029,NEON.MAM.D11.R3971,M,PEMA,16,139,63,20,13
OAES_029,NEON.MAM.D11.R3973,M,PEMA,17,132,54,19,12
OAES_001,NEON.MAM.D11.R3975,M,PEMA,18,123,48,19,12
OAES_001,NEON.MAM.D11.R3977,M,ONLE,43,137,44,21,14
OAES_002,NEON.MAM.D11.R3982,M,SIHI,95,228,96,29,15
OAES_002,NEON.MAM.D11.R3984,M,REFU,10,109,50,15,10
OAES_001,NEON.MAM.D11.R3986,M,PEMA,15,132,57,19,15
CLBJ_042,NEON.MAM.D11.R3987,F,PELE,22,157,75,20,15
CLBJ_033,NEON.MAM.D11.R3989,M,PELE,21,142,70,19,14
CLBJ_033,NEON.MAM.D11.R3992,M,PELE,19,146,74,20,14
CLBJ_042,NEON.MAM.D11.R3993,M,PEAT,27,178,94,24,15
CLBJ_042,NEON.MAM.D11.R3994,F,PELE,23,160,79,21,16
CLBJ_042,NEON.MAM.D11.R3996,M,PEAT,27,188,98,24,18
CLBJ_042,NEON.MAM.D11.R3997,M,PEAT,24,181,92,23,17
OAES_002,NEON.MAM.D11.R4000,F,REFU,16,161,94,20,11
OAES_002,NEON.MAM.D11.R4032,M,PELE,17,127,63,18,12
OAES_002,NEON.MAM.D11.R4035,F,REFU,12,119,54,18,10
CLBJ_033,NEON.MAM.D11.R4050,F,MIPI,21,111,21,17,11
CLBJ_042,NEON.MAM.D11.R4071,F,PELE,18,156,76,22,16
CLBJ_033,NEON.MAM.D11.R4101,M,PEAT,31,190,103,24,15
CLBJ_033,NEON.MAM.D11.R4102,M,PELE,18,144,71,20,14
CLBJ_033,NEON.MAM.D11.R4103,F,PELE,17,134,65,20,11
CLBJ_042,NEON.MAM.D11.R4105,M,PELE,20,148,68,19,14
CLBJ_042,NEON.MAM.D11.R4106,M,PEAT,28,173,92,24,18
CLBJ_041,NEON.MAM.D11.R4120,F,PELE,17,141,69,20,14
CLBJ_041,NEON.MAM.D11.R4121,M,PELE,17,136,65,20,14
CLBJ_041,NEON.MAM.D11.R4122,M,PELE,20,141,75,21,8
OAES_007,NEON.MAM.D11.R4177,F,SIHI,157,243,101,32,15
CLBJ_037,NEON.MAM.D11.R4201,M,PEAT,24,171,95,24,19
CLBJ_041,NEON.MAM.D11.R4204,M,PELE,21,150,78,20,15
OAES_001,NEON.MAM.D11.R4209,M,PEMA,16,132,58,20,12
CLBJ_040,NEON.MAM.D11.R4229,M,PEAT,28,183,99,22,15
CLBJ_040,NEON.MAM.D11.R4277,F,PEAT,20,171,94,24,16
CLBJ_034,NEON.MAM.D11.R4278,M,PEAT,24,174,98,23,18
OAES_002,NEON.MAM.D11.R4285,F,REFU,19,152,89,19,12
YELL_023,NEON.MAM.D12.065106,M,NEAM,54,196,97,31,16
YELL_023,NEON.MAM.D12.921809,M,NEMN,53,193,96,30,14
YELL_023,NEON.MAM.D12.L0204,M,NEMN,52,180,78,31,15
YELL_023,NEON.MAM.D12.L0205,F,NEMN,60,190,98,30,15
YELL_020,NEON.MAM.D12.L0231,M,NEAM,42,195,89,32,18
YELL_020,NEON.MAM.D12.L0232,M,PEMA,25,147,68,19,17
YELL_001,NEON.MAM.D12.L0246,F,NEAM,52,178,106,29,14
YELL_031,NEON.MAM.D12.L0307,F,MIMO,35,137,35,20,10
YELL_001,NEON.MAM.D12.L0320,F,NEMN,49,148,110,29,15
YELL_020,NEON.MAM.D12.L0347,M,NEMN,47,187,97,29,14
YELL_020,NEON.MAM.D12.L0348,M,NEMN,54,197,98,30,16
YELL_023,NEON.MAM.D12.L0367,M,NEMN,54,182,90,30,13
YELL_023,NEON.MAM.D12.L0369,M,NEMN,45,179,84,29,15
YELL_023,NEON.MAM.D12.L0377,F,NEAM,56,195,92,27,18
YELL_023,NEON.MAM.D12.L0395,F,NEMN,58,201,95,29,17
YELL_031,NEON.MAM.D12.L0447,F,PEMA,20,140,78,19,15
YELL_023,NEON.MAM.D12.L0508,M,PEMA,21,152,77,19,17
YELL_023,NEON.MAM.D12.L0511,F,NEMN,65,190,85,30,18
YELL_023,NEON.MAM.D12.L0513,F,NEAM,67,185,93,29,13
YELL_023,NEON.MAM.D12.L0561,M,NEMN,39,175,87,30,14
YELL_031,NEON.MAM.D12.L0801,M,MIMO,30,120,35,16,14
YELL_023,NEON.MAM.D12.L0813,M,NEMN,51,183,83,28,16
YELL_023,NEON.MAM.D12.L0822,F,NEMN,53,176,92,30,16
YELL_020,NEON.MAM.D12.L0847,F,NEMN,55,199,95,26,15
YELL_023,NEON.MAM.D12.L0966,M,NEAM,55,198,105,34,16
YELL_031,NEON.MAM.D12.L0982,M,ZAPR,27,222,130,30,14
YELL_020,NEON.MAM.D12.O020D1020190806,F,MIMO,29,121,31,17,15
YELL_020,NEON.MAM.D12.O020I1020190708,F,NEAM,55,159,111,29,18
YELL_020,NEON.MAM.D12.O020J1020180907,M,NEAM,55,196,97,30,15
YELL_023,NEON.MAM.D12.O023E120230906,U,SOMO,4,112,49,12,7
YELL_023,NEON.MAM.D12.O023F120190809,U,SOMO,6,105,45,12,6
YELL_023,NEON.MAM.D12.O023G420210916,F,NEMN,53,181,77,26,13
YELL_023,NEON.MAM.D12.O023H120210818,F,NEMN,57,183,85,27,11
YELL_023,NEON.MAM.D12.O023J1020210714,M,NEMN,48,182,105,29,15
YELL_031,NEON.MAM.D12.O031J520230907,U,SOMO,4,85,42,11,8
YELL_032,NEON.MAM.D12.O032F720230908,U,SOCI,4,92,44,11,4
YELL_032,NEON.MAM.D12.O032G920230808,M,SOMO,5,102,47,11,8
YELL_032,NEON.MAM.D12.O032H920230908,U,SOMO,4,101,45,12,6
YELL_001,NEON.MAM.D12.R0004,F,NEAM,60,95,110,30,15
YELL_020,NEON.MAM.D12.R0023,M,NEAM,50,194,100,30,16
YELL_020,NEON.MAM.D12.R0024,M,NEMN,44,174,89,29,14
YELL_020,NEON.MAM.D12.R0025,F,NEAM,51,196,99,30,16
YELL_031,NEON.MAM.D12.R0037,M,PEMA,20,150,79,20,16
YELL_031,NEON.MAM.D12.R0039,M,MIMO,39,135,42,18,11
YELL_023,NEON.MAM.D12.R0050,M,NEMN,44,181,92,31,15
YELL_023,NEON.MAM.D12.R0051,F,NEMN,43,183,94,30,13
YELL_023,NEON.MAM.D12.R0052,M,NEMN,49,176,90,30,14
YELL_023,NEON.MAM.D12.R0053,F,NEMN,46,188,96,30,14
YELL_023,NEON.MAM.D12.R0056,M,NEMN,41,192,95,28,17
YELL_023,NEON.MAM.D12.R0059,F,NEMN,52,186,92,31,16
YELL_023,NEON.MAM.D12.R0062,M,NEAM,52,200,102,30,17
YELL_023,NEON.MAM.D12.R0068,F,MIPE,30,132,40,18,12
YELL_023,NEON.MAM.D12.R0075,F,NEMN,43,191,100,29,15
YELL_023,NEON.MAM.D12.R0076,M,NEMN,42,187,95,30,14
YELL_001,NEON.MAM.D12.R0080,F,NEMN,53,185,93,30,14
YELL_001,NEON.MAM.D12.R0081,M,NEMN,53,185,91,31,16
YELL_001,NEON.MAM.D12.R0093,M,PEMA,17,136,69,19,14
YELL_023,NEON.MAM.D12.R0105,M,NEMN,56,192,94,29,9
YELL_023,NEON.MAM.D12.R0106,M,NEAM,53,179,58,29,13
YELL_023,NEON.MAM.D12.R0109,F,NEMN,68,184,92,30,15
YELL_023,NEON.MAM.D12.R0119,F,NEMN,77,191,98,30,15
YELL_023,NEON.MAM.D12.R0121,F,NEMN,54,189,89,28,15
YELL_023,NEON.MAM.D12.R0123,F,NEMN,56,187,88,29,14
YELL_023,NEON.MAM.D12.R0124,F,NEMN,57,191,90,30,15
YELL_031,NEON.MAM.D12.R0146,F,MIPE,34,135,38,20,13
YELL_001,NEON.MAM.D12.R0150,F,NEAM,58,207,95,32,17
YELL_020,NEON.MAM.D12.R0159,F,NEAM,55,209,95,32,18
YELL_020,NEON.MAM.D12.R0165,F,NEAM,42,182,88,31,16
YELL_020,NEON.MAM.D12.R0166,M,NEAM,53,188,92,30,18
YELL_020,NEON.MAM.D12.R0168,M,NEAM,46,192,96,30,16
YELL_020,NEON.MAM.D12.R0169,M,NEAM,46,191,97,29,15
YELL_031,NEON.MAM.D12.R0175,M,PEMA,22,157,76,20,16
YELL_031,NEON.MAM.D12.R0189,M,PEMA,22,158,76,20,16
YELL_031,NEON.MAM.D12.R0193,F,MIPE,34,124,30,18,12
YELL_032,NEON.MAM.D12.R0200,F,PEMA,19,135,65,18,16
YELL_031,NEON.MAM.D12.R0201,F,ZAPR,22,204,132,30,10
YELL_031,NEON.MAM.D12.R0202,F,PEMA,17,140,79,19,14
YELL_023,NEON.MAM.D12.R0203,M,NEMN,53,181,80,31,15
YELL_011,NEON.MAM.D12.R0206,M,PEMA,13,130,59,19,14
YELL_032,NEON.MAM.D12.R0212,F,MIPE,35,142,45,19,9
YELL_001,NEON.MAM.D12.R0218,M,PEMA,19,148,75,19,14
YELL_001,NEON.MAM.D12.R0221,F,PEMA,26,155,69,20,18
YELL_011,NEON.MAM.D12.R0222,M,PEMA,13,131,60,19,14
YELL_032,NEON.MAM.D12.R0224,F,PEMA,23,145,65,18,15
YELL_001,NEON.MAM.D12.R0225,F,PEMA,24,143,62,18,16
YELL_023,NEON.MAM.D12.R0227,M,PEMA,20,149,66,20,16
YELL_020,NEON.MAM.D12.R0229,M,PEMA,20,149,71,21,15
YELL_011,NEON.MAM.D12.R0235,M,PEMA,19,145,72,20,16
YELL_023,NEON.MAM.D12.R0239,M,PEMA,14,135,66,18,13
YELL_020,NEON.MAM.D12.R0240,M,NEMN,49,176,85,26,14
YELL_001,NEON.MAM.D12.R0242,M,NEMN,46,181,93,28,14
YELL_001,NEON.MAM.D12.R0243,M,NEMN,50,184,94,28,14
YELL_031,NEON.MAM.D12.R0247,M,ZAPR,22,218,138,29,13
YELL_031,NEON.MAM.D12.R0248,M,PEMA,22,147,68,20,16
YELL_001,NEON.MAM.D12.R0249,M,NEMN,50,180,93,30,14
YELL_023,NEON.MAM.D12.R0253,F,NEMN,47,179,92,30,14
YELL_001,NEON.MAM.D12.R0260,F,PEMA,14,135,63,16,14
YELL_001,NEON.MAM.D12.R0267,F,PEMA,15,141,69,19,15
YELL_011,NEON.MAM.D12.R0268,F,PEMA,11,124,62,16,16
YELL_023,NEON.MAM.D12.R0272,F,NEMN,64,187,83,32,13
YELL_001,NEON.MAM.D12.R0274,F,MIPE,24,121,33,18,13
YELL_001,NEON.MAM.D12.R0275,M,PEMA,18,144,70,20,14
YELL_011,NEON.MAM.D12.R0277,M,PEMA,15,133,58,19,13
YELL_001,NEON.MAM.D12.R0280,F,NEMN,50,193,101,31,15
YELL_001,NEON.MAM.D12.R0284,M,PEMA,16,141,74,19,15
YELL_031,NEON.MAM.D12.R0288,F,ZAPR,19,214,132,30,12
YELL_001,NEON.MAM.D12.R0290,M,PEMA,16,150,75,20,12
YELL_011,NEON.MAM.D12.R0296,F,PEMA,13,131,61,18,14
YELL_031,NEON.MAM.D12.R0299,F,PEMA,28,153,74,20,16
YELL_023,NEON.MAM.D12.R0300,F,PEMA,17,140,66,19,15
YELL_023,NEON.MAM.D12.R0303,F,NEMN,49,181,90,30,15
YELL_023,NEON.MAM.D12.R0304,M,PEMA,18,131,59,17,14
YELL_011,NEON.MAM.D12.R0308,M,PEMA,22,146,66,20,17
YELL_031,NEON.MAM.D12.R0310,F,MIPE,20,118,32,17,12
YELL_031,NEON.MAM.D12.R0311,F,MIPE,41,100,35,20,9
YELL_001,NEON.MAM.D12.R0317,F,PEMA,24,165,81,22,18
YELL_020,NEON.MAM.D12.R0319,F,NEMN,46,181,88,31,16
YELL_031,NEON.MAM.D12.R0327,M,PEMA,14,141,68,19,16
YELL_031,NEON.MAM.D12.R0330,M,PEMA,14,134,60,19,16
YELL_023,NEON.MAM.D12.R0332,M,NEMN,47,171,105,31,14
YELL_023,NEON.MAM.D12.R0335,M,NEMN,43,175,87,29,14
YELL_023,NEON.MAM.D12.R0340,F,PEMA,14,140,66,19,16
YELL_023,NEON.MAM.D12.R0342,M,NEAM,49,194,98,19,18
YELL_023,NEON.MAM.D12.R0344,M,PEMA,18,146,70,20,16
YELL_023,NEON.MAM.D12.R0345,M,PEMA,14,132,59,20,13
YELL_020,NEON.MAM.D12.R0350,F,MYGA,22,125,42,19,15
YELL_020,NEON.MAM.D12.R0353,M,NEMN,50,183,87,29,16
YELL_020,NEON.MAM.D12.R0356,M,NEMN,37,172,83,31,14
YELL_023,NEON.MAM.D12.R0368,M,NEMN,50,179,91,30,14
YELL_020,NEON.MAM.D12.R0370,F,NEAM,57,194,89,28,17
YELL_031,NEON.MAM.D12.R0373,M,PEMA,15,137,65,19,12
YELL_031,NEON.MAM.D12.R0374,F,PEMA,15,135,63,19,14
YELL_023,NEON.MAM.D12.R0375,F,NEMN,55,188,89,28,14
YELL_020,NEON.MAM.D12.R0376,M,PEMA,22,150,72,18,17
YELL_020,NEON.MAM.D12.R0379,M,PEMA,15,147,74,18,16
YELL_023,NEON.MAM.D12.R0386,M,PEMA,47,181,75,24,17
YELL_023,NEON.MAM.D12.R0389,M,NEAM,51,180,81,31,16
YELL_020,NEON.MAM.D12.R0391,F,NEMN,51,182,91,29,14
YELL_020,NEON.MAM.D12.R0392,F,PEMA,21,151,72,18,16
YELL_020,NEON.MAM.D12.R0394,F,NEMN,56,196,90,30,16
YELL_011,NEON.MAM.D12.R0397,F,PEMA,16,137,66,20,16
YELL_072,NEON.MAM.D12.R0399,F,PEMA,14,135,67,16,18
YELL_031,NEON.MAM.D12.R0404,M,PEMA,17,135,61,18,15
YELL_023,NEON.MAM.D12.R0406,M,PEMA,15,140,68,19,15
YELL_031,NEON.MAM.D12.R0407,F,PEMA,14,132,66,18,13
YELL_031,NEON.MAM.D12.R0409,M,PEMA,13,134,61,19,15
YELL_020,NEON.MAM.D12.R0411,M,NEMN,56,188,89,27,14
YELL_020,NEON.MAM.D12.R0412,M,NEMN,47,188,95,29,14
YELL_020,NEON.MAM.D12.R0417,M,NEMN,49,189,95,21,13
YELL_023,NEON.MAM.D12.R0418,M,NEMN,46,181,74,32,14
YELL_023,NEON.MAM.D12.R0419,U,PEMA,15,142,64,21,15
YELL_023,NEON.MAM.D12.R0420,F,PEMA,20,138,65,18,17
YELL_023,NEON.MAM.D12.R0421,F,NEMN,54,185,86,29,14
YELL_031,NEON.MAM.D12.R0428,F,PEMA,13,131,58,20,14
YELL_011,NEON.MAM.D12.R0430,F,PEMA,20,141,69,19,15
YELL_032,NEON.MAM.D12.R0432,M,PEMA,22,148,72,18,16
YELL_032,NEON.MAM.D12.R0433,M,PEMA,22,136,54,19,16
YELL_011,NEON.MAM.D12.R0436,M,PEMA,19,151,68,21,17
YELL_032,NEON.MAM.D12.R0437,F,PEMA,16,133,68,19,17
YELL_011,NEON.MAM.D12.R0438,M,PEMA,17,138,66,18,14
YELL_072,NEON.MAM.D12.R0439,M,PEMA,14,145,68,20,16
YELL_031,NEON.MAM.D12.R0440,M,PEMA,20,142,71,19,15
YELL_032,NEON.MAM.D12.R0442,F,PEMA,25,152,71,19,14
YELL_011,NEON.MAM.D12.R0443,M,PEMA,17,140,68,19,15
YELL_011,NEON.MAM.D12.R0445,F,PEMA,20,148,66,19,14
YELL_032,NEON.MAM.D12.R0448,F,PEMA,24,146,68,19,16
YELL_031,NEON.MAM.D12.R0452,F,PEMA,18,149,73,20,16
YELL_032,NEON.MAM.D12.R0454,M,PEMA,22,143,66,19,16
YELL_032,NEON.MAM.D12.R0455,M,PEMA,20,142,63,20,16
YELL_023,NEON.MAM.D12.R0456,M,NEAM,55,207,96,35,17
YELL_023,NEON.MAM.D12.R0457,F,NEMN,56,187,91,30,14
YELL_023,NEON.MAM.D12.R0458,F,NEMN,52,186,90,29,16
YELL_023,NEON.MAM.D12.R0459,M,ZAPR,22,209,126,29,12
YELL_031,NEON.MAM.D12.R0461,F,ZAPR,26,219,128,31,13
YELL_031,NEON.MAM.D12.R0464,M,ZAPR,26,219,142,31,14
YELL_031,NEON.MAM.D12.R0466,F,ZAPR,24,217,132,28,13
YELL_023,NEON.MAM.D12.R0467,M,NEAM,47,185,85,31,19
YELL_023,NEON.MAM.D12.R0470,M,NEAM,46,180,84,30,16
YELL_031,NEON.MAM.D12.R0472,F,PEMA,22,153,72,20,16
YELL_032,NEON.MAM.D12.R0473,F,PEMA,12,128,58,20,14
YELL_031,NEON.MAM.D12.R0478,F,NEMN,41,180,91,28,14
YELL_032,NEON.MAM.D12.R0493,F,PEMA,22,143,66,18,16
YELL_032,NEON.MAM.D12.R0496,F,PEMA,14,133,61,21,14
YELL_072,NEON.MAM.D12.R0501,M,PEMA,19,142,70,18,16
YELL_032,NEON.MAM.D12.R0502,U,PEMA,12,130,64,18,13
YELL_023,NEON.MAM.D12.R0504,M,NEMN,52,184,89,30,15
YELL_023,NEON.MAM.D12.R0505,M,PEMA,23,145,70,21,15
YELL_023,NEON.MAM.D12.R0506,M,NEMN,47,181,84,29,15
YELL_023,NEON.MAM.D12.R0510,F,NEMN,52,181,87,31,15
YELL_031,NEON.MAM.D12.R0521,F,ZAPR,24,207,133,30,11
YELL_032,NEON.MAM.D12.R0526,F,PEMA,14,142,65,19,16
YELL_031,NEON.MAM.D12.R0527,F,PEMA,13,129,59,18,16
YELL_032,NEON.MAM.D12.R0533,F,PEMA,10,128,65,16,14
YELL_032,NEON.MAM.D12.R0547,M,PEMA,16,140,70,18,14
YELL_023,NEON.MAM.D12.R0552,M,PEMA,25,154,72,20,16
YELL_023,NEON.MAM.D12.R0553,M,NEMN,46,180,92,30,15
YELL_031,NEON.MAM.D12.R0578,M,PEMA,14,134,70,19,14
YELL_031,NEON.MAM.D12.R0581,M,PEMA,13,131,65,19,17
YELL_023,NEON.MAM.D12.R0582,F,NEMN,58,191,92,29,15
YELL_031,NEON.MAM.D12.R0588,M,PEMA,14,132,70,18,15
YELL_031,NEON.MAM.D12.R0591,M,PEMA,11,118,59,19,17
YELL_031,NEON.MAM.D12.R0594,M,PEMA,17,148,75,19,16
YELL_031,NEON.MAM.D12.R0595,M,PEMA,15,134,61,19,16
YELL_023,NEON.MAM.D12.R0597,M,NEAM,50,185,89,27,18
YELL_023,NEON.MAM.D12.R0625,M,NEAM,48,183,84,29,16
YELL_072,NEON.MAM.D12.R0630,F,ZAPR,19,159,15,31,15
YELL_031,NEON.MAM.D12.R0633,F,MIMO,30,103,41,19,8
YELL_020,NEON.MAM.D12.R0634,F,NEAM,57,205,102,28,17
YELL_020,NEON.MAM.D12.R0636,F,NEMN,55,191,94,31,15
YELL_032,NEON.MAM.D12.R0649,M,PEMA,23,138,64,20,17
YELL_023,NEON.MAM.D12.R0656,F,URAR,239,225,82,40,11
YELL_023,NEON.MAM.D12.R0662,F,MIMO,38,106,30,17,9
YELL_032,NEON.MAM.D12.R0665,M,NEMN,46,180,91,29,17
YELL_032,NEON.MAM.D12.R0666,F,MIMO,48,165,49,18,13
YELL_023,NEON.MAM.D12.R0670,F,ZAPR,35,215,137,30,12
YELL_023,NEON.MAM.D12.R0672,F,NEMN,58,190,87,29,15
YELL_023,NEON.MAM.D12.R0673,M,NEMN,45,177,84,26,13
YELL_023,NEON.MAM.D12.R0674,M,NEMN,55,195,99,30,15
YELL_023,NEON.MAM.D12.R0811,M,MIMO,25,130,39,19,13
YELL_023,NEON.MAM.D12.R0812,M,NEMN,47,184,94,28,13
YELL_023,NEON.MAM.D12.R0818,F,NEMN,51,193,96,28,16
YELL_023,NEON.MAM.D12.R0820,F,NEMN,49,192,97,30,16
YELL_023,NEON.MAM.D12.R0823,M,MIPE,27,132,42,17,12
YELL_031,NEON.MAM.D12.R0838,M,PEMA,14,133,58,18,16
YELL_020,NEON.MAM.D12.R0839,F,PEMA,16,149,76,21,16
YELL_020,NEON.MAM.D12.R0840,F,NEMN,51,184,88,29,15
YELL_020,NEON.MAM.D12.R0841,F,PEMA,12,121,59,17,12
YELL_020,NEON.MAM.D12.R0846,F,NEMN,55,195,81,15,30
YELL_023,NEON.MAM.D12.R0850,M,MIMO,41,135,37,15,13
YELL_023,NEON.MAM.D12.R0857,U,NEMN,51,186,91,30,14
YELL_023,NEON.MAM.D12.R0859,M,NEMN,42,182,89,29,18
YELL_023,NEON.MAM.D12.R0866,F,MIPE,25,147,55,20,17
YELL_023,NEON.MAM.D12.R0871,M,NEMN,51,182,91,30,16
YELL_023,NEON.MAM.D12.R0913,M,NEMN,54,182,59,30,16
YELL_031,NEON.MAM.D12.R0936,M,NEMN,45,182,93,29,15
YELL_001,NEON.MAM.D12.R0954,M,NEMN,50,172,62,30,12
YELL_020,NEON.MAM.D12.R0958,M,NEAM,46,208,102,32,19
YELL_020,NEON.MAM.D12.R0959,F,MYGA,23,131,43,18,14
YELL_020,NEON.MAM.D12.R0963,F,MYGA,15,111,39,18,13
YELL_031,NEON.MAM.D12.R0964,M,PEMA,19,150,72,21,16
YELL_031,NEON.MAM.D12.R0969,M,PEMA,24,162,75,21,16
YELL_001,NEON.MAM.D12.R0970,M,PEMA,20,142,64,20,15
YELL_001,NEON.MAM.D12.R0972,M,PEMA,16,131,61,17,15
YELL_023,NEON.MAM.D12.R0983,F,PEMA,16,136,65,17,16
YELL_031,NEON.MAM.D12.R0984,F,ZAPR,26,219,140,32,13
YELL_011,NEON.MAM.D12.R0985,F,PEMA,18,141,67,20,16
YELL_031,NEON.MAM.D12.R0990,M,PEMA,16,142,70,20,17
YELL_031,NEON.MAM.D12.R0991,F,PEMA,14,133,65,19,17
YELL_031,NEON.MAM.D12.R0992,M,PEMA,18,138,65,19,17
YELL_023,NEON.MAM.D12.R0995,M,PEMA,17,140,66,19,15
YELL_031,NEON.MAM.D12.R0996,M,ZAPR,21,211,138,30,15
YELL_031,NEON.MAM.D12.R1125,M,ZAPR,40,219,141,31,14
YELL_032,NEON.MAM.D12.R1130,F,MIMO,30,113,38,17,15
YELL_031,NEON.MAM.D12.R1133,M,NEAM,56,210,97,36,15
YELL_031,NEON.MAM.D12.R1134,M,NEAM,52,209,92,34,17
YELL_032,NEON.MAM.D12.R1135,F,NEMN,45,182,86,29,17
YELL_031,NEON.MAM.D12.R1138,M,NEMN,54,202,95,28,14
YELL_031,NEON.MAM.D12.R1139,M,NEMN,51,206,97,29,16
YELL_032,NEON.MAM.D12.R1141,M,NEMN,48,188,88,28,15
YELL_031,NEON.MAM.D12.R1142,F,ZAPR,29,217,137,28,13
YELL_032,NEON.MAM.D12.R1144,F,MIMO,40,125,45,20,17
YELL_031,NEON.MAM.D12.R1157,M,MIMO,36,135,39,18,12
YELL_031,NEON.MAM.D12.R1188,F,MIPE,35,136,56,18,12
YELL_023,NEON.MAM.D12.R1192,F,MYGA,22,114,35,17,14
YELL_023,NEON.MAM.D12.R1194,U,MYGA,15,108,33,18,14
YELL_031,NEON.MAM.D12.R1195,M,NEMN,49,170,90,29,14
YELL_032,NEON.MAM.D12.R1206,M,MIPE,42,141,40,20,11
YELL_032,NEON.MAM.D12.R1209,F,MIPE,32,132,34,18,11
MOAB_006,NEON.MAM.D13.1617L,M,DIOR,67,240,135,42,12
MOAB_009,NEON.MAM.D13.218637,M,PEFL,14,130,65,18,6
MOAB_002,NEON.MAM.D13.298489,F,PEFL,10,133,69,18,3
MOAB_025,NEON.MAM.D13.303341,F,PEFL,11,132,72,18,5
MOAB_009,NEON.MAM.D13.358532,F,PEFL,12,127,62,17,6
MOAB_006,NEON.MAM.D13.403697,M,PEFL,14,132,72,18,6
MOAB_004,NEON.MAM.D13.403801,M,PEFL,13,128,72,12,6
MOAB_009,NEON.MAM.D13.441811,M,PEFL,15,125,72,15,6
MOAB_006,NEON.MAM.D13.442134,M,PEFL,13,133,74,18,5
MOAB_006,NEON.MAM.D13.442479,F,PEFL,14,129,68,18,6
MOAB_006,NEON.MAM.D13.442958,M,PEFL,15,128,69,19,6
MOAB_009,NEON.MAM.D13.442959,M,PEFL,13,129,71,17,6
MOAB_009,NEON.MAM.D13.443063,M,PEFL,13,127,66,18,6
MOAB_004,NEON.MAM.D13.443488,M,PEFL,11,125,66,16,6
MOAB_002,NEON.MAM.D13.470835,M,PEFL,13,122,62,16,7
MOAB_004,NEON.MAM.D13.470838,M,PEFL,13,112,60,19,4
MOAB_002,NEON.MAM.D13.470839,M,PEFL,12,113,59,17,5
MOAB_004,NEON.MAM.D13.470841,M,PEFL,11,112,56,15,5
MOAB_009,NEON.MAM.D13.470848,M,PEFL,13,131,66,20,5
MOAB_004,NEON.MAM.D13.470869,M,PEFL,12,130,75,16,6
MOAB_004,NEON.MAM.D13.470876,F,PEFL,12,114,56,16,6
MOAB_006,NEON.MAM.D13.470877,F,PEFL,14,130,68,18,5
MOAB_004,NEON.MAM.D13.470884,M,PEFL,13,127,70,17,7
MOAB_002,NEON.MAM.D13.470891,M,PEFL,11,98,50,7,5
MOAB_009,NEON.MAM.D13.470898,F,PEFL,10,107,56,17,6
MOAB_009,NEON.MAM.D13.470899,F,PEFL,12,128,63,19,6
MOAB_009,NEON.MAM.D13.470907,M,PEFL,13,130,66,18,5
MOAB_006,NEON.MAM.D13.470910,M,PEFL,3,116,64,14,3
MOAB_025,NEON.MAM.D13.L1579,F,PEMA,24,145,68,20,17
MOAB_025,NEON.MAM.D13.L1587,M,PETR,25,170,94,25,22
MOAB_006,NEON.MAM.D13.L1608,F,DIOR,68,240,131,40,14
MOAB_006,NEON.MAM.D13.L1611,M,DIOR,70,258,150,42,13
MOAB_006,NEON.MAM.D13.L1612,M,DIOR,71,244,139,43,13
MOAB_004,NEON.MAM.D13.L1613,M,DIOR,71,254,141,43,14
MOAB_006,NEON.MAM.D13.L1615,F,DIOR,65,250,143,40,12
MOAB_006,NEON.MAM.D13.L1617,M,DIOR,69,243,146,42,14
MOAB_006,NEON.MAM.D13.L1618,M,DIOR,74,245,138,44,13
MOAB_008,NEON.MAM.D13.L1630,F,ONLE,35,130,41,21,17
MOAB_008,NEON.MAM.D13.L1634,M,DIOR,76,261,149,40,14
MOAB_008,NEON.MAM.D13.L1635,F,DIOR,79,245,138,39,13
MOAB_002,NEON.MAM.D13.L1825,M,DIOR,78,244,140,43,13
MOAB_008,NEON.MAM.D13.L1833,M,DIOR,76,255,150,41,14
MOAB_002,NEON.MAM.D13.L1865,M,DIOR,80,137,134,43,13
MOAB_009,NEON.MAM.D13.L1901,F,DIOR,65,240,142,43,12
MOAB_025,NEON.MAM.D13.L1908,F,NEME,130,268,128,30,23
MOAB_009,NEON.MAM.D13.L1926,M,DIOR,55,243,140,41,12
MOAB_002,NEON.MAM.D13.L1927,F,DIOR,64,228,132,42,14
MOAB_009,NEON.MAM.D13.L1929,M,DIOR,78,260,140,43,12
MOAB_002,NEON.MAM.D13.L1930,F,DIOR,73,260,141,43,13
MOAB_025,NEON.MAM.D13.L1935,M,PETR,25,170,100,24,21
MOAB_002,NEON.MAM.D13.L1937,M,DIOR,66,248,128,43,13
MOAB_009,NEON.MAM.D13.L1943,F,DIOR,78,250,142,45,12
MOAB_009,NEON.MAM.D13.L1948,M,DIOR,78,265,148,43,13
MOAB_009,NEON.MAM.D13.L1957,F,DIOR,65,264,147,43,14
MOAB_009,NEON.MAM.D13.L1971,F,DIOR,76,272,155,42,12
MOAB_009,NEON.MAM.D13.L1972,M,ONLE,44,144,41,22,19
MOAB_009,NEON.MAM.D13.L1997,F,DIOR,71,258,141,42,14
MOAB_006,NEON.MAM.D13.L2009,F,DIOR,65,230,144,41,10
MOAB_006,NEON.MAM.D13.L2010,M,DIOR,77,248,146,45,13
MOAB_002,NEON.MAM.D13.L2013,M,DIOR,65,245,139,42,14
MOAB_002,NEON.MAM.D13.L2014,F,DIOR,79,253,151,42,14
MOAB_025,NEON.MAM.D13.L2015,F,NEME,211,308,148,30,25
MOAB_006,NEON.MAM.D13.L2016,F,DIOR,58,225,117,41,15
MOAB_025,NEON.MAM.D13.L2020,F,NEAL,180,295,150,33,24
MOAB_025,NEON.MAM.D13.L2022,F,DIOR,69,250,148,45,13
MOAB_025,NEON.MAM.D13.L2024,M,NEAL,123,281,121,32,20
MOAB_002,NEON.MAM.D13.L2028,F,DIOR,64,233,148,41,11
MOAB_006,NEON.MAM.D13.L2030,F,NEAL,170,198,50,33,27
MOAB_006,NEON.MAM.D13.L2031,M,DIOR,69,233,134,42,14
MOAB_002,NEON.MAM.D13.L2038,F,DIOR,60,238,147,42,12
MOAB_006,NEON.MAM.D13.L2047,M,ONLE,42,136,43,22,15
MOAB_006,NEON.MAM.D13.L2048,M,ONLE,38,132,37,22,16
MOAB_009,NEON.MAM.D13.L2318,M,DIOR,71,265,144,42,13
MOAB_004,NEON.MAM.D13.L2336,M,DIOR,63,256,152,41,12
MOAB_004,NEON.MAM.D13.L2342,M,DIOR,80,275,158,43,12
MOAB_004,NEON.MAM.D13.L2344,M,DIOR,61,255,146,42,12
MOAB_006,NEON.MAM.D13.L2345,M,DIOR,77,258,139,43,14
MOAB_006,NEON.MAM.D13.L2346,M,DIOR,71,256,149,43,12
MOAB_004,NEON.MAM.D13.L2349,M,DIOR,71,262,147,43,12
MOAB_002,NEON.MAM.D13.L2376,M,DIOR,70,242,150,42,12
MOAB_006,NEON.MAM.D13.L2378,F,DIOR,74,253,143,41,12
MOAB_006,NEON.MAM.D13.L2379,F,REME,8,114,59,17,12
MOAB_002,NEON.MAM.D13.L2383,M,DIOR,60,260,150,41,12
MOAB_002,NEON.MAM.D13.L2386,M,ONLE,44,140,42,21,14
MOAB_006,NEON.MAM.D13.L2393,F,ONLE,31,127,43,21,13
MOAB_009,NEON.MAM.D13.L2425,F,DIOR,80,258,154,44,16
MOAB_009,NEON.MAM.D13.L2433,M,DIOR,75,264,150,43,15
MOAB_009,NEON.MAM.D13.L2435,F,ONLE,39,133,43,23,18
MOAB_009,NEON.MAM.D13.L2438,M,ONLE,45,185,43,22,16
MOAB_009,NEON.MAM.D13.L2440,F,DIOR,77,248,144,42,13
MOAB_009,NEON.MAM.D13.L2443,M,DIOR,73,265,148,44,15
MOAB_009,NEON.MAM.D13.L2444,F,DIOR,68,238,143,43,13
MOAB_009,NEON.MAM.D13.L2449,F,DIOR,63,255,148,43,15
MOAB_006,NEON.MAM.D13.L2706,M,DIOR,69,246,146,42,11
MOAB_006,NEON.MAM.D13.L2708,F,DIOR,51,220,130,40,11
MOAB_006,NEON.MAM.D13.L2709,M,PETR,22,150,82,24,22
MOAB_006,NEON.MAM.D13.L2805,F,DIOR,63,245,140,42,12
MOAB_006,NEON.MAM.D13.L2812,M,PEMA,23,142,68,19,15
MOAB_009,NEON.MAM.D13.M5503,M,DIOR,56,234,133,38,13
MOAB_025,NEON.MAM.D13.ML2105,M,PEMA,22,131,58,19,14
MOAB_025,NEON.MAM.D13.ML2109,F,PEMA,18,139,59,20,14
MOAB_006,NEON.MAM.D13.ML2706,M,DIOR,75,152,152,42,14
MOAB_006,NEON.MAM.D13.ML2710,F,PETR,18,147,79,22,25
MOAB_003,NEON.MAM.D13.ML3005,M,NERU,43,173,85,30,12
MOAB_006,NEON.MAM.D13.ML3024,M,DIOR,72,159,157,42,13
MOAB_004,NEON.MAM.D13.ML3030,M,PEMA,18,148,67,20,17
MOAB_006,NEON.MAM.D13.ML3033,M,PEMA,16,138,70,21,18
MOAB_006,NEON.MAM.D13.ML3036,F,PEMA,19,146,74,20,20
MOAB_009,NEON.MAM.D13.ML3040,M,PEMA,16,142,70,20,19
MOAB_004,NEON.MAM.D13.ML3047,M,PEMA,17,155,67,21,17
MOAB_002,NEON.MAM.D13.ML3060,M,PEMA,18,157,76,20,18
MOAB_002,NEON.MAM.D13.ML3069,M,PEMA,19,148,72,19,17
MOAB_002,NEON.MAM.D13.ML3070,M,PEMA,20,147,68,20,18
MOAB_003,NEON.MAM.D13.ML3131,F,PETR,22,172,78,22,23
MOAB_025,NEON.MAM.D13.ML3144,M,PEMA,18,146,64,21,16
MOAB_025,NEON.MAM.D13.ML3147,M,PEMA,17,131,59,20,17
MOAB_003,NEON.MAM.D13.ML3203,M,PEMA,21,148,68,20,17
MOAB_003,NEON.MAM.D13.ML3214,M,PEMA,19,145,74,21,18
MOAB_003,NEON.MAM.D13.ML3218,F,PEMA,17,146,59,19,16
MOAB_003,NEON.MAM.D13.ML3221,F,PETR,26,161,90,24,25
MOAB_003,NEON.MAM.D13.ML32XX,M,PEMA,17,132,62,20,17
MOAB_003,NEON.MAM.D13.ML3595,F,NERU,61,198,101,31,17
MOAB_009,NEON.MAM.D13.ML4077,M,DIOR,72,240,136,40,16
MOAB_006,NEON.MAM.D13.ML4431,M,PEMA,20,142,62,20,18
MOAB_007,NEON.MAM.D13.ML4531,M,DIOR,59,265,159,40,9
MOAB_006,NEON.MAM.D13.ML4679,M,DIOR,68,252,142,45,14
MOAB_009,NEON.MAM.D13.ML5241,M,DIOR,77,257,162,39,13
MOAB_004,NEON.MAM.D13.ML5510,F,DIOR,76,256,145,41,13
MOAB_009,NEON.MAM.D13.ML5525,M,DIOR,66,250,142,38,14
MOAB_009,NEON.MAM.D13.ML5549,F,DIOR,75,209,105,41,13
MOAB_006,NEON.MAM.D13.ML5571,M,ONLE,54,146,50,24,18
MOAB_006,NEON.MAM.D13.MR3037,F,PEMA,16,145,67,21,17
MOAB_003,NEON.MAM.D13.MR3218,F,PEMA,19,145,59,19,15
MOAB_009,NEON.MAM.D13.MR3240,F,ONLE,55,144,52,24,19
MOAB_004,NEON.MAM.D13.MR3252,F,PEMA,23,147,62,20,13
MOAB_004,NEON.MAM.D13.MR3296,M,PEMA,19,132,63,18,16
MOAB_003,NEON.MAM.D13.MR3358,F,NERU,50,180,79,30,16
MOAB_003,NEON.MAM.D13.MR3419,M,NEMN,50,175,89,31,14
MOAB_006,NEON.MAM.D13.MR3466,M,ONLE,34,128,52,18,18
MOAB_006,NEON.MAM.D13.MR3474,F,PEMA,22,160,78,21,16
MOAB_009,NEON.MAM.D13.MR3527,M,DIOR,77,255,143,42,11
MOAB_006,NEON.MAM.D13.MR3533,M,DIOR,63,142,143,41,13
MOAB_003,NEON.MAM.D13.MR3557,M,PEMA,19,136,60,20,17
MOAB_003,NEON.MAM.D13.MR3571,F,NERU,58,201,97,33,14
MOAB_003,NEON.MAM.D13.MR3594,F,NERU,58,200,85,32,15
MOAB_003,NEON.MAM.D13.MR3601,F,PEMA,25,152,66,20,18
MOAB_003,NEON.MAM.D13.MR3602,F,NERU,52,195,95,30,15
MOAB_003,NEON.MAM.D13.MR3604,F,PEMA,19,172,95,20,22
MOAB_003,NEON.MAM.D13.MR3615,F,PETR,18,149,78,20,23
MOAB_003,NEON.MAM.D13.MR3618,M,PETR,20,159,80,23,25
MOAB_004,NEON.MAM.D13.MR3626,F,DIOR,72,242,130,39,15
MOAB_002,NEON.MAM.D13.MR3629,F,DIOR,71,257,150,41,14
MOAB_002,NEON.MAM.D13.MR3630,F,DIOR,67,250,147,39,14
MOAB_002,NEON.MAM.D13.MR3632,M,PEMA,17,132,58,22,18
MOAB_002,NEON.MAM.D13.MR3633,F,DIOR,58,232,134,42,13
MOAB_004,NEON.MAM.D13.MR3634,M,DIOR,66,253,149,40,14
MOAB_004,NEON.MAM.D13.MR3636,F,DIOR,72,240,135,40,9
MOAB_004,NEON.MAM.D13.MR3637,M,PEMA,15,144,67,19,16
MOAB_004,NEON.MAM.D13.MR3638,F,DIOR,66,235,138,40,15
MOAB_004,NEON.MAM.D13.MR3639,M,DIOR,70,253,140,40,14
MOAB_004,NEON.MAM.D13.MR3640,M,PEMA,16,128,59,17,15
MOAB_004,NEON.MAM.D13.MR3642,M,PEMA,16,137,60,19,14
MOAB_004,NEON.MAM.D13.MR3645,M,PEMA,17,131,59,16,17
MOAB_004,NEON.MAM.D13.MR3646,M,DIOR,60,232,135,88,14
MOAB_004,NEON.MAM.D13.MR3649,M,DIOR,48,233,139,39,13
MOAB_007,NEON.MAM.D13.MR3661,M,DIOR,65,194,78,44,13
MOAB_003,NEON.MAM.D13.MR3663,F,PEMA,22,144,69,19,16
MOAB_007,NEON.MAM.D13.MR3667,M,DIOR,62,264,162,40,11
MOAB_009,NEON.MAM.D13.MR3674,U,DIOR,69,237,128,43,14
MOAB_007,NEON.MAM.D13.MR3700,M,PEMA,18,114,38,15,14
MOAB_007,NEON.MAM.D13.MR3704,F,PEMA,16,138,72,21,13
MOAB_007,NEON.MAM.D13.MR3720,M,PEMA,17,125,55,14,11
MOAB_009,NEON.MAM.D13.MR3848,F,DIOR,57,249,145,41,13
MOAB_009,NEON.MAM.D13.MR3849,F,DIOR,63,258,154,43,13
MOAB_006,NEON.MAM.D13.MR3851,M,DIOR,67,252,142,43,14
MOAB_006,NEON.MAM.D13.MR3854,M,PEMA,17,139,64,18,15
MOAB_006,NEON.MAM.D13.MR3855,U,DIOR,84,247,142,42,14
MOAB_009,NEON.MAM.D13.MR3860,M,DIOR,70,252,140,38,15
MOAB_009,NEON.MAM.D13.MR3861,F,DIOR,60,251,153,18,11
MOAB_009,NEON.MAM.D13.MR3862,M,DIOR,58,227,127,37,12
MOAB_006,NEON.MAM.D13.MR3864,U,DIOR,69,227,129,44,10
MOAB_006,NEON.MAM.D13.MR3871,M,DIOR,74,261,149,44,13
MOAB_006,NEON.MAM.D13.MR3878,M,DIOR,63,249,147,44,14
MOAB_004,NEON.MAM.D13.MR3880,M,DIOR,65,236,137,38,13
MOAB_006,NEON.MAM.D13.MR3881,M,DIOR,69,259,150,43,14
MOAB_009,NEON.MAM.D13.MR3882,M,DIOR,70,241,136,44,13
MOAB_009,NEON.MAM.D13.MR3883,M,ONLE,39,136,49,23,19
MOAB_009,NEON.MAM.D13.MR3885,U,DIOR,62,234,131,42,13
MOAB_009,NEON.MAM.D13.MR3888,F,DIOR,64,245,141,40,13
MOAB_009,NEON.MAM.D13.MR3889,M,DIOR,64,249,146,43,13
MOAB_009,NEON.MAM.D13.MR3892,M,DIOR,70,254,145,42,16
MOAB_006,NEON.MAM.D13.MR3894,F,DIOR,66,236,138,44,11
MOAB_009,NEON.MAM.D13.MR3897,F,ONLE,25,134,42,23,19
MOAB_009,NEON.MAM.D13.MR3898,M,DIOR,56,238,143,44,14
MOAB_004,NEON.MAM.D13.MR3899,M,ONLE,40,130,45,20,17
MOAB_009,NEON.MAM.D13.MR3900,M,ONLE,32,137,47,23,16
MOAB_007,NEON.MAM.D13.MR3903,M,ONLE,43,145,55,22,17
MOAB_002,NEON.MAM.D13.MR3923,M,DIOR,66,243,143,41,14
MOAB_002,NEON.MAM.D13.MR3927,M,ONLE,21,123,39,21,16
MOAB_002,NEON.MAM.D13.MR3928,F,DIOR,63,235,142,40,14
MOAB_006,NEON.MAM.D13.MR3931,F,DIOR,67,235,120,42,11
MOAB_006,NEON.MAM.D13.MR3933,F,DIOR,56,232,135,43,13
MOAB_006,NEON.MAM.D13.MR3934,M,DIOR,71,215,113,45,15
MOAB_004,NEON.MAM.D13.MR3935,M,DIOR,71,252,144,41,13
MOAB_004,NEON.MAM.D13.MR3936,F,DIOR,77,248,152,44,13
MOAB_002,NEON.MAM.D13.MR3943,F,ONLE,47,140,48,23,17
MOAB_003,NEON.MAM.D13.MR3968,M,NEMN,52,184,92,30,16
MOAB_003,NEON.MAM.D13.MR3979,F,NERU,50,199,91,32,18
MOAB_009,NEON.MAM.D13.MR4030,M,DIOR,68,243,137,41,13
MOAB_009,NEON.MAM.D13.MR4077,M,DIOR,67,236,130,43,15
MOAB_006,NEON.MAM.D13.MR4082,M,DIOR,63,224,131,42,13
MOAB_006,NEON.MAM.D13.MR4084,M,DIOR,60,223,131,39,11
MOAB_007,NEON.MAM.D13.MR4122,F,REME,9,119,65,15,12
MOAB_007,NEON.MAM.D13.MR4123,M,PEMA,13,131,57,17,13
MOAB_007,NEON.MAM.D13.MR4124,F,DIOR,68,254,150,40,14
MOAB_009,NEON.MAM.D13.MR4133,M,DIOR,72,254,149,40,14
MOAB_002,NEON.MAM.D13.MR4134,M,DIOR,66,256,153,45,14
MOAB_006,NEON.MAM.D13.MR4135,F,DIOR,70,255,146,42,14
MOAB_009,NEON.MAM.D13.MR4137,F,DIOR,69,250,142,41,14
MOAB_009,NEON.MAM.D13.MR4143,M,DIOR,65,248,146,40,14
MOAB_002,NEON.MAM.D13.MR4145,M,DIOR,74,248,137,42,14
MOAB_003,NEON.MAM.D13.MR4190,M,NERU,52,204,90,33,16
MOAB_003,NEON.MAM.D13.MR4191,F,PETR,24,175,94,20,17
MOAB_003,NEON.MAM.D13.MR4193,F,NERU,57,199,97,29,15
MOAB_009,NEON.MAM.D13.MR4194,F,DIOR,66,235,132,40,13
MOAB_009,NEON.MAM.D13.MR4196,F,DIOR,69,254,142,43,14
MOAB_007,NEON.MAM.D13.MR4197,M,DIOR,52,237,142,39,13
MOAB_003,NEON.MAM.D13.MR4199,M,PETR,28,176,95,22,23
MOAB_006,NEON.MAM.D13.MR4206,M,PEMA,20,141,55,19,15
MOAB_006,NEON.MAM.D13.MR4225,M,DIOR,70,256,144,39,14
MOAB_004,NEON.MAM.D13.MR4228,M,DIOR,84,264,150,44,14
MOAB_004,NEON.MAM.D13.MR4229,M,DIOR,62,266,155,40,12
MOAB_004,NEON.MAM.D13.MR4230,F,DIOR,72,252,148,42,13
MOAB_006,NEON.MAM.D13.MR4231,M,DIOR,82,253,151,42,14
MOAB_002,NEON.MAM.D13.MR4237,M,DIOR,78,254,145,40,14
MOAB_006,NEON.MAM.D13.MR4240,M,DIOR,65,237,131,36,13
MOAB_006,NEON.MAM.D13.MR4244,M,DIOR,65,230,135,40,12
MOAB_006,NEON.MAM.D13.MR4245,M,DIOR,70,255,150,40,15
MOAB_006,NEON.MAM.D13.MR4253,F,DIOR,44,224,124,41,13
MOAB_006,NEON.MAM.D13.MR4305,M,DIOR,72,255,140,40,15
MOAB_006,NEON.MAM.D13.MR4306,F,PEMA,23,140,57,20,15
MOAB_006,NEON.MAM.D13.MR4310,F,DIOR,62,234,136,39,13
MOAB_009,NEON.MAM.D13.MR4320,U,DIOR,69,235,136,40,13
MOAB_006,NEON.MAM.D13.MR4322,F,PEMA,18,149,69,21,18
MOAB_002,NEON.MAM.D13.MR4326,F,DIOR,61,229,125,41,13
MOAB_002,NEON.MAM.D13.MR4327,M,PEMA,16,126,56,19,17
MOAB_006,NEON.MAM.D13.MR4352,M,DIOR,60,232,134,42,15
MOAB_006,NEON.MAM.D13.MR4353,M,DIOR,67,248,153,44,13
MOAB_007,NEON.MAM.D13.MR4356,M,DIOR,67,261,155,40,14
MOAB_006,NEON.MAM.D13.MR4357,M,DIOR,61,240,142,43,14
MOAB_006,NEON.MAM.D13.MR4362,M,DIOR,63,214,134,44,13
MOAB_006,NEON.MAM.D13.MR4364,F,DIOR,65,249,144,39,14
MOAB_006,NEON.MAM.D13.MR4372,M,DIOR,70,251,137,42,15
MOAB_007,NEON.MAM.D13.MR4405,M,DIOR,66,246,142,39,13
MOAB_007,NEON.MAM.D13.MR4406,F,DIOR,84,261,170,41,13
MOAB_007,NEON.MAM.D13.MR4407,F,DIOR,71,255,148,40,11
MOAB_007,NEON.MAM.D13.MR4409,M,PEMA,18,121,50,18,17
MOAB_007,NEON.MAM.D13.MR4414,M,PEMA,18,119,34,19,16
MOAB_007,NEON.MAM.D13.MR4415,M,DIOR,54,252,149,43,14
MOAB_007,NEON.MAM.D13.MR4416,F,DIOR,71,254,146,42,11
MOAB_007,NEON.MAM.D13.MR4419,M,PEMA,18,132,60,17,13
MOAB_007,NEON.MAM.D13.MR4424,M,DIOR,66,264,155,43,15
MOAB_006,NEON.MAM.D13.MR4432,F,PEMA,18,148,74,19,18
MOAB_009,NEON.MAM.D13.MR4436,U,DIOR,72,253,158,36,14
MOAB_009,NEON.MAM.D13.MR4449,U,DIOR,64,264,159,41,14
MOAB_009,NEON.MAM.D13.MR4464,U,DIOR,69,255,149,40,13
MOAB_007,NEON.MAM.D13.MR4513,M,PEMA,17,139,65,16,13
MOAB_007,NEON.MAM.D13.MR4516,F,DIOR,64,263,160,39,9
MOAB_007,NEON.MAM.D13.MR4528,M,DIOR,73,263,159,41,8
MOAB_004,NEON.MAM.D13.MR4534,M,ONLE,31,140,46,22,18
MOAB_007,NEON.MAM.D13.MR4535,M,ONLE,41,128,40,20,14
MOAB_007,NEON.MAM.D13.MR4537,M,DIOR,69,268,162,41,11
MOAB_004,NEON.MAM.D13.MR4549,M,DIOR,49,229,136,40,15
MOAB_009,NEON.MAM.D13.MR4552,M,DIOR,69,250,141,40,11
MOAB_009,NEON.MAM.D13.MR4553,F,DIOR,76,240,135,40,9
MOAB_009,NEON.MAM.D13.MR4555,M,DIOR,67,233,134,36,9
MOAB_003,NEON.MAM.D13.MR4600,M,PETR,22,168,89,22,25
MOAB_003,NEON.MAM.D13.MR4601,M,PEMA,26,169,72,22,16
MOAB_003,NEON.MAM.D13.MR4602,F,PETR,22,163,87,24,22
MOAB_003,NEON.MAM.D13.MR4603,F,PEMA,22,142,62,20,17
MOAB_003,NEON.MAM.D13.MR4604,M,PEMA,21,140,62,20,16
MOAB_003,NEON.MAM.D13.MR4605,M,PEMA,22,148,66,20,16
MOAB_003,NEON.MAM.D13.MR4606,M,PETR,22,162,82,22,25
MOAB_003,NEON.MAM.D13.MR4608,M,PETR,23,170,95,23,25
MOAB_003,NEON.MAM.D13.MR4609,F,PEMA,24,187,94,20,19
MOAB_003,NEON.MAM.D13.MR4610,M,PEMA,20,168,90,21,19
MOAB_003,NEON.MAM.D13.MR4611,F,PETR,23,165,80,22,23
MOAB_009,NEON.MAM.D13.MR4614,F,PEMA,14,131,63,18,14
MOAB_009,NEON.MAM.D13.MR4617,F,DIOR,77,258,149,40,13
MOAB_009,NEON.MAM.D13.MR4622,M,DIOR,66,251,146,44,12
MOAB_003,NEON.MAM.D13.MR4637,F,PETR,25,173,94,24,24
MOAB_007,NEON.MAM.D13.MR4650,M,DIOR,72,260,162,42,12
MOAB_003,NEON.MAM.D13.MR4664,F,PETR,22,168,90,22,25
MOAB_009,NEON.MAM.D13.MR4667,F,DIOR,61,247,147,42,16
MOAB_009,NEON.MAM.D13.MR4671,M,DIOR,63,246,148,44,7
MOAB_009,NEON.MAM.D13.MR4673,F,DIOR,69,255,152,43,12
MOAB_002,NEON.MAM.D13.MR4701,M,DIOR,76,258,140,43,14
MOAB_002,NEON.MAM.D13.MR4702,F,DIOR,73,251,140,40,14
MOAB_002,NEON.MAM.D13.MR4705,M,DIOR,73,249,141,39,13
MOAB_003,NEON.MAM.D13.MR4714,M,PETR,25,169,95,24,25
MOAB_003,NEON.MAM.D13.MR4717,M,PETR,22,161,79,23,24
MOAB_003,NEON.MAM.D13.MR4722,F,PETR,24,162,86,23,22
MOAB_002,NEON.MAM.D13.MR4723,M,DIOR,58,242,140,41,14
MOAB_009,NEON.MAM.D13.MR4725,F,DIOR,73,205,29,43,13
MOAB_009,NEON.MAM.D13.MR4728,M,ONLE,41,131,48,23,18
MOAB_009,NEON.MAM.D13.MR4729,M,DIOR,59,239,140,43,13
MOAB_002,NEON.MAM.D13.MR4732,M,DIOR,70,256,145,42,14
MOAB_002,NEON.MAM.D13.MR4734,M,DIOR,59,233,134,38,14
MOAB_009,NEON.MAM.D13.MR4735,F,PEMA,19,149,67,20,18
MOAB_002,NEON.MAM.D13.MR4736,F,DIOR,55,246,141,38,14
MOAB_002,NEON.MAM.D13.MR4737,F,DIOR,54,233,132,40,14
MOAB_002,NEON.MAM.D13.MR4738,M,PEMA,14,135,62,20,17
MOAB_002,NEON.MAM.D13.MR4740,F,DIOR,55,245,142,41,14
MOAB_002,NEON.MAM.D13.MR4742,M,DIOR,71,256,141,43,15
MOAB_009,NEON.MAM.D13.MR4743,M,PEMA,18,144,63,21,17
MOAB_004,NEON.MAM.D13.MR4755,F,PEMA,22,147,68,20,16
MOAB_006,NEON.MAM.D13.MR4771,U,DIOR,70,252,141,39,13
MOAB_006,NEON.MAM.D13.MR4780,F,DIOR,68,239,136,40,14
MOAB_006,NEON.MAM.D13.MR4783,M,DIOR,70,243,136,40,14
MOAB_006,NEON.MAM.D13.MR4784,F,DIOR,70,252,143,42,12
MOAB_006,NEON.MAM.D13.MR4788,M,DIOR,74,254,140,42,15
MOAB_006,NEON.MAM.D13.MR4792,M,DIOR,73,260,156,42,12
MOAB_009,NEON.MAM.D13.MR4861,M,DIOR,72,254,146,39,7
MOAB_002,NEON.MAM.D13.MR5243,F,DIOR,63,246,146,38,13
MOAB_003,NEON.MAM.D13.MR5244,F,PEMA,21,161,92,19,19
MOAB_003,NEON.MAM.D13.MR5248,M,PEMA,18,162,91,20,16
MOAB_009,NEON.MAM.D13.MR5503,M,DIOR,61,236,135,36,12
MOAB_003,NEON.MAM.D13.MR5508,F,NEME,187,293,138,32,26
MOAB_004,NEON.MAM.D13.MR5517,F,DIOR,69,253,141,38,16
MOAB_006,NEON.MAM.D13.MR5522,M,DIOR,78,231,130,38,13
MOAB_009,NEON.MAM.D13.MR5535,M,DIOR,73,256,145,40,12
MOAB_006,NEON.MAM.D13.MR5539,M,DIOR,68,253,147,42,14
MOAB_006,NEON.MAM.D13.MR5565,F,DIOR,72,253,148,40,13
MOAB_009,NEON.MAM.D13.MR5568,F,DIOR,62,226,138,40,14
MOAB_007,NEON.MAM.D13.MR5580,F,DIOR,74,251,140,37,13
MOAB_009,NEON.MAM.D13.MR5583,F,DIOR,72,258,168,44,14
MOAB_006,NEON.MAM.D13.MR5589,M,DIOR,74,243,132,39,15
MOAB_009,NEON.MAM.D13.MR5596,F,DIOR,67,250,152,39,8
MOAB_006,NEON.MAM.D13.MR5597,M,DIOR,74,236,156,42,14
MOAB_009,NEON.MAM.D13.MR5598,F,DIOR,74,253,148,42,14
MOAB_002,NEON.MAM.D13.MR5650,F,DIOR,69,241,136,38,14
MOAB_009,NEON.MAM.D13.MR5653,M,DIOR,68,262,169,39,12
MOAB_004,NEON.MAM.D13.MR5655,F,DIOR,70,254,146,44,14
MOAB_003,NEON.MAM.D13.MR5661,M,NEME,200,247,73,32,25
MOAB_003,NEON.MAM.D13.MR5666,F,PETR,24,173,92,23,23
MOAB_009,NEON.MAM.D13.MR5667,M,DIOR,40,220,130,36,11
MOAB_002,NEON.MAM.D13.MR5678,M,DIOR,78,245,152,41,14
MOAB_002,NEON.MAM.D13.MR5683,M,DIOR,77,245,138,41,13
MOAB_009,NEON.MAM.D13.MR5688,M,DIOR,83,250,152,39,15
MOAB_009,NEON.MAM.D13.MR5694,M,DIOR,73,251,147,40,13
MOAB_004,NEON.MAM.D13.MR5699,F,DIOR,76,257,148,41,13
NIWO_025,NEON.MAM.D13.NL3130,F,NEMN,50,180,80,28,15
NIWO_002,NEON.MAM.D13.NR2277,M,PEMA,17,132,59,20,18
NIWO_002,NEON.MAM.D13.NR2961,M,PEMA,18,150,80,20,19
NIWO_023,NEON.MAM.D13.NR3120,M,PEMA,22,155,72,20,20
NIWO_007,NEON.MAM.D13.NR3148,F,PEMA,23,146,67,19,16
MOAB_002,NEON.MAM.D13.O002D120210928,F,PEFL,12,129,67,18,4
MOAB_002,NEON.MAM.D13.O002D720210629,F,PEFL,8,105,57,17,6
MOAB_002,NEON.MAM.D13.O002E720210831,M,PEFL,13,127,72,17,7
MOAB_002,NEON.MAM.D13.O002F120210629,F,PEFL,8,114,63,16,6
MOAB_002,NEON.MAM.D13.O002F320210831,M,PEFL,10,122,68,15,5
MOAB_002,NEON.MAM.D13.O002G720210928,F,PEFL,9,105,60,16,5
MOAB_002,NEON.MAM.D13.O002J1020210831,F,PEFL,9,118,63,16,4
MOAB_004,NEON.MAM.D13.O004B720210930,F,PEFL,11,131,72,18,6
MOAB_004,NEON.MAM.D13.O004G620210930,M,PEFL,12,130,68,18,5
MOAB_004,NEON.MAM.D13.O004H420210930,M,PEFL,14,129,65,18,6
MOAB_006,NEON.MAM.D13.O006A420210930,M,PEFL,10,129,70,18,5
MOAB_006,NEON.MAM.D13.O006A920220621,M,PEFL,12,131,68,19,5
MOAB_006,NEON.MAM.D13.O006B120210930,M,PEFL,9,114,61,15,6
MOAB_006,NEON.MAM.D13.O006B720210930,F,PEFL,13,128,70,17,4
MOAB_006,NEON.MAM.D13.O006H120230418,F,DIOR,67,253,140,46,15
MOAB_006,NEON.MAM.D13.O006I1020230418,F,DIOR,76,242,135,43,14
MOAB_006,NEON.MAM.D13.O006XX20230419,M,PEFL,11,126,71,16,3
MOAB_009,NEON.MAM.D13.O009A1020210930,F,PEFL,12,122,62,17,7
MOAB_009,NEON.MAM.D13.O009B220220426,M,PEFL,14,127,65,17,5
MOAB_009,NEON.MAM.D13.O009D220210901,F,PEFL,17,146,64,21,4
MOAB_009,NEON.MAM.D13.O009D820210701,F,DIOR,65,232,136,39,12
MOAB_009,NEON.MAM.D13.O009D920210831,F,PEFL,14,128,71,17,6
MOAB_009,NEON.MAM.D13.O009E620210930,F,PEFL,13,126,64,16,6
MOAB_009,NEON.MAM.D13.O009E820210701,U,PEFL,15,127,75,17,6
MOAB_009,NEON.MAM.D13.O009F220210630,M,PEFL,7,117,63,19,4
MOAB_009,NEON.MAM.D13.O009F420210901,M,PEFL,10,127,67,18,6
MOAB_009,NEON.MAM.D13.O009G520210901,F,PEFL,10,117,61,19,6
MOAB_009,NEON.MAM.D13.O009H320230420,M,PEFL,3,116,64,14,3
MOAB_009,NEON.MAM.D13.O009I820210831,M,PEFL,14,138,67,22,5
MOAB_009,NEON.MAM.D13.O009J1020210701,M,DIOR,69,227,120,44,13
MOAB_009,NEON.MAM.D13.O009J920210630,F,DIOR,70,265,160,38,12
NIWO_023,NEON.MAM.D13.O023A9170724,F,LECU,15,100,18,16,11
NIWO_023,NEON.MAM.D13.O023C7,U,SOMO,3,80,40,9,2
NIWO_025,NEON.MAM.D13.R1202,F,MIMO,33,120,27,17,12
NIWO_023,NEON.MAM.D13.R1222,M,MILO,29,160,58,21,14
NIWO_005,NEON.MAM.D13.R1255,M,MYGA,19,115,40,16,14
MOAB_003,NEON.MAM.D13.R1503,M,PETR,25,174,88,22,24
MOAB_006,NEON.MAM.D13.R1509,F,DIOR,72,259,144,41,14
MOAB_003,NEON.MAM.D13.R1510,M,NERU,50,174,76,30,13
MOAB_006,NEON.MAM.D13.R1515,F,DIOR,74,274,150,42,13
MOAB_006,NEON.MAM.D13.R1556,F,DIOR,69,242,138,42,14
MOAB_025,NEON.MAM.D13.R1559,F,PETR,36,180,87,24,24
MOAB_003,NEON.MAM.D13.R1560,M,PETR,24,167,83,23,24
MOAB_006,NEON.MAM.D13.R1561,F,DIOR,70,272,144,43,14
MOAB_003,NEON.MAM.D13.R1569,M,NERU,46,170,72,29,14
MOAB_004,NEON.MAM.D13.R1590,F,DIOR,67,255,140,42,15
MOAB_008,NEON.MAM.D13.R1604,M,DIOR,82,283,156,44,15
MOAB_004,NEON.MAM.D13.R1609,F,DIOR,63,232,116,38,15
MOAB_008,NEON.MAM.D13.R1614,M,DIOR,75,255,132,40,16
MOAB_004,NEON.MAM.D13.R1619,F,DIOR,70,248,154,43,12
MOAB_008,NEON.MAM.D13.R1624,F,DIOR,72,255,143,42,18
MOAB_004,NEON.MAM.D13.R1627,F,DIOR,77,276,154,43,13
MOAB_008,NEON.MAM.D13.R1653,F,PEMA,25,145,67,18,18
NIWO_005,NEON.MAM.D13.R1676,M,MYGA,22,104,40,18,14
NIWO_005,NEON.MAM.D13.R1703,F,MYGA,26,125,40,21,14
MOAB_003,NEON.MAM.D13.R1715,M,PETR,26,170,88,24,22
NIWO_005,NEON.MAM.D13.R1720,M,PHIN,30,122,25,20,11
MOAB_025,NEON.MAM.D13.R1913,F,DIOR,69,249,136,42,12
MOAB_009,NEON.MAM.D13.R1932,F,DIOR,73,247,148,43,11
MOAB_009,NEON.MAM.D13.R1934,M,DIOR,74,259,150,43,12
MOAB_009,NEON.MAM.D13.R1950,M,DIOR,69,259,142,42,12
MOAB_009,NEON.MAM.D13.R1953,M,DIOR,80,265,142,43,13
MOAB_003,NEON.MAM.D13.R1954,M,PETR,25,170,91,22,25
MOAB_003,NEON.MAM.D13.R1959,M,PEMA,19,146,70,20,15
MOAB_003,NEON.MAM.D13.R1969,M,PEMA,19,139,63,20,15
MOAB_025,NEON.MAM.D13.R2016,M,PEMA,14,128,58,20,12
MOAB_025,NEON.MAM.D13.R2017,F,PETR,27,185,98,23,21
MOAB_025,NEON.MAM.D13.R2023,F,PEMA,21,143,66,20,15
MOAB_004,NEON.MAM.D13.R2033,M,DIOR,72,254,145,43,12
MOAB_009,NEON.MAM.D13.R2300,F,DIOR,74,253,145,43,12
MOAB_009,NEON.MAM.D13.R2301,M,DIOR,68,240,135,41,11
MOAB_009,NEON.MAM.D13.R2302,F,DIOR,62,259,139,42,11
MOAB_009,NEON.MAM.D13.R2304,M,DIOR,74,259,143,43,12
MOAB_009,NEON.MAM.D13.R2309,M,DIOR,71,258,137,42,12
MOAB_009,NEON.MAM.D13.R2312,M,DIOR,62,241,135,42,12
MOAB_009,NEON.MAM.D13.R2315,F,DIOR,76,259,146,44,12
MOAB_009,NEON.MAM.D13.R2316,M,DIOR,63,245,147,42,11
MOAB_009,NEON.MAM.D13.R2325,M,DIOR,67,256,141,43,12
MOAB_002,NEON.MAM.D13.R2377,M,DIOR,70,256,140,42,13
MOAB_006,NEON.MAM.D13.R2381,F,ONLE,36,122,50,23,17
MOAB_006,NEON.MAM.D13.R2382,M,DIOR,65,262,141,41,12
MOAB_006,NEON.MAM.D13.R2385,F,DIOR,66,245,144,41,12
MOAB_009,NEON.MAM.D13.R2400,F,DIOR,85,274,155,44,13
MOAB_009,NEON.MAM.D13.R2426,M,DIOR,69,271,151,42,12
MOAB_009,NEON.MAM.D13.R2427,F,DIOR,71,252,149,42,12
MOAB_009,NEON.MAM.D13.R2428,M,DIOR,79,264,149,42,14
MOAB_009,NEON.MAM.D13.R2434,F,DIOR,66,234,138,42,12
MOAB_009,NEON.MAM.D13.R2436,M,DIOR,74,250,136,41,11
MOAB_006,NEON.MAM.D13.R2493,M,DIOR,74,265,141,42,12
NIWO_007,NEON.MAM.D13.R2730,F,MYGA,22,139,41,17,14
MOAB_006,NEON.MAM.D13.R2807,M,PETR,21,160,83,25,23
MOAB_006,NEON.MAM.D13.R2811,M,PEMA,23,143,60,21,15
SRER_009,NEON.MAM.D14.056021,M,CHPE,16,158,88,20,8
SRER_023,NEON.MAM.D14.056022,M,PEFV,13,139,74,19,6
SRER_014,NEON.MAM.D14.056034,F,CHIN,14,157,95,21,8
JORN_001,NEON.MAM.D14.056035,M,CHPE,17,172,121,22,8
SRER_014,NEON.MAM.D14.056038,M,CHPE,17,127,45,21,7
SRER_012,NEON.MAM.D14.056042,M,CHPE,19,176,99,25,9
SRER_014,NEON.MAM.D14.056062,F,PEFV,12,127,67,16,6
SRER_007,NEON.MAM.D14.056071,M,CHPE,17,168,97,24,9
JORN_001,NEON.MAM.D14.056073,M,CHPE,16,168,88,22,7
JORN_017,NEON.MAM.D14.056078,F,CHPE,17,159,89,23,7
JORN_017,NEON.MAM.D14.056081,F,PEFV,6,105,51,16,6
SRER_007,NEON.MAM.D14.056084,M,CHPE,18,164,85,22,8
SRER_012,NEON.MAM.D14.056098,F,CHPE,18,170,96,22,7
JORN_001,NEON.MAM.D14.056100,M,CHPE,16,150,67,21,8
SRER_005,NEON.MAM.D14.056124,M,CHPE,17,165,88,21,8
SRER_002,NEON.MAM.D14.056162,F,CHPE,23,137,76,23,9
SRER_012,NEON.MAM.D14.056165,F,CHPE,16,181,100,22,8
JORN_017,NEON.MAM.D14.056172,F,CHIN,9,142,86,21,6
JORN_018,NEON.MAM.D14.056180,M,CHIN,14,164,86,20,7
SRER_012,NEON.MAM.D14.056183,F,CHPE,19,157,97,21,8
SRER_012,NEON.MAM.D14.056189,F,CHPE,19,177,104,24,10
JORN_031,NEON.MAM.D14.056199,M,CHPE,15,148,71,20,8
JORN_017,NEON.MAM.D14.056200,M,CHPE,14,159,88,22,7
JORN_017,NEON.MAM.D14.056209,F,CHPE,14,161,90,22,8
JORN_017,NEON.MAM.D14.056211,M,PEFV,6,105,49,15,6
SRER_007,NEON.MAM.D14.129709,M,CHPE,18,170,92,22,7
SRER_007,NEON.MAM.D14.135690,M,CHPE,18,170,93,22,8
SRER_002,NEON.MAM.D14.136160,M,CHPE,21,164,92,23,10
SRER_007,NEON.MAM.D14.136788,M,CHBA,41,250,117,26,11
SRER_007,NEON.MAM.D14.136860,F,CHBA,29,159,58,19,9
SRER_014,NEON.MAM.D14.137336,F,CHPE,19,162,95,21,9
SRER_002,NEON.MAM.D14.138799,F,CHPE,32,182,95,21,8
JORN_018,NEON.MAM.D14.148167,M,CHPE,18,157,73,23,5
JORN_001,NEON.MAM.D14.148362,M,CHPE,16,150,73,20,5
JORN_018,NEON.MAM.D14.148403,M,CHPE,18,168,92,22,7
JORN_017,NEON.MAM.D14.148471,M,PEFV,7,100,44,14,5
JORN_001,NEON.MAM.D14.148537,F,CHPE,13,150,80,19,6
JORN_017,NEON.MAM.D14.148627,F,CHPE,17,151,94,21,6
JORN_001,NEON.MAM.D14.148683,M,CHPE,16,156,87,22,6
JORN_031,NEON.MAM.D14.148735,F,PEFV,6,88,42,13,4
JORN_007,NEON.MAM.D14.148745,F,CHPE,15,156,91,21,7
JORN_018,NEON.MAM.D14.148760,M,CHPE,17,163,88,21,6
JORN_011,NEON.MAM.D14.148796,M,CHPE,14,149,81,21,5
JORN_017,NEON.MAM.D14.148813,F,PEFV,7,104,50,14,4
JORN_001,NEON.MAM.D14.148931,M,CHPE,16,145,82,21,7
JORN_011,NEON.MAM.D14.148979,M,PEFV,6,95,48,13,4
JORN_017,NEON.MAM.D14.149004,F,PEFV,8,108,53,15,4
JORN_017,NEON.MAM.D14.149055,M,CHPE,16,160,93,22,5
JORN_017,NEON.MAM.D14.187444,F,CHPE,15,152,89,20,5
JORN_001,NEON.MAM.D14.187576,M,CHPE,15,159,80,22,6
JORN_018,NEON.MAM.D14.187586,M,CHPE,17,162,84,21,8
JORN_001,NEON.MAM.D14.187868,F,CHPE,14,156,86,21,8
JORN_018,NEON.MAM.D14.187929,F,CHPE,15,160,90,21,7
JORN_007,NEON.MAM.D14.187945,M,CHPE,17,159,90,21,6
JORN_018,NEON.MAM.D14.188002,M,CHPE,16,169,94,20,7
JORN_007,NEON.MAM.D14.188155,F,CHPE,14,69,65,21,5
JORN_018,NEON.MAM.D14.188225,M,CHPE,16,163,84,22,8
JORN_018,NEON.MAM.D14.188259,M,CHPE,15,167,90,20,6
JORN_001,NEON.MAM.D14.188279,F,CHPE,15,158,84,21,6
JORN_017,NEON.MAM.D14.188369,M,PEFV,8,99,48,14,4
JORN_017,NEON.MAM.D14.188392,F,PEFV,7,105,48,14,5
JORN_017,NEON.MAM.D14.188407,F,PEFV,7,105,52,13,5
JORN_031,NEON.MAM.D14.188412,M,CHPE,16,151,90,21,6
JORN_018,NEON.MAM.D14.188489,M,CHPE,15,170,90,21,6
JORN_007,NEON.MAM.D14.188611,F,CHPE,15,155,93,21,5
JORN_017,NEON.MAM.D14.188627,F,PEFV,6,94,43,13,4
JORN_031,NEON.MAM.D14.188705,M,CHPE,15,147,82,21,5
JORN_017,NEON.MAM.D14.188821,F,PEFV,6,104,50,14,5
JORN_001,NEON.MAM.D14.188922,M,CHPE,14,132,66,21,6
JORN_011,NEON.MAM.D14.188949,M,CHPE,17,150,86,21,6
JORN_001,NEON.MAM.D14.188951,F,CHPE,14,158,87,20,6
JORN_017,NEON.MAM.D14.188957,F,PEFV,7,109,52,15,4
JORN_017,NEON.MAM.D14.189114,F,CHPE,16,152,90,21,5
JORN_001,NEON.MAM.D14.189207,M,CHPE,18,153,80,22,4
JORN_017,NEON.MAM.D14.189283,M,CHPE,16,160,91,21,6
SRER_023,NEON.MAM.D14.215342,F,CHBA,34,212,117,26,11
JORN_001,NEON.MAM.D14.216371,M,CHPE,14,153,80,20,8
JORN_001,NEON.MAM.D14.216753,M,CHPE,14,160,87,19,7
JORN_001,NEON.MAM.D14.218772,F,PEFV,6,98,50,14,7
JORN_031,NEON.MAM.D14.220792,M,CHPE,16,153,89,20,6
JORN_031,NEON.MAM.D14.221093,F,PEFV,6,90,44,13,4
JORN_018,NEON.MAM.D14.221099,M,CHPE,18,155,75,22,7
JORN_018,NEON.MAM.D14.221106,M,CHPE,17,133,57,21,5
SRER_023,NEON.MAM.D14.221209,M,CHBA,37,213,107,25,10
JORN_017,NEON.MAM.D14.221358,F,XESP,112,212,55,34,11
JORN_018,NEON.MAM.D14.221446,F,CHPE,18,156,91,23,7
JORN_031,NEON.MAM.D14.221647,M,PEFV,7,97,52,15,5
JORN_011,NEON.MAM.D14.221660,M,CHPE,16,160,87,21,7
JORN_018,NEON.MAM.D14.221703,M,CHPE,16,160,88,20,6
SRER_007,NEON.MAM.D14.256202,F,PELO,10,128,70,19,6
JORN_017,NEON.MAM.D14.285966,M,PEFV,8,102,47,15,6
JORN_017,NEON.MAM.D14.294884,M,CHPE,20,150,83,21,6
JORN_011,NEON.MAM.D14.295144,M,PEFV,6,100,46,15,5
JORN_011,NEON.MAM.D14.295765,M,CHPE,16,156,85,21,7
JORN_011,NEON.MAM.D14.295825,M,PEFV,7,96,45,14,5
SRER_012,NEON.MAM.D14.295827,F,CHBA,35,225,120,25,10
JORN_007,NEON.MAM.D14.295870,M,CHPE,16,162,86,20,5
JORN_007,NEON.MAM.D14.296392,M,CHPE,16,150,80,19,4
JORN_001,NEON.MAM.D14.298924,M,CHPE,14,151,79,20,6
JORN_001,NEON.MAM.D14.299094,M,CHPE,15,170,94,21,6
JORN_017,NEON.MAM.D14.299310,M,CHPE,15,161,84,21,7
JORN_001,NEON.MAM.D14.299391,M,PEFV,7,106,51,15,6
JORN_001,NEON.MAM.D14.299393,F,PEFV,7,112,55,13,5
JORN_001,NEON.MAM.D14.299775,M,CHPE,14,152,90,19,7
JORN_011,NEON.MAM.D14.299825,M,CHPE,16,161,89,21,6
JORN_001,NEON.MAM.D14.299877,M,CHPE,16,162,85,21,6
SRER_005,NEON.MAM.D14.299879,M,CHBA,35,219,118,25,11
JORN_018,NEON.MAM.D14.300051,M,CHPE,16,132,62,21,6
JORN_001,NEON.MAM.D14.300248,M,CHPE,22,56,78,21,7
JORN_018,NEON.MAM.D14.300513,M,CHPE,16,170,92,22,6
JORN_001,NEON.MAM.D14.300573,M,CHPE,14,168,89,21,7
JORN_018,NEON.MAM.D14.300601,M,CHPE,18,143,77,22,6
SRER_012,NEON.MAM.D14.300768,F,CHBA,34,216,114,26,10
JORN_031,NEON.MAM.D14.301465,M,CHPE,16,156,87,20,5
JORN_001,NEON.MAM.D14.301804,M,CHPE,15,160,92,21,7
JORN_017,NEON.MAM.D14.301883,M,CHPE,17,162,90,21,8
JORN_001,NEON.MAM.D14.301896,M,CHPE,14,156,82,21,8
JORN_018,NEON.MAM.D14.301957,M,CHPE,16,160,85,19,7
JORN_031,NEON.MAM.D14.302346,F,CHPE,14,120,56,20,6
SRER_009,NEON.MAM.D14.302436,M,CHPE,23,171,98,23,8
JORN_011,NEON.MAM.D14.302712,M,CHPE,14,120,51,21,6
JORN_018,NEON.MAM.D14.302801,F,CHPE,14,123,40,21,7
JORN_031,NEON.MAM.D14.302817,M,CHPE,15,144,79,21,7
SRER_009,NEON.MAM.D14.303114,M,CHPE,19,160,87,22,7
JORN_011,NEON.MAM.D14.303116,M,PEFV,7,109,54,16,4
JORN_001,NEON.MAM.D14.303186,F,CHPE,16,170,92,19,7
SRER_012,NEON.MAM.D14.303353,M,CHPE,20,170,94,24,9
JORN_001,NEON.MAM.D14.303368,M,CHPE,16,161,87,21,7
JORN_017,NEON.MAM.D14.303375,M,CHPE,16,145,69,21,6
JORN_011,NEON.MAM.D14.303376,F,CHPE,14,154,82,19,5
SRER_005,NEON.MAM.D14.303431,F,CHBA,30,198,110,26,10
SRER_008,NEON.MAM.D14.303493,M,CHBA,36,222,117,28,9
JORN_017,NEON.MAM.D14.303632,M,CHPE,15,161,90,22,7
JORN_001,NEON.MAM.D14.303800,F,CHPE,15,146,78,19,7
JORN_001,NEON.MAM.D14.306457,M,CHPE,16,161,85,21,8
JORN_031,NEON.MAM.D14.306678,M,PEFV,11,115,53,16,5
JORN_018,NEON.MAM.D14.356875,F,CHPE,17,158,75,22,8
JORN_031,NEON.MAM.D14.356950,M,CHPE,17,133,63,20,6
SRER_014,NEON.MAM.D14.357180,M,CHPE,20,123,38,20,9
JORN_018,NEON.MAM.D14.357332,F,PEFV,7,150,50,16,4
JORN_018,NEON.MAM.D14.357390,M,CHPE,17,168,87,22,7
JORN_031,NEON.MAM.D14.357444,F,CHPE,17,163,78,22,8
SRER_014,NEON.MAM.D14.357555,M,CHPE,20,180,93,21,8
JORN_001,NEON.MAM.D14.357667,F,CHPE,16,135,66,20,7
JORN_018,NEON.MAM.D14.357762,F,CHPE,14,145,90,21,6
JORN_031,NEON.MAM.D14.358103,F,PEFV,7,95,47,14,5
JORN_017,NEON.MAM.D14.358164,M,PEFV,6,104,52,14,4
JORN_031,NEON.MAM.D14.358270,F,PEFV,7,110,52,16,5
JORN_031,NEON.MAM.D14.358478,M,CHPE,16,164,83,22,6
JORN_001,NEON.MAM.D14.358574,M,CHPE,15,149,72,22,7
JORN_031,NEON.MAM.D14.358666,F,PEFV,7,97,42,14,5
JORN_017,NEON.MAM.D14.358852,M,CHPE,16,150,87,21,6
JORN_018,NEON.MAM.D14.358948,F,CHPE,16,163,82,20,5
SRER_012,NEON.MAM.D14.358959,F,CHBA,29,203,112,26,8
JORN_017,NEON.MAM.D14.359129,M,CHPE,15,162,87,22,6
JORN_011,NEON.MAM.D14.359168,F,CHPE,15,160,93,20,5
JORN_007,NEON.MAM.D14.359827,M,CHPE,15,135,70,20,6
JORN_031,NEON.MAM.D14.360634,M,CHPE,18,163,91,22,6
SRER_005,NEON.MAM.D14.491617,M,REFU,10,146,79,18,13
SRER_012,NEON.MAM.D14.497623,M,CHPE,17,147,84,22,7
JORN_007,NEON.MAM.D14.497788,M,CHPE,17,157,89,22,8
JORN_011,NEON.MAM.D14.795180,M,CHPE,17,157,81,21,6
JORN_011,NEON.MAM.D14.795619,M,CHPE,16,159,97,22,6
SRER_012,NEON.MAM.D14.796294,M,ONTO,23,87,46,20,15
JORN_018,NEON.MAM.D14.796344,M,CHPE,16,150,76,20,7
JORN_018,NEON.MAM.D14.796365,M,CHPE,18,139,63,20,6
JORN_018,NEON.MAM.D14.796378,M,CHPE,18,159,78,23,8
JORN_018,NEON.MAM.D14.796381,M,CHIN,13,120,56,20,6
JORN_017,NEON.MAM.D14.796404,F,CHPE,18,164,86,21,7
JORN_001,NEON.MAM.D14.796447,M,CHPE,15,143,73,21,8
JORN_017,NEON.MAM.D14.796448,F,CHPE,18,158,91,22,7
JORN_017,NEON.MAM.D14.796467,F,CHPE,17,150,76,21,8
JORN_018,NEON.MAM.D14.796469,F,PEFV,7,98,47,16,5
JORN_017,NEON.MAM.D14.796488,F,CHPE,18,153,88,20,7
JORN_011,NEON.MAM.D14.797050,M,PEFV,6,90,36,14,5
JORN_007,NEON.MAM.D14.797538,M,CHPE,17,159,90,21,7
JORN_018,NEON.MAM.D14.797660,M,CHPE,15,168,85,21,9
JORN_007,NEON.MAM.D14.797899,F,CHPE,16,148,83,20,5
SRER_012,NEON.MAM.D14.799350,F,CHBA,26,199,109,25,10
JORN_007,NEON.MAM.D14.807289,M,PEFV,9,102,48,17,4
JORN_001,NEON.MAM.D14.807931,M,CHPE,16,160,89,20,6
JORN_001,NEON.MAM.D14.808313,M,CHPE,15,162,88,21,7
JORN_017,NEON.MAM.D14.809218,F,XESP,101,228,70,31,6
SRER_012,NEON.MAM.D14.809446,M,CHBA,41,214,112,27,10
JORN_001,NEON.MAM.D14.809605,F,CHPE,11,149,91,21,5
JORN_007,NEON.MAM.D14.810792,F,CHPE,19,160,87,22,7
JORN_007,NEON.MAM.D14.810856,M,PEFV,6,102,51,15,6
SRER_012,NEON.MAM.D14.812595,F,CHBA,25,183,113,26,8
JORN_001,NEON.MAM.D14.813866,M,CHPE,14,140,60,20,7
JORN_011,NEON.MAM.D14.814616,M,CHPE,17,158,87,21,6
JORN_018,NEON.MAM.D14.816110,M,PEFV,9,103,48,15,5
JORN_007,NEON.MAM.D14.816487,F,CHPE,15,130,63,19,6
JORN_001,NEON.MAM.D14.833679,F,CHPE,15,144,76,20,7
JORN_001,NEON.MAM.D14.833799,M,PEFV,8,103,52,16,5
JORN_018,NEON.MAM.D14.834329,M,CHPE,16,150,84,21,7
JORN_011,NEON.MAM.D14.834454,M,CHPE,16,164,90,22,6
JORN_007,NEON.MAM.D14.834648,M,PEFV,7,111,44,16,5
JORN_011,NEON.MAM.D14.908965,M,CHPE,14,142,77,20,7
JORN_007,NEON.MAM.D14.908969,M,CHPE,17,162,83,21,6
JORN_017,NEON.MAM.D14.909089,M,PEFV,8,102,48,14,4
JORN_007,NEON.MAM.D14.909097,F,CHPE,15,161,80,21,7
JORN_001,NEON.MAM.D14.909231,F,CHPE,14,150,82,20,6
JORN_018,NEON.MAM.D14.909235,M,CHPE,16,169,91,22,7
JORN_007,NEON.MAM.D14.909241,F,CHPE,17,153,87,20,6
JORN_001,NEON.MAM.D14.909265,M,CHPE,15,169,91,20,6
JORN_018,NEON.MAM.D14.909394,M,CHPE,17,165,91,22,6
JORN_017,NEON.MAM.D14.909422,M,CHPE,17,162,90,22,6
JORN_017,NEON.MAM.D14.909425,M,PEFV,7,110,53,14,4
JORN_018,NEON.MAM.D14.909446,M,CHPE,17,175,93,21,6
JORN_001,NEON.MAM.D14.909513,F,CHPE,14,152,82,18,7
JORN_017,NEON.MAM.D14.909586,F,PEFV,7,103,52,14,4
JORN_018,NEON.MAM.D14.909600,M,CHPE,17,140,53,21,7
JORN_007,NEON.MAM.D14.909701,F,CHPE,13,69,58,19,6
JORN_011,NEON.MAM.D14.909742,F,PEFV,9,108,55,15,5
JORN_011,NEON.MAM.D14.909755,M,CHPE,17,129,71,21,8
JORN_018,NEON.MAM.D14.909883,M,PEFV,7,105,43,16,4
JORN_001,NEON.MAM.D14.909911,M,CHPE,14,156,88,20,5
JORN_017,NEON.MAM.D14.909920,F,CHPE,16,148,89,20,6
JORN_017,NEON.MAM.D14.909946,F,CHPE,17,140,68,20,7
JORN_018,NEON.MAM.D14.945533,F,CHPE,17,153,72,22,6
JORN_011,NEON.MAM.D14.954037,M,CHPE,16,153,91,20,6
JORN_001,NEON.MAM.D14.954088,M,PEFV,6,111,52,14,5
JORN_001,NEON.MAM.D14.954264,M,PEFV,6,101,51,14,5
JORN_007,NEON.MAM.D14.954403,F,CHPE,17,161,92,22,7
JORN_017,NEON.MAM.D14.954429,M,CHPE,16,156,92,20,5
JORN_001,NEON.MAM.D14.954432,F,PEFV,6,110,54,13,4
JORN_018,NEON.MAM.D14.954433,F,CHPE,16,148,74,21,7
JORN_011,NEON.MAM.D14.954443,F,PEFV,7,111,47,13,5
JORN_017,NEON.MAM.D14.954695,M,CHPE,17,154,88,20,6
JORN_017,NEON.MAM.D14.954780,M,CHPE,13,155,93,21,5
JORN_031,NEON.MAM.D14.954801,M,PEFV,6,100,53,13,5
JORN_017,NEON.MAM.D14.954849,F,CHPE,15,150,92,21,6
JORN_017,NEON.MAM.D14.954918,M,CHPE,16,149,72,20,5
JORN_031,NEON.MAM.D14.954919,M,PEFV,7,97,48,14,4
SRER_005,NEON.MAM.D14.L1169,F,SIOC,122,268,148,30,18
SRER_012,NEON.MAM.D14.L1384,M,ONTO,26,149,53,20,18
JORN_007,NEON.MAM.D14.L1474,M,ONLE,39,151,49,22,17
JORN_017,NEON.MAM.D14.L1797,M,ONAR,33,145,56,22,18
SRER_009,NEON.MAM.D14.L2448,F,ONTO,28,132,45,18,18
JORN_018,NEON.MAM.D14.L2787,F,ONTO,23,135,56,20,17
SRER_009,NEON.MAM.D14.L3006,M,ONTO,23,121,45,19,15
SRER_005,NEON.MAM.D14.L3025,M,ONTO,21,120,45,20,14
SRER_012,NEON.MAM.D14.L3030,M,ONTO,27,125,45,20,17
SRER_009,NEON.MAM.D14.L3217,M,ONTO,22,122,43,20,14
SRER_012,NEON.MAM.D14.L3305,M,ONTO,30,131,45,20,16
SRER_012,NEON.MAM.D14.L3338,M,ONTO,25,123,46,20,15
SRER_005,NEON.MAM.D14.L3383,M,SIOC,67,222,109,31,18
SRER_005,NEON.MAM.D14.L3416,M,ONTO,26,133,53,21,16
SRER_012,NEON.MAM.D14.L3432,F,ONTO,27,135,55,20,17
JORN_031,NEON.MAM.D14.L3449,F,ONLE,33,122,45,21,15
SRER_012,NEON.MAM.D14.L3452,M,ONTO,27,135,48,21,16
SRER_007,NEON.MAM.D14.L3454,M,ONTO,24,130,47,20,16
SRER_005,NEON.MAM.D14.L3464,F,REFU,13,152,94,18,13
SRER_007,NEON.MAM.D14.L3473,F,ONTO,25,138,60,21,17
SRER_005,NEON.MAM.D14.L3484,M,ONTO,31,133,47,21,16
SRER_005,NEON.MAM.D14.L3486,M,ONTO,24,128,51,20,17
SRER_009,NEON.MAM.D14.L3494,F,ONTO,25,126,53,20,17
SRER_008,NEON.MAM.D14.L3506,M,ONTO,24,140,48,19,18
SRER_012,NEON.MAM.D14.L3522,F,ONTO,25,132,49,20,16
SRER_012,NEON.MAM.D14.L3543,M,ONTO,24,135,52,22,16
SRER_005,NEON.MAM.D14.L3547,M,ONTO,25,135,49,21,15
SRER_005,NEON.MAM.D14.L3551,F,REFU,13,148,93,18,13
SRER_009,NEON.MAM.D14.L3567,F,ONTO,26,133,50,21,16
SRER_005,NEON.MAM.D14.L3569,F,SIOC,84,245,125,32,18
SRER_007,NEON.MAM.D14.L3609,M,ONTO,17,123,50,21,16
SRER_012,NEON.MAM.D14.L3615,M,ONTO,21,124,50,20,16
SRER_005,NEON.MAM.D14.L3618,F,ONTO,20,114,48,21,15
SRER_005,NEON.MAM.D14.L3633,F,ONTO,24,129,47,20,16
SRER_012,NEON.MAM.D14.L3634,F,ONTO,22,124,44,20,15
SRER_007,NEON.MAM.D14.L3640,M,ONTO,19,125,51,19,17
SRER_007,NEON.MAM.D14.L3647,M,ONTO,26,129,52,22,16
SRER_008,NEON.MAM.D14.L3651,M,ONTO,22,124,49,20,16
SRER_009,NEON.MAM.D14.L3663,M,ONTO,15,112,48,19,16
SRER_007,NEON.MAM.D14.L4382,F,ONTO,24,130,45,22,15
JORN_001,NEON.MAM.D14.L4497,M,ONAR,18,120,50,20,16
JORN_001,NEON.MAM.D14.O001D920150517,M,PEFV,6,101,51,14,5
JORN_001,NEON.MAM.D14.O001I520150519,F,CHPE,15,60,90,21,5
JORN_001,NEON.MAM.D14.O001I620150613,F,PEFV,7,112,48,14,5
JORN_001,NEON.MAM.D14.O001J1020150519,M,CHPE,15,151,88,21,5
JORN_001,NEON.MAM.D14.O001J1020150719,M,CHPE,16,160,87,20,5
JORN_001,NEON.MAM.D14.O001J520150519,M,PEFV,5,97,49,14,4
JORN_011,NEON.MAM.D14.O011G120150516,M,PEFV,6,92,38,14,4
JORN_018,NEON.MAM.D14.O018A720150814,M,CHPE,14,160,85,20,6
JORN_018,NEON.MAM.D14.O018F720150612,M,CHPE,15,153,85,20,6
JORN_018,NEON.MAM.D14.O018H1020150611,F,PEFV,7,111,51,14,6
JORN_031,NEON.MAM.D14.O031I220150720,M,PEFV,7,100,44,15,4
JORN_017,NEON.MAM.D14.R1026,M,ONLE,34,120,41,21,14
JORN_018,NEON.MAM.D14.R1046,F,PELE,12,141,71,20,14
JORN_018,NEON.MAM.D14.R1050,M,ONLE,26,135,42,19,14
JORN_018,NEON.MAM.D14.R1072,M,ONLE,36,140,45,20,18
JORN_018,NEON.MAM.D14.R1076,F,ONLE,25,135,49,21,15
JORN_018,NEON.MAM.D14.R1078,F,ONLE,30,153,50,22,15
JORN_018,NEON.MAM.D14.R1087,M,SIHI,50,180,75,26,15
JORN_017,NEON.MAM.D14.R1096,M,SIHI,170,256,115,30,15
JORN_017,NEON.MAM.D14.R1098,F,SIHI,115,252,120,30,17
JORN_001,NEON.MAM.D14.R1103,F,ONLE,28,131,53,20,17
JORN_017,NEON.MAM.D14.R1123,M,MUMU,13,145,72,16,10
JORN_007,NEON.MAM.D14.R1126,M,ONAR,33,124,47,20,16
JORN_017,NEON.MAM.D14.R1138,M,REME,12,145,70,16,11
SRER_012,NEON.MAM.D14.R1163,F,ONTO,27,150,50,20,16
JORN_007,NEON.MAM.D14.R1182,M,ONLE,32,155,45,22,16
JORN_007,NEON.MAM.D14.R1203,F,DIME,44,230,136,36,10
JORN_007,NEON.MAM.D14.R1207,M,DIME,42,250,152,31,12
JORN_007,NEON.MAM.D14.R1209,M,DIME,56,260,150,38,12
JORN_007,NEON.MAM.D14.R1210,M,PEFV,15,75,41,19,14
JORN_007,NEON.MAM.D14.R1212,F,DIME,42,240,140,34,10
JORN_001,NEON.MAM.D14.R1253,F,ONAR,33,55,48,21,17
JORN_017,NEON.MAM.D14.R1274,F,ONLE,21,133,54,18,16
JORN_017,NEON.MAM.D14.R1283,M,SIHI,185,239,95,28,16
JORN_007,NEON.MAM.D14.R1350,M,ONAR,37,142,47,22,17
SRER_005,NEON.MAM.D14.R1351,F,PEER,23,196,100,20,21
JORN_001,NEON.MAM.D14.R1379,M,ONAR,20,130,46,19,19
SRER_005,NEON.MAM.D14.R1385,M,NEAL,207,305,154,36,24
SRER_007,NEON.MAM.D14.R1401,M,DIME,43,218,125,35,12
SRER_005,NEON.MAM.D14.R1421,M,REFU,12,157,95,18,16
SRER_005,NEON.MAM.D14.R1423,M,REFU,16,162,100,19,10
SRER_005,NEON.MAM.D14.R1429,M,REFU,13,170,95,19,14
SRER_008,NEON.MAM.D14.R1437,F,REFU,13,155,99,18,13
JORN_018,NEON.MAM.D14.R1449,M,ONAR,24,131,41,21,16
JORN_018,NEON.MAM.D14.R1450,M,NEAL,171,268,103,35,24
JORN_018,NEON.MAM.D14.R1454,M,NEAL,135,317,130,38,23
JORN_001,NEON.MAM.D14.R1458,M,NEAL,222,290,132,36,34
SRER_012,NEON.MAM.D14.R1477,F,NEAL,166,300,128,32,29
SRER_012,NEON.MAM.D14.R1479,F,ONTO,23,145,53,21,16
SRER_007,NEON.MAM.D14.R1600,F,DIME,38,220,126,34,11
SRER_007,NEON.MAM.D14.R1602,F,DIME,47,164,47,34,7
SRER_007,NEON.MAM.D14.R1604,M,DIME,40,233,134,34,13
SRER_007,NEON.MAM.D14.R1608,F,DIME,41,231,136,33,11
SRER_007,NEON.MAM.D14.R1611,M,NEAL,130,283,125,35,23
JORN_018,NEON.MAM.D14.R1619,M,NEAL,187,305,114,34,22
SRER_005,NEON.MAM.D14.R1621,F,REME,10,157,90,18,14
SRER_007,NEON.MAM.D14.R1622,F,NEAL,188,299,130,35,22
JORN_031,NEON.MAM.D14.R1625,F,NEAL,171,287,119,34,23
SRER_007,NEON.MAM.D14.R1629,M,DIME,44,237,143,35,11
SRER_014,NEON.MAM.D14.R1630,M,PEBO,22,190,100,21,19
SRER_002,NEON.MAM.D14.R1640,F,ONTO,26,140,46,20,22
SRER_014,NEON.MAM.D14.R1652,F,NEAL,175,268,124,30,27
SRER_008,NEON.MAM.D14.R1660,M,REFU,16,178,97,18,19
SRER_007,NEON.MAM.D14.R1661,M,NEAL,123,264,123,31,27
SRER_007,NEON.MAM.D14.R1662,F,NEAL,146,233,59,31,26
SRER_012,NEON.MAM.D14.R1666,M,ONTO,30,146,50,21,16
SRER_014,NEON.MAM.D14.R1669,M,NEAL,130,235,114,33,25
SRER_007,NEON.MAM.D14.R1682,F,DIME,42,164,79,36,9
SRER_007,NEON.MAM.D14.R1683,M,NEAL,214,294,143,32,26
SRER_007,NEON.MAM.D14.R1684,M,DIME,45,233,137,34,12
SRER_007,NEON.MAM.D14.R1685,M,DIME,41,229,134,34,12
SRER_007,NEON.MAM.D14.R1686,M,DIME,42,223,131,35,12
SRER_007,NEON.MAM.D14.R1687,M,NEAL,88,243,113,32,30
SRER_008,NEON.MAM.D14.R1688,F,NEAL,185,294,146,30,26
SRER_007,NEON.MAM.D14.R1689,F,DIME,42,167,109,35,12
SRER_008,NEON.MAM.D14.R1690,F,NEAL,176,281,144,32,29
SRER_007,NEON.MAM.D14.R1692,M,DIME,39,233,136,34,12
SRER_012,NEON.MAM.D14.R1693,M,PEER,27,207,109,20,20
SRER_007,NEON.MAM.D14.R1696,F,DIME,42,233,134,34,12
SRER_009,NEON.MAM.D14.R1701,F,PEER,31,188,102,21,16
SRER_012,NEON.MAM.D14.R1706,F,NEAL,65,221,99,31,27
SRER_012,NEON.MAM.D14.R1713,F,PEER,22,204,108,20,19
SRER_012,NEON.MAM.D14.R1722,F,NEAL,184,287,125,31,26
SRER_005,NEON.MAM.D14.R1735,F,PEER,28,185,97,22,17
SRER_009,NEON.MAM.D14.R1749,F,ONTO,30,149,49,20,16
SRER_012,NEON.MAM.D14.R1774,M,PEME,24,204,115,22,17
SRER_005,NEON.MAM.D14.R1777,M,ONTO,23,142,57,20,18
SRER_005,NEON.MAM.D14.R1781,F,PEER,28,187,100,21,20
SRER_005,NEON.MAM.D14.R1782,M,REFU,12,161,93,19,11
SRER_012,NEON.MAM.D14.R1783,F,NEAL,130,274,124,31,26
SRER_009,NEON.MAM.D14.R1821,F,ONTO,30,112,52,20,19
SRER_009,NEON.MAM.D14.R1902,M,ONTO,28,148,49,21,17
SRER_007,NEON.MAM.D14.R1924,F,ONTO,27,149,60,20,16
JORN_018,NEON.MAM.D14.R2058,M,ONLE,31,169,46,23,22
SRER_014,NEON.MAM.D14.R2226,F,ONTO,24,132,46,21,14
SRER_009,NEON.MAM.D14.R2440,F,PEER,28,191,112,21,18
SRER_012,NEON.MAM.D14.R2572,F,PEMA,21,138,69,20,15
JORN_007,NEON.MAM.D14.R2595,F,NEMI,262,301,125,36,24
JORN_007,NEON.MAM.D14.R2600,F,NEMI,226,302,130,36,24
SRER_005,NEON.MAM.D14.R2695,M,REME,9,125,63,16,10
SRER_005,NEON.MAM.D14.R2744,M,ONTO,27,123,50,20,17
SRER_007,NEON.MAM.D14.R2821,M,ONTO,28,130,49,22,16
JORN_007,NEON.MAM.D14.R2824,M,ONTO,23,123,47,21,15
JORN_017,NEON.MAM.D14.R2852,M,ONLE,26,125,40,22,14
JORN_017,NEON.MAM.D14.R2893,M,NEMI,270,305,130,38,24
JORN_007,NEON.MAM.D14.R3032,F,ONTO,30,136,48,19,17
SRER_012,NEON.MAM.D14.R3084,F,ONTO,24,115,49,20,15
SRER_012,NEON.MAM.D14.R3116,F,ONTO,32,122,53,20,18
JORN_031,NEON.MAM.D14.R3138,F,ONTO,32,125,49,22,15
SRER_007,NEON.MAM.D14.R3170,M,SIAR,107,260,125,33,12
SRER_009,NEON.MAM.D14.R3176,M,ONTO,18,138,55,21,17
SRER_005,NEON.MAM.D14.R3181,F,ONTO,25,130,55,22,16
SRER_007,NEON.MAM.D14.R3365,M,ONTO,33,142,57,21,17
SRER_005,NEON.MAM.D14.R3404,F,ONTO,24,126,52,20,16
SRER_007,NEON.MAM.D14.R3411,M,ONTO,19,120,45,20,15
SRER_007,NEON.MAM.D14.R3412,M,ONTO,29,135,40,21,13
SRER_005,NEON.MAM.D14.R3476,M,ONTO,26,124,51,21,17
SRER_007,NEON.MAM.D14.R3485,F,ONTO,22,135,56,22,16
SRER_012,NEON.MAM.D14.R3510,F,ONTO,22,134,52,22,16
SRER_007,NEON.MAM.D14.R3538,M,ONTO,25,138,51,22,17
SRER_007,NEON.MAM.D14.R3635,F,ONTO,25,129,51,20,17
SRER_009,NEON.MAM.D14.R3662,M,ONTO,25,130,53,21,16
SRER_009,NEON.MAM.D14.R3670,M,ONTO,24,129,51,21,16
SRER_005,NEON.MAM.D14.R3809,M,ONTO,25,133,53,22,16
SRER_007,NEON.MAM.D14.R3960,M,ONTO,26,146,50,21,16
SRER_005,NEON.MAM.D14.R3997,M,ONTO,26,120,45,22,15
JORN_001,NEON.MAM.D14.R4009,M,ONAR,20,129,53,21,16
SRER_007,NEON.MAM.D14.R4016,F,ONTO,22,130,45,20,16
SRER_012,NEON.MAM.D14.R4053,M,ONTO,21,117,48,21,15
SRER_009,NEON.MAM.D14.R4061,F,ONTO,22,122,51,20,16
SRER_014,NEON.MAM.D14.R4072,M,ONTO,24,129,51,21,16
SRER_012,NEON.MAM.D14.R4077,M,ONTO,28,140,50,21,16
SRER_012,NEON.MAM.D14.R4080,F,ONTO,30,127,45,21,15
SRER_009,NEON.MAM.D14.R4107,M,REFU,13,151,83,20,13
SRER_009,NEON.MAM.D14.R4109,F,ONTO,20,127,54,22,16
SRER_005,NEON.MAM.D14.R4189,M,REFU,10,161,93,19,13
JORN_018,NEON.MAM.D14.R4190,F,PELE,23,154,64,23,15
SRER_007,NEON.MAM.D14.R4231,M,REFU,10,149,81,19,10
SRER_007,NEON.MAM.D14.R4234,F,REFU,10,139,82,20,11
SRER_012,NEON.MAM.D14.R4335,M,ONTO,28,135,55,22,16
SRER_012,NEON.MAM.D14.R4336,M,REME,10,130,70,15,10
SRER_007,NEON.MAM.D14.R4355,M,ONTO,26,140,40,21,14
SRER_012,NEON.MAM.D14.R4413,F,ONTO,27,115,40,21,13
JORN_018,NEON.MAM.D14.R4439,F,ONAR,25,135,48,22,16
SRER_005,NEON.MAM.D14.R4445,F,ONTO,26,140,50,22,16
SRER_005,NEON.MAM.D14.R4447,M,ONTO,27,140,45,21,17
JORN_001,NEON.MAM.D14.R4477,M,ONAR,22,130,50,23,16
JORN_001,NEON.MAM.D14.R4486,F,ONAR,16,128,42,22,14
ONAQ_020,NEON.MAM.D15.000406128563,M,PEPA,15,145,93,24,8
ONAQ_005,NEON.MAM.D15.000690,F,PEPA,19,144,68,22,5
ONAQ_020,NEON.MAM.D15.099748,U,PEPA,12,142,84,23,8
ONAQ_004,NEON.MAM.D15.128444,F,PEPA,16,142,86,22,8
ONAQ_004,NEON.MAM.D15.128605,M,PEPA,20,170,93,23,4
ONAQ_019,NEON.MAM.D15.129700,M,PEPA,21,169,93,24,8
ONAQ_019,NEON.MAM.D15.129989,F,PEPA,20,169,92,23,6
ONAQ_020,NEON.MAM.D15.131415,M,PEPA,21,173,94,24,8
ONAQ_023,NEON.MAM.D15.131910,F,PEPA,19,157,87,23,10
ONAQ_003,NEON.MAM.D15.132217,M,PEPA,22,170,91,24,7
ONAQ_020,NEON.MAM.D15.132252,M,PEPA,19,157,90,23,7
ONAQ_014,NEON.MAM.D15.141595,M,PEPA,29,163,89,24,9
ONAQ_004,NEON.MAM.D15.216773,M,PEPA,20,175,110,23,6
ONAQ_004,NEON.MAM.D15.218344,F,PEPA,19,154,94,23,7
ONAQ_005,NEON.MAM.D15.219885,M,PEPA,17,154,88,21,7
ONAQ_004,NEON.MAM.D15.276830,M,PEPA,22,163,101,21,9
ONAQ_020,NEON.MAM.D15.276842,F,PEPA,16,147,85,22,6
ONAQ_023,NEON.MAM.D15.276977,M,PEPA,23,166,95,24,6
ONAQ_023,NEON.MAM.D15.279451,M,PEPA,19,158,90,23,7
ONAQ_023,NEON.MAM.D15.279452,M,PEPA,18,164,98,24,6
ONAQ_003,NEON.MAM.D15.281412,M,PEPA,19,166,95,24,8
ONAQ_004,NEON.MAM.D15.282788,F,PEPA,14,145,91,23,7
ONAQ_003,NEON.MAM.D15.282844,M,PEPA,19,164,91,25,7
ONAQ_003,NEON.MAM.D15.283017,M,PEPA,24,149,61,24,8
ONAQ_005,NEON.MAM.D15.283205,F,PEPA,20,161,94,22,6
ONAQ_020,NEON.MAM.D15.283211,M,PEPA,20,144,65,21,6
ONAQ_020,NEON.MAM.D15.283563,M,PEPA,18,156,77,23,9
ONAQ_004,NEON.MAM.D15.285522,M,PEPA,19,166,95,24,8
ONAQ_003,NEON.MAM.D15.286503,F,PEPA,21,167,92,23,7
ONAQ_003,NEON.MAM.D15.287920,F,PEPA,20,162,84,23,7
ONAQ_004,NEON.MAM.D15.287998,M,PEPA,18,164,94,24,7
ONAQ_023,NEON.MAM.D15.295807,M,PEPA,22,175,103,24,8
ONAQ_023,NEON.MAM.D15.296959,M,PEPA,21,176,92,24,8
ONAQ_020,NEON.MAM.D15.297539,F,PEPA,19,165,98,23,8
ONAQ_023,NEON.MAM.D15.297789,M,PEPA,22,170,100,23,8
ONAQ_003,NEON.MAM.D15.297879,M,LECU,25,110,15,15,10
ONAQ_005,NEON.MAM.D15.298367,M,PEPA,18,163,98,22,5
ONAQ_023,NEON.MAM.D15.298415,M,PEPA,22,176,98,24,9
ONAQ_019,NEON.MAM.D15.298740,M,PEPA,19,171,92,23,8
ONAQ_023,NEON.MAM.D15.298814,M,PEPA,22,177,105,24,9
ONAQ_020,NEON.MAM.D15.299050,F,PEPA,18,165,92,22,6
ONAQ_004,NEON.MAM.D15.299566,M,PEPA,18,165,113,24,8
ONAQ_004,NEON.MAM.D15.305965,F,PEPA,19,145,72,21,6
ONAQ_019,NEON.MAM.D15.306283,M,PEPA,24,175,93,24,8
ONAQ_015,NEON.MAM.D15.306845,F,PEPA,21,150,88,23,9
ONAQ_003,NEON.MAM.D15.342129,M,PEPA,18,163,95,25,6
ONAQ_004,NEON.MAM.D15.355374,M,PEPA,19,160,94,23,8
ONAQ_004,NEON.MAM.D15.357279,M,PEPA,21,166,98,24,6
ONAQ_020,NEON.MAM.D15.358493,M,PEPA,23,155,95,22,23
ONAQ_020,NEON.MAM.D15.358527,F,PEPA,18,164,92,8,24
ONAQ_023,NEON.MAM.D15.358815,F,PEPA,20,165,93,23,8
ONAQ_020,NEON.MAM.D15.41905,F,PEPA,15,142,95,22,9
ONAQ_020,NEON.MAM.D15.43127,M,PEPA,16,147,93,23,8
ONAQ_003,NEON.MAM.D15.441600,M,PEPA,24,159,94,23,8
ONAQ_004,NEON.MAM.D15.441608,M,PEPA,20,172,105,25,9
ONAQ_023,NEON.MAM.D15.441620,M,PEPA,17,164,92,23,11
ONAQ_004,NEON.MAM.D15.441654,M,PEPA,19,162,93,22,8
ONAQ_004,NEON.MAM.D15.441667,F,PEPA,17,165,97,24,7
ONAQ_019,NEON.MAM.D15.441668,F,PEPA,16,141,82,21,7
ONAQ_020,NEON.MAM.D15.441771,M,PEPA,20,167,98,24,9
ONAQ_005,NEON.MAM.D15.441775,F,PEPA,18,164,99,23,8
ONAQ_019,NEON.MAM.D15.441783,F,PEPA,16,146,81,24,6
ONAQ_003,NEON.MAM.D15.441821,F,PEPA,18,161,92,22,7
ONAQ_020,NEON.MAM.D15.441905,F,PEPA,14,145,93,24,8
ONAQ_023,NEON.MAM.D15.441980,M,PEPA,18,155,84,22,6
ONAQ_023,NEON.MAM.D15.441994,M,PEPA,15,140,95,21,9
ONAQ_003,NEON.MAM.D15.442102,F,PEPA,20,166,98,24,7
ONAQ_020,NEON.MAM.D15.442114,M,PEPA,21,173,96,24,8
ONAQ_020,NEON.MAM.D15.442173,M,PEPA,24,163,102,24,7
ONAQ_004,NEON.MAM.D15.442215,M,PEPA,18,163,98,22,9
ONAQ_020,NEON.MAM.D15.442276,M,PEPA,15,143,94,23,8
ONAQ_003,NEON.MAM.D15.442423,F,PEPA,22,174,94,24,8
ONAQ_020,NEON.MAM.D15.442428,U,PEPA,15,141,100,22,7
ONAQ_004,NEON.MAM.D15.442457,M,PEPA,18,152,95,20,8
ONAQ_020,NEON.MAM.D15.442462,M,PEPA,19,160,88,25,7
ONAQ_003,NEON.MAM.D15.442495,M,PEPA,22,164,96,22,8
ONAQ_019,NEON.MAM.D15.442519,U,PEPA,19,163,95,25,7
ONAQ_003,NEON.MAM.D15.442540,F,PEPA,16,143,97,21,7
ONAQ_023,NEON.MAM.D15.442576,M,PEPA,15,141,93,22,7
ONAQ_023,NEON.MAM.D15.442582,M,PEPA,13,143,90,22,8
ONAQ_003,NEON.MAM.D15.442592,F,PEPA,25,160,94,23,9
ONAQ_020,NEON.MAM.D15.442615,F,PEPA,17,163,94,22,8
ONAQ_019,NEON.MAM.D15.442651,M,PEPA,17,161,102,22,6
ONAQ_004,NEON.MAM.D15.442673,F,PEPA,13,144,94,23,7
ONAQ_019,NEON.MAM.D15.442770,F,PEPA,18,157,78,24,7
ONAQ_020,NEON.MAM.D15.442841,F,PEPA,21,167,86,24,8
ONAQ_005,NEON.MAM.D15.442941,F,PEPA,16,139,78,21,8
ONAQ_020,NEON.MAM.D15.442968,M,PEPA,26,170,102,26,9
ONAQ_020,NEON.MAM.D15.443127,M,PEPA,16,147,92,22,8
ONAQ_003,NEON.MAM.D15.443182,M,PEPA,20,168,95,26,6
ONAQ_003,NEON.MAM.D15.443326,M,PEPA,21,171,94,24,8
ONAQ_020,NEON.MAM.D15.443333,M,PEPA,20,171,98,24,9
ONAQ_003,NEON.MAM.D15.443387,M,PEPA,25,155,90,23,9
ONAQ_003,NEON.MAM.D15.443489,M,PEPA,21,173,98,24,8
ONAQ_023,NEON.MAM.D15.444630,F,PEPA,14,145,88,26,6
ONAQ_020,NEON.MAM.D15.444645,U,PEPA,17,162,96,22,7
ONAQ_020,NEON.MAM.D15.446657,M,PEPA,16,147,91,23,7
ONAQ_003,NEON.MAM.D15.448170,M,PEPA,18,160,87,23,8
ONAQ_023,NEON.MAM.D15.448301,M,PEPA,21,168,97,25,6
ONAQ_004,NEON.MAM.D15.448450,F,PEPA,15,142,96,23,7
ONAQ_023,NEON.MAM.D15.448497,M,PEPA,16,150,89,26,6
ONAQ_023,NEON.MAM.D15.448558,M,PEPA,23,166,93,24,6
ONAQ_003,NEON.MAM.D15.448590,M,PEPA,17,163,93,23,8
ONAQ_003,NEON.MAM.D15.448640,F,PEPA,17,164,93,28,7
ONAQ_020,NEON.MAM.D15.448821,M,PEPA,15,144,93,22,6
ONAQ_003,NEON.MAM.D15.448831,F,PEPA,14,143,82,23,7
ONAQ_023,NEON.MAM.D15.448858,M,PEPA,20,155,98,20,6
ONAQ_023,NEON.MAM.D15.448878,M,PEPA,18,166,94,24,8
ONAQ_005,NEON.MAM.D15.448889,F,PEPA,18,164,98,23,8
ONAQ_020,NEON.MAM.D15.46657,M,PEPA,18,156,89,22,6
ONAQ_019,NEON.MAM.D15.526741,F,PEPA,17,161,87,24,6
ONAQ_020,NEON.MAM.D15.526894,U,PEPA,14,145,92,22,8
ONAQ_003,NEON.MAM.D15.765651,M,PEPA,25,151,85,23,7
ONAQ_014,NEON.MAM.D15.768129,F,PEPA,20,153,75,23,7
ONAQ_003,NEON.MAM.D15.768743,M,PEPA,24,163,90,24,10
ONAQ_020,NEON.MAM.D15.825472,M,PEPA,19,160,89,27,6
ONAQ_008,NEON.MAM.D15.935037,M,PEPA,25,158,98,22,8
ONAQ_014,NEON.MAM.D15.937025,M,PEPA,25,161,93,24,8
ONAQ_015,NEON.MAM.D15.937047,F,PEPA,22,165,93,23,9
ONAQ_003,NEON.MAM.D15.937214,M,PEPA,21,160,88,24,9
ONAQ_014,NEON.MAM.D15.940484,M,PEPA,24,88,60,23,6
ONAQ_004,NEON.MAM.D15.975138,M,PEPA,18,159,61,22,9
ONAQ_004,NEON.MAM.D15.993586,M,PEPA,23,161,87,23,7
ONAQ_021,NEON.MAM.D15.L1024,M,PEMA,18,137,68,19,18
ONAQ_021,NEON.MAM.D15.L1025,F,PETR,28,169,85,23,22
ONAQ_003,NEON.MAM.D15.L1040,F,NEMN,39,141,115,26,14
ONAQ_021,NEON.MAM.D15.L1042,M,PETR,28,174,90,24,23
ONAQ_021,NEON.MAM.D15.L1043,M,PEMA,22,144,68,19,17
ONAQ_021,NEON.MAM.D15.L1044,M,PEMA,18,142,65,20,17
ONAQ_021,NEON.MAM.D15.L1045,F,PEMA,25,153,71,19,18
ONAQ_014,NEON.MAM.D15.L1049,M,PEMA,18,143,65,19,14
ONAQ_005,NEON.MAM.D15.L1051,M,ONLE,27,113,32,17,16
ONAQ_003,NEON.MAM.D15.L1072,M,NEMN,31,188,97,26,13
ONAQ_021,NEON.MAM.D15.L1074,F,PEMA,15,133,60,20,17
ONAQ_005,NEON.MAM.D15.L1088,M,PEMA,24,157,65,21,17
ONAQ_005,NEON.MAM.D15.L1091,M,PEMA,22,144,67,19,17
ONAQ_003,NEON.MAM.D15.L1097,M,PEMA,20,145,58,20,17
ONAQ_014,NEON.MAM.D15.L1273,M,REME,11,127,58,15,13
ONAQ_003,NEON.MAM.D15.L1410,F,DIOR,54,271,155,38,14
ONAQ_017,NEON.MAM.D15.L1470,M,PEMA,20,148,70,20,18
ONAQ_005,NEON.MAM.D15.L1529,F,DIOR,58,242,143,36,14
ONAQ_005,NEON.MAM.D15.L1531,F,DIOR,54,242,140,34,12
ONAQ_005,NEON.MAM.D15.L1532,F,DIOR,48,223,130,39,13
ONAQ_005,NEON.MAM.D15.L1533,F,DIOR,54,242,140,38,13
ONAQ_014,NEON.MAM.D15.L1552,F,DIMI,54,239,128,37,13
ONAQ_003,NEON.MAM.D15.L1672,F,DIOR,53,238,132,39,13
ONAQ_003,NEON.MAM.D15.L1674,F,DIOR,63,258,151,37,13
ONAQ_005,NEON.MAM.D15.L1728,F,DIOR,49,230,132,38,13
ONAQ_005,NEON.MAM.D15.L1729,F,DIOR,51,238,136,37,13
ONAQ_005,NEON.MAM.D15.L1730,M,PEMA,19,145,68,19,15
ONAQ_005,NEON.MAM.D15.L1743,F,DIOR,54,242,140,39,12
ONAQ_005,NEON.MAM.D15.L1758,F,PEMA,23,141,62,19,12
ONAQ_015,NEON.MAM.D15.L1776,F,DIOR,48,210,120,39,12
ONAQ_005,NEON.MAM.D15.L1777,M,ONLE,24,106,38,19,14
ONAQ_004,NEON.MAM.D15.L1786,M,REME,9,133,69,18,12
ONAQ_004,NEON.MAM.D15.L1797,M,DIMI,76,260,165,42,11
ONAQ_015,NEON.MAM.D15.L1803,F,DIOR,50,235,130,40,10
ONAQ_014,NEON.MAM.D15.L1812,M,DIOR,62,250,139,41,13
ONAQ_015,NEON.MAM.D15.L1836,M,PEMA,21,143,69,20,13
ONAQ_020,NEON.MAM.D15.L1852,F,DIMI,62,265,155,40,12
ONAQ_020,NEON.MAM.D15.L1867,M,PEMA,19,128,58,19,14
ONAQ_020,NEON.MAM.D15.L1868,M,PEMA,18,150,72,21,15
ONAQ_005,NEON.MAM.D15.L1877,F,DIOR,59,210,125,39,12
ONAQ_005,NEON.MAM.D15.L1885,M,REME,11,109,56,18,12
ONAQ_020,NEON.MAM.D15.L1886,M,DIOR,68,263,155,37,11
ONAQ_003,NEON.MAM.D15.L1947,M,DIOR,57,258,152,41,13
ONAQ_015,NEON.MAM.D15.L1949,F,DIOR,65,255,150,40,13
ONAQ_019,NEON.MAM.D15.L2006,M,PEMA,19,143,64,20,17
ONAQ_005,NEON.MAM.D15.L2027,M,LECU,21,115,17,17,11
ONAQ_019,NEON.MAM.D15.L2043,M,DIOR,63,247,148,39,13
ONAQ_019,NEON.MAM.D15.L2046,M,PEMA,20,145,65,20,16
ONAQ_023,NEON.MAM.D15.L2051,M,PEMA,20,139,62,20,13
ONAQ_023,NEON.MAM.D15.L2052,M,PEMA,18,127,63,19,15
ONAQ_023,NEON.MAM.D15.L2054,M,PEMA,19,137,61,20,13
ONAQ_019,NEON.MAM.D15.L2057,F,DIMI,66,260,164,42,13
ONAQ_023,NEON.MAM.D15.L2060,M,PEMA,17,116,53,19,14
ONAQ_019,NEON.MAM.D15.L2063,M,LECU,23,125,23,19,11
ONAQ_023,NEON.MAM.D15.L2071,F,PEMA,18,140,67,17,15
ONAQ_019,NEON.MAM.D15.L2077,F,PEMA,18,142,77,20,19
ONAQ_023,NEON.MAM.D15.L2085,M,PEMA,22,137,71,21,19
ONAQ_020,NEON.MAM.D15.L2087,M,DIOR,64,265,145,39,13
ONAQ_019,NEON.MAM.D15.L2091,M,PEMA,22,140,63,20,14
ONAQ_020,NEON.MAM.D15.L2278,M,NEMN,30,173,88,26,10
ONAQ_023,NEON.MAM.D15.L2317,M,PEMA,18,142,65,20,17
ONAQ_005,NEON.MAM.D15.L2321,M,PEMA,17,152,68,21,17
ONAQ_005,NEON.MAM.D15.L2327,F,DIOR,53,217,128,38,11
ONAQ_019,NEON.MAM.D15.L2329,M,LECU,20,108,18,16,11
ONAQ_004,NEON.MAM.D15.L2343,F,NEMN,34,165,80,28,11
ONAQ_003,NEON.MAM.D15.L2390,M,REME,9,123,66,17,13
ONAQ_019,NEON.MAM.D15.L2404,M,PEMA,23,151,76,21,16
ONAQ_019,NEON.MAM.D15.L2411,M,NEMN,31,167,78,28,11
ONAQ_019,NEON.MAM.D15.L2441,M,PEMA,18,133,63,20,13
ONAQ_004,NEON.MAM.D15.L2455,M,DIMI,64,274,165,41,12
ONAQ_020,NEON.MAM.D15.L2578,F,DIMI,69,275,164,41,12
ONAQ_020,NEON.MAM.D15.L2579,F,DIOR,54,255,143,40,13
ONAQ_005,NEON.MAM.D15.L2610,F,ONLE,23,107,28,19,14
ONAQ_005,NEON.MAM.D15.L2613,M,DIMI,74,276,180,43,13
ONAQ_005,NEON.MAM.D15.L2620,M,DIOR,51,228,134,42,13
ONAQ_020,NEON.MAM.D15.L2815,M,DIMI,70,261,156,42,13
ONAQ_020,NEON.MAM.D15.L2821,F,DIOR,64,262,147,41,13
ONAQ_020,NEON.MAM.D15.L2852,M,DIMI,72,266,160,39,11
ONAQ_020,NEON.MAM.D15.L2975,M,REME,13,69,119,18,13
ONAQ_019,NEON.MAM.D15.L3242,M,NEMN,37,176,85,23,13
ONAQ_019,NEON.MAM.D15.L3331,F,PEMA,18,144,71,20,17
ONAQ_019,NEON.MAM.D15.L3336,M,PEMA,18,148,73,21,17
ONAQ_019,NEON.MAM.D15.L3337,M,PEMA,18,139,67,21,16
ONAQ_004,NEON.MAM.D15.L3561,M,DIOR,55,228,138,40,12
ONAQ_004,NEON.MAM.D15.L3750,M,PEMA,19,145,70,20,14
ONAQ_005,NEON.MAM.D15.L4130,M,DIOR,48,220,122,40,13
ONAQ_005,NEON.MAM.D15.L4138,M,DIOR,52,221,129,38,11
ONAQ_005,NEON.MAM.D15.L4147,M,DIOR,48,229,133,36,11
ONAQ_020,NEON.MAM.D15.L4590,F,PEMA,14,130,60,17,18
ONAQ_020,NEON.MAM.D15.L4592,F,DIOR,49,166,111,36,12
ONAQ_020,NEON.MAM.D15.L5515,F,DIOR,50,235,134,35,12
ONAQ_003,NEON.MAM.D15.O003A1020210909,U,PEPA,18,156,90,22,7
ONAQ_003,NEON.MAM.D15.O003A220210707,M,PEPA,20,164,96,22,8
ONAQ_003,NEON.MAM.D15.O003A820210706,F,PEPA,19,164,94,24,7
ONAQ_003,NEON.MAM.D15.O003B220210706,M,PEPA,21,170,94,24,7
ONAQ_003,NEON.MAM.D15.O003B520210706,M,PEPA,9,137,75,23,8
ONAQ_003,NEON.MAM.D15.O003B720210706,M,PEPA,22,169,96,24,5
ONAQ_003,NEON.MAM.D15.O003B920210909,M,PEPA,18,164,103,25,6
ONAQ_003,NEON.MAM.D15.O003C320210707,F,PEPA,19,154,75,25,6
ONAQ_003,NEON.MAM.D15.O003C420210707,F,PEPA,17,163,94,25,7
ONAQ_003,NEON.MAM.D15.O003D420210706,M,PEPA,12,142,87,23,8
ONAQ_003,NEON.MAM.D15.O003D520210706,F,DIOR,47,177,100,44,11
ONAQ_003,NEON.MAM.D15.O003E920210908,M,PEPA,22,168,96,25,7
ONAQ_003,NEON.MAM.D15.O003F1020210909,M,PEPA,15,142,92,23,7
ONAQ_003,NEON.MAM.D15.O003H520220824,F,PEPA,14,148,90,24,6
ONAQ_003,NEON.MAM.D15.O003I220210707,F,PEPA,19,152,82,21,7
ONAQ_003,NEON.MAM.D15.O003J1020210707,M,PEPA,13,140,90,21,9
ONAQ_003,NEON.MAM.D15.O003J520210707,U,PEPA,17,164,97,25,6
ONAQ_003,NEON.MAM.D15.O003J620210706,F,PEPA,20,173,91,24,8
ONAQ_004,NEON.MAM.D15.O004B920210811,M,PEPA,16,148,94,25,6
ONAQ_004,NEON.MAM.D15.O004E520210811,M,PEPA,18,163,96,25,5
ONAQ_004,NEON.MAM.D15.O004G1020211005,M,PEPA,15,143,104,22,5
ONAQ_004,NEON.MAM.D15.O004H520210708,M,PEPA,12,143,88,22,6
ONAQ_004,NEON.MAM.D15.O004J320210811,M,PEPA,16,148,95,28,6
ONAQ_004,NEON.MAM.D15.O004J420210811,M,PEPA,17,164,93,23,9
ONAQ_005,NEON.MAM.D15.O005A420210813,M,PEPA,14,142,83,22,7
ONAQ_005,NEON.MAM.D15.O005E720210813,M,PEPA,18,156,88,22,6
ONAQ_005,NEON.MAM.D15.O005F720210812,F,PEPA,16,147,87,28,7
ONAQ_005,NEON.MAM.D15.O005F720210813,F,PEPA,14,143,87,21,5
ONAQ_019,NEON.MAM.D15.O019A120210907,M,PEPA,16,142,90,21,7
ONAQ_019,NEON.MAM.D15.O019A120211005,M,PEPA,18,163,93,22,8
ONAQ_019,NEON.MAM.D15.O019A620210708,F,PEPA,25,155,95,23,7
ONAQ_019,NEON.MAM.D15.O019A820210812,M,PEPA,15,142,95,21,6
ONAQ_019,NEON.MAM.D15.O019A820210907,M,PEPA,20,169,100,24,7
ONAQ_019,NEON.MAM.D15.O019C420210812,M,PEPA,18,161,92,22,7
ONAQ_019,NEON.MAM.D15.O019C620210907,F,PEPA,11,138,88,21,8
ONAQ_019,NEON.MAM.D15.O019E120211005,F,PEPA,15,145,95,25,6
ONAQ_019,NEON.MAM.D15.O019E720230919,M,PEPA,17,164,96,24,7
ONAQ_019,NEON.MAM.D15.O019F920210708,M,PEPA,18,161,92,22,6
ONAQ_019,NEON.MAM.D15.O019H220210812,M,PEPA,17,159,95,22,5
ONAQ_019,NEON.MAM.D15.O019H920210907,M,PEPA,14,146,94,24,9
ONAQ_019,NEON.MAM.D15.O019I120210907,F,PEPA,22,155,91,20,9
ONAQ_019,NEON.MAM.D15.O019J1020211005,M,PEPA,20,167,99,23,7
ONAQ_019,NEON.MAM.D15.O019J120210812,M,PEPA,17,160,93,21,9
ONAQ_019,NEON.MAM.D15.O019J220210907,M,PEPA,22,171,104,23,8
ONAQ_019,NEON.MAM.D15.O019J620210708,M,PEPA,17,163,94,26,7
ONAQ_020,NEON.MAM.D15.O020A420210909,M,PEPA,18,165,93,24,7
ONAQ_020,NEON.MAM.D15.O020A520211006,M,PEPA,18,164,102,25,6
ONAQ_020,NEON.MAM.D15.O020C1020220628,F,PEPA,22,154,96,20,6
ONAQ_020,NEON.MAM.D15.O020F1020210707,M,PEPA,14,136,73,21,7
ONAQ_020,NEON.MAM.D15.O020G220210909,M,PEPA,20,154,67,24,7
ONAQ_020,NEON.MAM.D15.O020H920210909,M,PEPA,17,161,88,24,7
ONAQ_020,NEON.MAM.D15.O020I1020210813,M,PEPA,17,159,90,23,7
ONAQ_020,NEON.MAM.D15.O020I820210706,M,PEPA,24,163,91,24,7
ONAQ_020,NEON.MAM.D15.O020J120210909,U,PEPA,17,161,90,24,7
ONAQ_020,NEON.MAM.D15.O020J320210813,M,PEPA,12,141,83,23,7
ONAQ_020,NEON.MAM.D15.O020J820210707,M,PEPA,22,148,63,25,6
ONAQ_020,NEON.MAM.D15.O020J920210813,M,PEPA,9,138,88,22,9
ONAQ_020,NEON.MAM.D15.O020J920220628,M,PEPA,21,160,100,21,7
ONAQ_023,NEON.MAM.D15.O023B120211005,F,PEPA,16,146,81,24,7
ONAQ_023,NEON.MAM.D15.O023D1020210907,F,PEPA,15,145,93,23,6
ONAQ_023,NEON.MAM.D15.O023H120210708,F,PEPA,20,172,93,24,8
ONAQ_003,NEON.MAM.D15.R1054,F,DIOR,52,236,132,37,12
ONAQ_003,NEON.MAM.D15.R1057,F,DIOR,52,223,122,36,11
ONAQ_003,NEON.MAM.D15.R1172,F,DIOR,58,228,130,39,13
ONAQ_005,NEON.MAM.D15.R1189,M,DIMI,63,233,141,40,13
ONAQ_021,NEON.MAM.D15.R1203,F,PEMA,26,143,78,19,16
ONAQ_015,NEON.MAM.D15.R1289,M,PEMA,23,139,59,19,19
ONAQ_017,NEON.MAM.D15.R1301,F,PETR,24,153,74,22,22
ONAQ_008,NEON.MAM.D15.R1324,M,PETR,27,168,83,23,22
ONAQ_021,NEON.MAM.D15.R1394,M,PEPA,20,168,100,23,8
ONAQ_021,NEON.MAM.D15.R1398,M,PEMA,18,134,62,20,15
ONAQ_003,NEON.MAM.D15.R1411,M,DIOR,64,280,155,41,14
ONAQ_015,NEON.MAM.D15.R1412,M,NEMN,31,178,86,26,13
ONAQ_017,NEON.MAM.D15.R1467,F,PEMA,16,142,67,17,13
ONAQ_003,NEON.MAM.D15.R1505,M,LECU,17,110,18,19,11
ONAQ_005,NEON.MAM.D15.R1621,M,PEMA,18,141,66,20,18
ONAQ_005,NEON.MAM.D15.R1622,F,DIOR,50,249,132,38,12
ONAQ_005,NEON.MAM.D15.R1626,F,DIOR,51,235,135,38,13
ONAQ_015,NEON.MAM.D15.R1692,F,PEMA,21,145,69,21,18
ONAQ_005,NEON.MAM.D15.R1706,F,PEMA,24,145,67,19,16
ONAQ_003,NEON.MAM.D15.R1721,M,DIOR,50,210,127,37,12
ONAQ_005,NEON.MAM.D15.R1733,M,DIOR,53,225,115,36,13
ONAQ_014,NEON.MAM.D15.R1755,M,REME,11,139,61,16,12
ONAQ_004,NEON.MAM.D15.R1757,M,PEMA,20,136,64,20,18
ONAQ_014,NEON.MAM.D15.R1768,F,DIOR,60,238,135,35,11
ONAQ_015,NEON.MAM.D15.R1815,M,DIOR,40,215,131,35,10
ONAQ_015,NEON.MAM.D15.R1831,M,PEMA,23,140,62,19,17
ONAQ_014,NEON.MAM.D15.R1834,F,REME,10,126,68,14,12
ONAQ_020,NEON.MAM.D15.R1851,M,PEMA,18,149,72,20,16
ONAQ_020,NEON.MAM.D15.R1854,M,PEMA,19,151,72,20,16
ONAQ_020,NEON.MAM.D15.R1856,M,PEMA,18,132,63,20,15
ONAQ_020,NEON.MAM.D15.R1858,M,DIOR,62,250,140,40,10
ONAQ_020,NEON.MAM.D15.R1863,F,DIOR,74,268,149,41,9
ONAQ_020,NEON.MAM.D15.R1866,M,DIMI,64,270,159,41,10
ONAQ_020,NEON.MAM.D15.R1869,M,PEMA,17,132,66,20,13
ONAQ_020,NEON.MAM.D15.R1871,M,PEMA,19,162,75,20,15
ONAQ_015,NEON.MAM.D15.R1924,F,DIMI,67,260,170,39,12
ONAQ_004,NEON.MAM.D15.R1938,M,PEMA,18,132,64,19,17
ONAQ_004,NEON.MAM.D15.R1942,F,PEMA,20,135,71,20,17
ONAQ_004,NEON.MAM.D15.R1946,F,PEMA,18,137,66,20,17
ONAQ_003,NEON.MAM.D15.R1973,F,DIOR,51,234,128,38,12
ONAQ_020,NEON.MAM.D15.R2050,M,DIOR,70,258,142,40,11
ONAQ_019,NEON.MAM.D15.R2056,F,DIOR,66,234,145,40,13
ONAQ_020,NEON.MAM.D15.R2065,M,DIOR,66,243,148,39,10
ONAQ_020,NEON.MAM.D15.R2066,M,DIOR,66,249,152,38,11
ONAQ_019,NEON.MAM.D15.R2081,F,DIMI,63,275,164,40,13
ONAQ_004,NEON.MAM.D15.R2115,M,PEMA,21,140,64,19,17
ONAQ_005,NEON.MAM.D15.R2195,M,DIOR,57,108,111,38,12
ONAQ_020,NEON.MAM.D15.R2277,M,REME,9,118,61,16,11
ONAQ_005,NEON.MAM.D15.R2313,M,DIOR,52,221,136,40,11
ONAQ_004,NEON.MAM.D15.R2324,M,DIMI,72,260,155,37,11
ONAQ_005,NEON.MAM.D15.R2328,M,DIOR,63,229,132,41,12
ONAQ_005,NEON.MAM.D15.R2331,M,DIOR,52,221,132,36,11
ONAQ_004,NEON.MAM.D15.R2337,M,DIOR,52,229,132,38,11
ONAQ_004,NEON.MAM.D15.R2341,F,DIMI,57,275,166,40,12
ONAQ_003,NEON.MAM.D15.R2399,M,DIOR,50,240,140,40,13
ONAQ_005,NEON.MAM.D15.R2603,M,DIMI,52,220,140,40,12
ONAQ_005,NEON.MAM.D15.R2608,M,DIOR,62,251,152,37,13
ONAQ_004,NEON.MAM.D15.R2824,M,PEMA,23,133,60,21,17
ONAQ_004,NEON.MAM.D15.R2916,M,NEMN,33,168,76,28,12
ONAQ_005,NEON.MAM.D15.R3232,F,NEMN,46,170,83,29,11
ONAQ_004,NEON.MAM.D15.R3373,M,PEMA,20,154,75,20,15
ONAQ_004,NEON.MAM.D15.R3417,M,PEMA,21,150,64,21,15
ONAQ_005,NEON.MAM.D15.R3425,F,DIOR,57,219,131,38,2
ONAQ_023,NEON.MAM.D15.R3458,F,NEMN,50,187,93,32,12
ONAQ_020,NEON.MAM.D15.R3491,M,DIOR,63,137,138,40,13
ONAQ_020,NEON.MAM.D15.R3508,M,NEMN,29,172,86,28,8
ONAQ_020,NEON.MAM.D15.R3516,M,NEMN,37,177,89,25,13
ONAQ_020,NEON.MAM.D15.R3562,M,PEMA,18,129,57,19,16
ONAQ_005,NEON.MAM.D15.R3581,F,DIOR,53,231,135,40,13
ONAQ_023,NEON.MAM.D15.R3676,M,PEMA,16,141,65,19,15
ONAQ_023,NEON.MAM.D15.R3695,F,PEMA,17,147,73,18,18
ONAQ_020,NEON.MAM.D15.R3701,M,PEMA,19,136,64,17,15
ONAQ_020,NEON.MAM.D15.R3708,M,DIOR,43,221,131,36,11
ONAQ_020,NEON.MAM.D15.R3709,M,PEMA,23,147,65,19,15
ONAQ_020,NEON.MAM.D15.R3710,M,PEMA,18,133,67,18,14
ONAQ_020,NEON.MAM.D15.R3715,M,DIOR,56,242,143,35,11
ONAQ_020,NEON.MAM.D15.R3716,F,DIOR,59,253,146,34,11
ONAQ_020,NEON.MAM.D15.R3721,F,DIOR,57,227,130,35,12
ONAQ_020,NEON.MAM.D15.R3723,M,DIOR,67,251,147,36,13
ONAQ_003,NEON.MAM.D15.R3743,F,ONLE,34,114,40,19,14
ONAQ_023,NEON.MAM.D15.R3748,M,PETR,20,157,82,22,22
ONAQ_004,NEON.MAM.D15.R3756,F,DIOR,56,264,155,38,12
ONAQ_004,NEON.MAM.D15.R3758,M,DIOR,74,236,153,38,13
ONAQ_004,NEON.MAM.D15.R3764,M,PEMA,20,142,63,20,17
ONAQ_004,NEON.MAM.D15.R3765,M,DIOR,51,237,135,35,13
ONAQ_023,NEON.MAM.D15.R3768,F,PETR,22,148,70,21,20
ONAQ_023,NEON.MAM.D15.R3769,F,PEMA,21,133,60,17,18
ONAQ_023,NEON.MAM.D15.R3770,F,PETR,23,162,78,22,24
ONAQ_023,NEON.MAM.D15.R3771,M,PETR,24,162,85,21,22
ONAQ_023,NEON.MAM.D15.R3772,M,PETR,20,157,82,23,22
ONAQ_023,NEON.MAM.D15.R3773,M,NELE,155,265,115,30,25
ONAQ_023,NEON.MAM.D15.R3777,F,NELE,140,265,119,31,27
ONAQ_023,NEON.MAM.D15.R3780,M,PEMA,14,133,60,18,15
ONAQ_023,NEON.MAM.D15.R3781,F,PETR,22,163,86,22,22
ONAQ_023,NEON.MAM.D15.R3786,M,PETR,23,165,80,22,23
ONAQ_003,NEON.MAM.D15.R3819,M,PECR,16,110,65,17,11
ONAQ_003,NEON.MAM.D15.R3820,M,PEPA,22,168,110,25,6
ONAQ_005,NEON.MAM.D15.R3872,F,DIOR,62,227,127,36,12
ONAQ_023,NEON.MAM.D15.R3909,F,REME,12,127,71,16,12
ONAQ_020,NEON.MAM.D15.R4006,F,NEMN,34,171,76,28,13
ONAQ_003,NEON.MAM.D15.R4026,M,DIOR,52,230,134,40,13
ONAQ_005,NEON.MAM.D15.R4027,F,DIOR,60,261,155,36,14
ONAQ_003,NEON.MAM.D15.R4033,F,DIOR,65,256,150,37,14
ONAQ_005,NEON.MAM.D15.R4037,F,DIOR,56,230,127,38,14
ONAQ_005,NEON.MAM.D15.R4041,F,DIOR,53,228,120,37,13
ONAQ_005,NEON.MAM.D15.R4049,F,DIOR,55,228,127,36,12
ONAQ_020,NEON.MAM.D15.R4050,F,DIOR,44,232,136,38,13
ONAQ_020,NEON.MAM.D15.R4051,M,DIOR,44,231,134,38,12
ONAQ_020,NEON.MAM.D15.R4052,F,DIOR,52,244,148,39,12
ONAQ_005,NEON.MAM.D15.R4056,M,DIOR,54,232,125,35,13
ONAQ_005,NEON.MAM.D15.R4057,F,DIOR,51,229,127,38,14
ONAQ_005,NEON.MAM.D15.R4059,M,DIOR,59,241,140,39,13
ONAQ_005,NEON.MAM.D15.R4063,M,DIOR,58,228,125,40,12
ONAQ_005,NEON.MAM.D15.R4064,M,DIOR,56,227,124,40,13
ONAQ_005,NEON.MAM.D15.R4065,M,DIOR,56,227,123,39,14
ONAQ_005,NEON.MAM.D15.R4066,M,DIOR,48,229,132,36,11
ONAQ_003,NEON.MAM.D15.R4068,M,DIMI,66,262,162,40,13
ONAQ_003,NEON.MAM.D15.R4070,U,DIOR,45,220,129,39,10
ONAQ_004,NEON.MAM.D15.R4074,M,DIOR,44,218,123,35,12
ONAQ_020,NEON.MAM.D15.R4085,M,DIOR,49,226,130,37,13
ONAQ_020,NEON.MAM.D15.R4087,F,DIOR,56,220,115,38,12
ONAQ_020,NEON.MAM.D15.R4088,F,DIOR,45,209,125,37,12
ONAQ_020,NEON.MAM.D15.R4089,U,DIOR,54,233,130,38,13
ONAQ_020,NEON.MAM.D15.R4091,M,DIOR,50,219,125,39,10
ONAQ_023,NEON.MAM.D15.R4092,F,PETR,25,174,93,22,22
ONAQ_020,NEON.MAM.D15.R4093,M,DIOR,63,230,142,38,13
ONAQ_023,NEON.MAM.D15.R4095,M,PETR,23,165,84,22,22
ONAQ_020,NEON.MAM.D15.R4097,M,DIOR,57,219,127,40,11
ONAQ_020,NEON.MAM.D15.R4098,M,DIOR,53,237,135,37,14
ONAQ_003,NEON.MAM.D15.R4100,M,PEMA,18,141,71,19,17
ONAQ_003,NEON.MAM.D15.R4104,M,DIMI,60,256,160,42,13
ONAQ_003,NEON.MAM.D15.R4105,U,DIOR,50,223,127,40,13
ONAQ_003,NEON.MAM.D15.R4106,M,DIOR,49,217,124,35,12
ONAQ_003,NEON.MAM.D15.R4107,M,DIMI,74,257,150,35,11
ONAQ_003,NEON.MAM.D15.R4108,M,DIOR,50,219,123,36,11
ONAQ_003,NEON.MAM.D15.R4110,M,DIOR,52,229,135,40,13
ONAQ_003,NEON.MAM.D15.R4112,F,DIOR,47,220,128,36,11
ONAQ_003,NEON.MAM.D15.R4113,F,DIOR,46,229,133,37,11
ONAQ_003,NEON.MAM.D15.R4114,M,DIOR,46,218,127,36,12
ONAQ_003,NEON.MAM.D15.R4117,F,DIOR,54,232,126,36,13
ONAQ_005,NEON.MAM.D15.R4118,M,PEMA,19,145,68,19,15
ONAQ_023,NEON.MAM.D15.R4119,M,NELE,205,303,137,37,24
ONAQ_004,NEON.MAM.D15.R4121,F,DIOR,65,262,155,35,12
ONAQ_004,NEON.MAM.D15.R4125,M,DIOR,55,232,131,38,12
ONAQ_019,NEON.MAM.D15.R4126,F,DIOR,48,222,130,35,12
ONAQ_020,NEON.MAM.D15.R4139,M,DIOR,48,224,130,38,14
ONAQ_004,NEON.MAM.D15.R4140,M,DIOR,51,229,129,38,12
ONAQ_019,NEON.MAM.D15.R4142,M,PEMA,18,137,69,18,14
ONAQ_004,NEON.MAM.D15.R4144,M,DIOR,55,243,142,40,13
ONAQ_019,NEON.MAM.D15.R4148,M,DIOR,49,232,137,34,11
ONAQ_004,NEON.MAM.D15.R4156,F,DIOR,48,217,120,38,11
ONAQ_019,NEON.MAM.D15.R4164,M,PEMA,16,134,59,18,14
ONAQ_019,NEON.MAM.D15.R4168,F,PEMA,20,144,70,17,16
ONAQ_019,NEON.MAM.D15.R4169,M,PEMA,15,129,60,17,15
ONAQ_003,NEON.MAM.D15.R4172,F,DIOR,47,219,120,34,10
ONAQ_020,NEON.MAM.D15.R4176,M,DIOR,37,219,130,37,11
ONAQ_020,NEON.MAM.D15.R4177,M,DIOR,48,221,131,39,12
ONAQ_020,NEON.MAM.D15.R4178,F,DIOR,43,225,130,38,13
ONAQ_005,NEON.MAM.D15.R4183,F,DIOR,58,234,133,35,12
ONAQ_005,NEON.MAM.D15.R4184,M,DIOR,47,222,131,35,12
ONAQ_005,NEON.MAM.D15.R4187,M,DIOR,51,222,125,39,12
ONAQ_004,NEON.MAM.D15.R4198,M,PEMA,16,145,66,20,16
ONAQ_005,NEON.MAM.D15.R4223,M,DIOR,51,223,129,37,11
ONAQ_023,NEON.MAM.D15.R4226,M,PETR,15,144,74,21,22
ONAQ_023,NEON.MAM.D15.R4232,M,PETR,24,162,81,23,23
ONAQ_023,NEON.MAM.D15.R4234,M,PEMA,17,132,61,19,17
ONAQ_023,NEON.MAM.D15.R4236,F,PETR,25,151,87,25,23
ONAQ_005,NEON.MAM.D15.R4281,M,PEMA,15,129,56,18,14
ONAQ_005,NEON.MAM.D15.R4349,M,PEMA,19,147,64,20,13
ONAQ_004,NEON.MAM.D15.R4380,M,PEMA,16,138,66,18,15
ONAQ_020,NEON.MAM.D15.R4401,F,DIOR,51,231,134,35,11
ONAQ_020,NEON.MAM.D15.R4454,M,ONLE,26,113,40,18,15
ONAQ_004,NEON.MAM.D15.R4518,M,PEMA,15,130,61,19,13
ONAQ_004,NEON.MAM.D15.R4544,M,PEMA,17,142,67,17,13
ONAQ_004,NEON.MAM.D15.R4545,F,PETR,21,158,86,20,22
ONAQ_004,NEON.MAM.D15.R4548,M,PEMA,19,143,71,19,14
ONAQ_003,NEON.MAM.D15.R4569,F,DIOR,54,239,143,33,13
ONAQ_003,NEON.MAM.D15.R4570,M,DIOR,57,233,134,38,14
ONAQ_003,NEON.MAM.D15.R4579,M,DIOR,49,234,133,36,14
ONAQ_003,NEON.MAM.D15.R4580,F,DIOR,59,265,167,38,14
ONAQ_003,NEON.MAM.D15.R4581,M,DIOR,40,222,129,37,12
ONAQ_003,NEON.MAM.D15.R4582,M,DIOR,38,225,129,37,14
ONAQ_003,NEON.MAM.D15.R4583,M,DIOR,54,231,128,39,15
ONAQ_020,NEON.MAM.D15.R4589,M,DIOR,58,234,137,39,12
ONAQ_019,NEON.MAM.D15.R4613,F,PEMA,19,149,75,18,15
ONAQ_019,NEON.MAM.D15.R4614,M,PEMA,17,148,73,20,14
ONAQ_019,NEON.MAM.D15.R4623,M,DIOR,54,232,131,37,12
ONAQ_019,NEON.MAM.D15.R4624,F,PEMA,20,141,64,19,16
ONAQ_004,NEON.MAM.D15.R4669,M,PEMA,18,150,74,21,16
ONAQ_003,NEON.MAM.D15.R4685,F,DIOR,46,231,134,38,12
ONAQ_003,NEON.MAM.D15.R4691,M,DIOR,58,232,130,38,14
ONAQ_003,NEON.MAM.D15.R4696,F,DIOR,66,237,130,38,14
ONAQ_005,NEON.MAM.D15.R5507,F,DIOR,51,172,99,34,13
ONAQ_023,NEON.MAM.D15.R5516,F,PETR,17,152,77,21,24
ONAQ_003,NEON.MAM.D15.R5521,M,DIOR,36,218,120,35,12
ONAQ_020,NEON.MAM.D15.R5547,U,NEMN,35,179,92,28,14
ONAQ_003,NEON.MAM.D15.R5557,F,DIOR,58,231,135,36,12
ONAQ_003,NEON.MAM.D15.R5572,M,DIOR,30,214,114,34,12
ONAQ_003,NEON.MAM.D15.R5579,F,DIOR,49,234,133,37,14
ONAQ_003,NEON.MAM.D15.R5581,F,DIOR,40,218,126,36,12
ONAQ_023,NEON.MAM.D15.R5587,M,NELE,113,259,121,28,27
ONAQ_003,NEON.MAM.D15.R5592,M,DIOR,25,210,114,35,10
ONAQ_005,NEON.MAM.D15.R5627,M,DIOR,62,244,142,37,12
ONAQ_020,NEON.MAM.D15.R5629,M,PEMA,17,147,75,19,22
ONAQ_005,NEON.MAM.D15.R5630,M,PEMA,24,149,78,19,13
ONAQ_020,NEON.MAM.D15.R5632,M,PEMA,14,139,65,19,15
ONAQ_020,NEON.MAM.D15.R5636,M,ONLE,25,113,35,18,16
ONAQ_020,NEON.MAM.D15.R5637,M,PEMA,16,142,66,22,17
ONAQ_005,NEON.MAM.D15.R5639,M,DIOR,55,255,151,35,13
ONAQ_020,NEON.MAM.D15.R5640,M,ONLE,25,110,39,17,15
ONAQ_020,NEON.MAM.D15.R5659,M,PEMA,16,134,61,18,15
ONAQ_003,NEON.MAM.D15.R5673,F,DIOR,64,234,132,35,13
ONAQ_020,NEON.MAM.D15.R5674,M,PEMA,24,157,72,20,21
ONAQ_003,NEON.MAM.D15.R5680,F,DIOR,40,220,123,34,10
ONAQ_003,NEON.MAM.D15.R5692,M,DIOR,55,232,122,37,13
ONAQ_004,NEON.MAM.D15.R5725,M,ONLE,27,116,36,18,18
ONAQ_019,NEON.MAM.D15.R5771,M,PEMA,19,146,67,20,15
ONAQ_019,NEON.MAM.D15.R5772,M,PEMA,17,137,66,19,14
ONAQ_004,NEON.MAM.D15.R5773,M,PEMA,20,155,74,21,17
ONAQ_019,NEON.MAM.D15.R5798,M,DIOR,62,253,150,39,12
ONAQ_019,NEON.MAM.D15.R5799,M,DIOR,55,237,135,36,13
WREF_012,NEON.MAM.D16.L0830,M,PEKE,25,116,118,23,19
ABBY_002,NEON.MAM.D16.O002C5,U,SOMO,5,93,48,12,6
ABBY_002,NEON.MAM.D16.R0094,M,PEKE,24,196,110,22,18
ABBY_011,NEON.MAM.D16.R0300,F,MILO,52,190,75,25,16
ABBY_002,NEON.MAM.D16.R0416,M,MILO,44,190,68,22,17
ABBY_002,NEON.MAM.D16.R0448,M,MILO,57,116,73,24,14
WREF_011,NEON.MAM.D16.R0928,F,PEKE,20,180,103,20,19
WREF_004,NEON.MAM.D16.R1503,M,PEKE,21,102,100,20,16
SJER_006,NEON.MAM.D17.199071,F,PEIN,10,123,75,16,7
SJER_033,NEON.MAM.D17.249581,F,PEIN,13,131,74,17,4
SJER_032,NEON.MAM.D17.249606,F,PEIN,9,118,64,16,7
TEAK_001,NEON.MAM.D17.442072,F,MIMO,35,155,54,21,14
SJER_006,NEON.MAM.D17.442318,F,PEIN,8,116,68,17,7
SJER_006,NEON.MAM.D17.501543,F,CHCA,20,188,126,25,9
SJER_032,NEON.MAM.D17.501545,M,PEIN,10,124,73,14,6
SJER_006,NEON.MAM.D17.501546,F,PEIN,10,124,69,17,6
SJER_006,NEON.MAM.D17.501551,F,PEIN,9,121,67,17,8
SJER_006,NEON.MAM.D17.501557,F,PEIN,10,124,76,12,6
SJER_032,NEON.MAM.D17.501562,M,PEIN,8,115,63,16,4
SJER_009,NEON.MAM.D17.501563,F,CHCA,18,184,122,25,7
SJER_006,NEON.MAM.D17.501564,F,REME,9,133,69,17,6
SJER_032,NEON.MAM.D17.501570,M,PEIN,11,109,60,12,6
SJER_006,NEON.MAM.D17.501571,F,PEIN,10,126,64,19,4
SJER_007,NEON.MAM.D17.501573,F,CHCA,26,197,142,25,8
SJER_006,NEON.MAM.D17.501575,F,PEIN,10,125,69,17,6
SJER_006,NEON.MAM.D17.501582,M,PEIN,10,128,68,18,6
SJER_006,NEON.MAM.D17.501594,F,PEIN,9,127,74,17,4
SJER_009,NEON.MAM.D17.501597,F,CHCA,27,213,138,27,7
SJER_009,NEON.MAM.D17.501599,F,CHCA,21,183,136,24,6
SJER_006,NEON.MAM.D17.501600,M,CHCA,22,195,135,25,12
SJER_006,NEON.MAM.D17.501607,F,CHCA,24,195,133,23,10
SJER_032,NEON.MAM.D17.501609,F,PEIN,8,116,67,17,8
SJER_033,NEON.MAM.D17.501612,F,PEIN,10,119,68,18,7
SJER_006,NEON.MAM.D17.501616,M,PEIN,11,131,76,19,6
SJER_032,NEON.MAM.D17.501628,F,PEIN,8,106,56,19,7
SJER_006,NEON.MAM.D17.501631,F,REME,10,119,72,17,7
SJER_033,NEON.MAM.D17.501632,F,PEIN,10,124,72,18,7
SJER_033,NEON.MAM.D17.501633,M,PEIN,12,125,71,14,4
SJER_006,NEON.MAM.D17.729932,F,CHCA,22,182,128,14,7
SJER_006,NEON.MAM.D17.729957,M,CHCA,21,200,134,27,9
SJER_006,NEON.MAM.D17.785187,F,REME,11,130,75,16,15
SJER_010,NEON.MAM.D17.785196,F,CHCA,30,220,140,27,13
SJER_006,NEON.MAM.D17.785207,M,PEIN,13,129,73,16,5
SJER_032,NEON.MAM.D17.7852225,F,CHCA,23,203,123,25,11
SJER_010,NEON.MAM.D17.785244,F,CHCA,24,186,123,25,5
SJER_032,NEON.MAM.D17.D2915,F,PETR,24,179,105,23,24
SOAP_002,NEON.MAM.D17.L1000,F,PEBO,23,193,98,21,19
SJER_033,NEON.MAM.D17.L1005,M,PEMA,15,130,62,17,16
SJER_006,NEON.MAM.D17.L1029,F,PEMA,15,135,55,19,15
SJER_033,NEON.MAM.D17.L1033,M,REME,8,117,65,16,11
SJER_006,NEON.MAM.D17.L1045,F,PEMA,20,155,76,18,17
SOAP_002,NEON.MAM.D17.L1047,F,PEBO,24,162,86,21,19
SOAP_002,NEON.MAM.D17.L1048,F,PEBO,19,167,92,21,18
SJER_009,NEON.MAM.D17.L1051,M,PEBO,26,160,70,22,18
SJER_009,NEON.MAM.D17.L1069,F,PEBO,23,196,106,22,17
SJER_033,NEON.MAM.D17.L1070,F,REME,8,115,70,15,10
SJER_013,NEON.MAM.D17.L1084,M,PEMA,27,197,115,21,15
SJER_032,NEON.MAM.D17.L1110,F,REME,10,126,72,15,9
SJER_013,NEON.MAM.D17.L1141,F,CHCA,27,220,135,27,9
SJER_033,NEON.MAM.D17.L1148,F,PETR,19,170,94,22,23
SJER_013,NEON.MAM.D17.L1153,F,CHCA,25,151,80,27,9
SJER_013,NEON.MAM.D17.L1168,F,CHCA,28,203,129,26,11
SOAP_002,NEON.MAM.D17.L1174,M,PEBO,21,175,95,21,18
SOAP_002,NEON.MAM.D17.L1175,F,PEBO,28,170,86,22,19
SOAP_006,NEON.MAM.D17.L1176,F,PEBO,21,184,105,21,17
SOAP_002,NEON.MAM.D17.L1177,M,PEBO,23,172,97,22,19
SOAP_002,NEON.MAM.D17.L1179,M,PEBO,18,166,94,20,18
SOAP_002,NEON.MAM.D17.L1182,F,PEBO,22,169,86,20,18
TEAK_001,NEON.MAM.D17.L1183,F,MIMO,55,162,45,21,15
SOAP_002,NEON.MAM.D17.L1186,F,PEBO,26,184,99,20,19
SOAP_006,NEON.MAM.D17.L1187,M,PEBO,21,182,102,22,18
SOAP_027,NEON.MAM.D17.L1188,F,PEBO,21,170,94,23,21
SOAP_027,NEON.MAM.D17.L1190,F,PETR,22,175,95,22,23
SOAP_006,NEON.MAM.D17.L1191,F,PEBO,19,175,99,22,18
TEAK_003,NEON.MAM.D17.L1192,F,PEMA,19,145,67,20,17
SOAP_027,NEON.MAM.D17.L1195,M,PEBO,21,181,103,21,18
SOAP_002,NEON.MAM.D17.L1197,M,PEBO,21,180,92,22,19
SOAP_006,NEON.MAM.D17.L1198,M,PEBO,28,190,100,22,20
SJER_006,NEON.MAM.D17.L1213,F,PEBO,23,186,103,22,18
SJER_013,NEON.MAM.D17.L1252,F,CHCA,27,179,99,24,11
SJER_007,NEON.MAM.D17.L1256,F,PEBO,28,198,112,23,19
SJER_012,NEON.MAM.D17.L1288,M,PEMA,20,139,64,19,15
SJER_006,NEON.MAM.D17.L1374,M,REME,9,129,72,16,12
SJER_006,NEON.MAM.D17.L1512,F,PEMA,22,142,70,20,13
SJER_006,NEON.MAM.D17.L1519,F,PEMA,18,145,68,18,16
SJER_032,NEON.MAM.D17.L1520,F,REME,9,132,72,18,12
SJER_009,NEON.MAM.D17.L1522,M,REME,9,124,69,16,7
SJER_006,NEON.MAM.D17.L1523,M,PEMA,23,160,86,20,17
SJER_006,NEON.MAM.D17.L1537,M,PEBO,30,222,123,21,20
SJER_006,NEON.MAM.D17.L1551,F,PEBO,25,205,104,21,20
SJER_006,NEON.MAM.D17.L1593,F,PEMA,21,143,67,16,15
SJER_006,NEON.MAM.D17.L1601,M,PEMA,15,128,66,16,9
SJER_033,NEON.MAM.D17.L1741,F,PEMA,23,168,77,19,12
SJER_006,NEON.MAM.D17.L1818,M,PEBO,21,186,126,22,18
SJER_009,NEON.MAM.D17.L1902,F,PEBO,19,156,70,21,18
SJER_032,NEON.MAM.D17.L1903,M,REME,11,130,70,15,6
SJER_009,NEON.MAM.D17.L1906,F,PEBO,27,169,99,22,17
SJER_006,NEON.MAM.D17.L1911,M,PEMA,20,139,70,20,15
SJER_032,NEON.MAM.D17.L1912,M,REME,11,122,60,16,12
SJER_006,NEON.MAM.D17.L1926,F,PEMA,19,139,69,20,15
SJER_013,NEON.MAM.D17.L1932,M,REME,10,127,68,19,9
SJER_013,NEON.MAM.D17.L1933,F,CHCA,23,175,118,25,9
SJER_013,NEON.MAM.D17.L1937,F,CHCA,27,185,128,24,10
SJER_013,NEON.MAM.D17.L1938,F,CHCA,22,170,106,25,19
SJER_033,NEON.MAM.D17.L1942,M,REME,10,125,68,15,10
SJER_013,NEON.MAM.D17.L1945,F,PEMA,19,166,90,24,16
SJER_013,NEON.MAM.D17.L1949,F,CHCA,22,200,124,25,11
TEAK_001,NEON.MAM.D17.L1952,M,PEMA,16,134,67,19,17
TEAK_001,NEON.MAM.D17.L1954,M,MILO,65,191,51,22,15
TEAK_032,NEON.MAM.D17.L1961,M,NESP,35,176,81,31,15
TEAK_001,NEON.MAM.D17.L1965,M,MIMO,56,161,48,21,14
SJER_006,NEON.MAM.D17.L1966,F,PEBO,22,170,94,21,18
TEAK_007,NEON.MAM.D17.L1975,F,PEMA,17,150,74,20,16
TEAK_001,NEON.MAM.D17.L1979,F,MILO,39,158,58,22,14
TEAK_003,NEON.MAM.D17.L1985,M,PEMA,15,135,60,20,16
TEAK_032,NEON.MAM.D17.L1993,M,NESP,35,201,90,35,20
TEAK_010,NEON.MAM.D17.L1997,F,NESP,61,205,88,32,19
SOAP_003,NEON.MAM.D17.L2041,F,PEBO,26,200,104,22,15
SJER_006,NEON.MAM.D17.L2091,F,REME,9,125,68,17,11
SOAP_002,NEON.MAM.D17.L2157,F,PEBO,24,186,102,22,20
SOAP_006,NEON.MAM.D17.L2170,M,PEBO,27,205,107,22,15
SOAP_006,NEON.MAM.D17.L2179,F,PEBO,22,186,101,22,20
SJER_033,NEON.MAM.D17.L2186,F,PETR,27,185,109,23,25
SJER_012,NEON.MAM.D17.L2187,M,PEMA,20,145,69,20,17
SOAP_002,NEON.MAM.D17.L2188,M,PEBO,19,174,97,22,18
SOAP_006,NEON.MAM.D17.L2192,M,PEMA,18,147,71,17,17
SJER_002,NEON.MAM.D17.L2193,F,PETR,34,208,111,20,23
SJER_006,NEON.MAM.D17.L2205,M,PEBO,26,192,104,22,19
SOAP_002,NEON.MAM.D17.L2206,F,PETR,24,174,94,22,23
SOAP_002,NEON.MAM.D17.L2209,F,PEBO,27,181,96,20,19
SOAP_002,NEON.MAM.D17.L2219,F,PEBO,20,181,98,22,20
SOAP_006,NEON.MAM.D17.L2220,M,PEBO,22,180,97,19,18
SJER_006,NEON.MAM.D17.L2290,M,PEMA,20,147,70,20,22
SJER_033,NEON.MAM.D17.L2297,F,PETR,30,190,114,22,24
SJER_009,NEON.MAM.D17.L2314,M,PEBO,28,198,112,22,21
SOAP_003,NEON.MAM.D17.L2318,M,MICA,48,168,58,23,8
TEAK_003,NEON.MAM.D17.L2320,M,PEMA,15,136,69,19,17
SJER_007,NEON.MAM.D17.L2322,F,PEBO,22,176,99,22,20
SOAP_027,NEON.MAM.D17.L2327,F,PETR,28,190,110,23,23
SOAP_027,NEON.MAM.D17.L2328,F,PETR,30,210,110,22,24
TEAK_010,NEON.MAM.D17.L2329,F,PEMA,22,145,72,18,18
TEAK_001,NEON.MAM.D17.L2332,F,PEMA,17,140,63,18,17
TEAK_001,NEON.MAM.D17.L2335,F,PEMA,22,156,75,20,19
TEAK_003,NEON.MAM.D17.L2336,M,PEMA,22,153,67,20,18
TEAK_003,NEON.MAM.D17.L2339,M,PEMA,19,145,69,20,17
SOAP_003,NEON.MAM.D17.L2343,F,PETR,30,201,106,24,24
SOAP_003,NEON.MAM.D17.L2345,F,PEBO,17,172,86,21,17
SJER_010,NEON.MAM.D17.L2361,M,PEBO,21,175,96,22,17
SOAP_002,NEON.MAM.D17.L2369,M,PEBO,20,163,88,21,18
SOAP_027,NEON.MAM.D17.L2373,F,PEBO,19,173,95,22,18
SJER_006,NEON.MAM.D17.L2374,F,PEMA,19,133,65,18,16
SJER_007,NEON.MAM.D17.L2386,M,PEBO,22,175,103,21,18
SJER_007,NEON.MAM.D17.L2387,F,PEBO,22,181,100,22,19
SJER_009,NEON.MAM.D17.L2395,M,PEBO,19,167,90,21,18
SOAP_002,NEON.MAM.D17.L2401,M,PEBO,21,127,84,21,16
SJER_006,NEON.MAM.D17.L2420,M,PEMA,14,142,74,18,14
SJER_033,NEON.MAM.D17.L2421,M,PETR,26,175,94,24,24
SOAP_006,NEON.MAM.D17.L2451,M,PEBO,19,182,95,21,14
SOAP_006,NEON.MAM.D17.L2459,M,PEBO,28,188,98,21,18
SOAP_003,NEON.MAM.D17.L2461,F,PEBO,24,180,93,21,13
SOAP_003,NEON.MAM.D17.L2464,F,PEBO,24,182,95,20,14
SOAP_012,NEON.MAM.D17.L2468,M,PEBO,24,170,94,22,19
SOAP_002,NEON.MAM.D17.L2476,M,PEBO,24,126,42,22,20
SOAP_006,NEON.MAM.D17.L2481,F,PEBO,19,175,95,20,15
SOAP_002,NEON.MAM.D17.L2487,M,PEBO,25,175,103,22,16
SOAP_002,NEON.MAM.D17.L2489,M,PEBO,27,190,102,22,15
SOAP_006,NEON.MAM.D17.L2510,M,PEBO,20,185,98,22,20
SJER_006,NEON.MAM.D17.L2511,M,PEMA,17,112,30,20,15
SJER_009,NEON.MAM.D17.L2534,F,PEBO,26,184,98,21,19
SOAP_002,NEON.MAM.D17.L2538,M,PEBO,27,200,110,22,20
SJER_006,NEON.MAM.D17.L2539,M,PEMA,18,144,69,20,16
SJER_007,NEON.MAM.D17.L2546,M,PEBO,26,143,38,21,20
SOAP_003,NEON.MAM.D17.L2561,M,PEBO,26,222,120,21,18
SJER_032,NEON.MAM.D17.L2577,F,PEBO,26,188,102,21,15
SJER_033,NEON.MAM.D17.L2636,M,PETR,29,185,104,23,25
SOAP_003,NEON.MAM.D17.L2653,M,PEBO,24,185,96,21,19
SOAP_003,NEON.MAM.D17.L2655,F,PEBO,28,190,100,22,18
SOAP_003,NEON.MAM.D17.L2658,M,PEBO,21,183,101,23,22
SOAP_003,NEON.MAM.D17.L2661,M,PEBO,25,174,93,22,20
SOAP_003,NEON.MAM.D17.L2668,M,PEBO,22,180,193,22,20
SOAP_003,NEON.MAM.D17.L2669,F,PEBO,24,184,97,21,19
SOAP_003,NEON.MAM.D17.L2674,F,PEBO,19,171,90,21,18
TEAK_001,NEON.MAM.D17.L2683,M,MILO,51,192,72,22,16
SOAP_003,NEON.MAM.D17.L2684,F,PEBO,26,180,100,20,18
TEAK_001,NEON.MAM.D17.L2686,M,MILO,52,182,64,22,18
TEAK_010,NEON.MAM.D17.L2688,F,PEMA,19,160,70,19,17
TEAK_010,NEON.MAM.D17.L2689,M,PEMA,20,156,74,20,17
TEAK_007,NEON.MAM.D17.L2692,M,PEMA,22,147,71,20,16
SOAP_003,NEON.MAM.D17.L2694,M,PEBO,22,195,105,22,19
TEAK_007,NEON.MAM.D17.L2695,M,PEMA,17,144,67,20,16
TEAK_010,NEON.MAM.D17.L2696,M,PEMA,19,156,69,20,15
TEAK_003,NEON.MAM.D17.L2711,F,PEBO,18,180,103,21,19
SOAP_002,NEON.MAM.D17.L2718,M,PEBO,18,166,93,21,20
TEAK_010,NEON.MAM.D17.L2725,F,PEMA,17,148,82,17,18
SOAP_006,NEON.MAM.D17.L2728,M,PEBO,24,189,100,22,18
SJER_006,NEON.MAM.D17.L2734,F,PEMA,17,138,68,18,16
TEAK_001,NEON.MAM.D17.L2736,F,MILO,37,163,66,21,15
SOAP_006,NEON.MAM.D17.L2737,F,PEBO,24,181,98,21,19
SJER_010,NEON.MAM.D17.L2741,M,PEBO,24,189,104,22,19
SJER_033,NEON.MAM.D17.L2773,F,PEMA,19,160,85,20,16
TEAK_001,NEON.MAM.D17.L2780,F,MIMO,34,123,36,22,11
TEAK_001,NEON.MAM.D17.L2781,M,NESP,57,207,89,34,18
TEAK_010,NEON.MAM.D17.L2783,M,NESP,56,202,96,31,21
SOAP_006,NEON.MAM.D17.L2798,F,PETR,25,183,101,22,24
TEAK_010,NEON.MAM.D17.L2811,M,PEMA,14,135,64,19,20
TEAK_010,NEON.MAM.D17.L2812,M,NESP,54,205,91,32,19
TEAK_004,NEON.MAM.D17.L2826,M,PEBO,26,196,108,22,19
TEAK_004,NEON.MAM.D17.L2833,F,PEMA,17,132,69,19,18
TEAK_004,NEON.MAM.D17.L2839,M,PEMA,16,143,71,19,16
SOAP_006,NEON.MAM.D17.L2850,M,PEBO,22,178,100,22,22
SOAP_006,NEON.MAM.D17.L2851,M,PEBO,22,182,102,22,20
SOAP_006,NEON.MAM.D17.L2857,M,PEBO,21,186,105,22,19
SOAP_006,NEON.MAM.D17.L2865,M,PEBO,25,196,105,21,20
SJER_007,NEON.MAM.D17.L2872,M,PEBO,21,182,107,21,19
SJER_006,NEON.MAM.D17.L2878,F,PEBO,24,165,77,22,18
SJER_033,NEON.MAM.D17.L2896,M,PEMA,14,135,64,19,15
SJER_033,NEON.MAM.D17.L2908,F,PETR,24,151,80,25,25
TEAK_001,NEON.MAM.D17.L2912,M,PEMA,16,151,76,20,18
TEAK_010,NEON.MAM.D17.L2923,M,PEMA,18,159,77,20,15
TEAK_010,NEON.MAM.D17.L2925,M,NESP,60,183,88,30,15
SOAP_002,NEON.MAM.D17.L2943,F,PEBO,18,167,96,21,19
SJER_006,NEON.MAM.D17.L2957,M,PEBO,14,134,56,21,19
SJER_033,NEON.MAM.D17.L2961,F,PEBO,20,156,69,22,20
SOAP_002,NEON.MAM.D17.L2972,F,PEBO,21,186,109,22,18
TEAK_001,NEON.MAM.D17.L2978,F,PEMA,14,137,63,18,16
TEAK_010,NEON.MAM.D17.L2981,F,NESP,66,202,83,32,18
TEAK_003,NEON.MAM.D17.L2986,M,PEMA,18,153,76,20,18
TEAK_001,NEON.MAM.D17.L2989,M,MILO,61,174,52,23,14
TEAK_007,NEON.MAM.D17.L2994,M,PEMA,17,146,69,20,16
SJER_006,NEON.MAM.D17.L2999,M,PEBO,25,120,62,22,18
SJER_006,NEON.MAM.D17.L3003,M,PEMA,20,155,78,20,17
SJER_006,NEON.MAM.D17.L3009,M,PEMA,16,150,75,20,15
SOAP_003,NEON.MAM.D17.L3012,M,PEBO,22,173,90,22,20
SJER_033,NEON.MAM.D17.L3014,M,PEBO,22,183,103,22,20
SJER_010,NEON.MAM.D17.L3029,F,PEBO,24,177,99,24,23
SJER_010,NEON.MAM.D17.L3031,F,PEBO,23,181,100,23,18
SJER_007,NEON.MAM.D17.L3035,M,PETR,24,177,101,24,25
SJER_007,NEON.MAM.D17.L3055,M,PEBO,21,172,90,21,18
SJER_009,NEON.MAM.D17.L3063,M,PEMA,20,147,77,20,14
SJER_009,NEON.MAM.D17.L3066,F,PETR,22,181,105,24,21
SJER_009,NEON.MAM.D17.L3068,M,PEBO,20,178,102,21,18
SJER_010,NEON.MAM.D17.L3071,M,PETR,26,183,106,23,24
SJER_009,NEON.MAM.D17.L3072,M,PEBO,25,177,105,25,24
SJER_007,NEON.MAM.D17.L3075,M,PEBO,20,180,101,22,18
SJER_009,NEON.MAM.D17.L3080,M,PETR,27,217,109,20,23
TEAK_001,NEON.MAM.D17.L3085,F,PEMA,16,147,76,17,17
SJER_006,NEON.MAM.D17.L3092,F,PEBO,17,175,104,22,17
SJER_006,NEON.MAM.D17.L3100,F,PEMA,13,134,62,17,14
SJER_012,NEON.MAM.D17.L3101,M,PEMA,12,132,61,19,15
SJER_012,NEON.MAM.D17.L3102,F,PEMA,17,140,62,20,15
SJER_006,NEON.MAM.D17.L3106,M,PEMA,20,151,75,19,16
SJER_006,NEON.MAM.D17.L3107,M,PEBO,26,199,115,23,20
SJER_012,NEON.MAM.D17.L3115,M,PEMA,16,140,70,20,14
SJER_012,NEON.MAM.D17.L3122,M,PEMA,18,150,74,20,18
SJER_033,NEON.MAM.D17.L3125,M,PEBO,21,176,105,20,16
SJER_032,NEON.MAM.D17.L3127,M,PEBO,25,187,107,25,23
SJER_012,NEON.MAM.D17.L3135,M,PEMA,17,138,70,18,14
SJER_006,NEON.MAM.D17.L3136,M,PEMA,16,131,70,18,17
SJER_006,NEON.MAM.D17.L3137,F,PETR,29,191,110,24,23
SJER_006,NEON.MAM.D17.L3141,M,PEMA,16,144,68,19,16
TEAK_003,NEON.MAM.D17.L3142,F,PEMA,19,154,74,20,16
SJER_012,NEON.MAM.D17.L3146,F,PEMA,12,123,55,19,15
SJER_006,NEON.MAM.D17.L3150,M,PEMA,19,142,72,19,18
SJER_009,NEON.MAM.D17.L3153,M,PETR,23,185,102,21,24
SJER_006,NEON.MAM.D17.L3163,F,PEMA,14,139,64,19,15
SJER_006,NEON.MAM.D17.L3168,M,PEMA,15,133,56,20,16
SJER_007,NEON.MAM.D17.L3171,M,PETR,23,183,101,22,23
SJER_006,NEON.MAM.D17.L3173,M,PEMA,13,133,66,18,13
SJER_006,NEON.MAM.D17.L3175,M,PEMA,18,134,66,15,16
SJER_033,NEON.MAM.D17.L3176,F,PEBO,22,186,103,23,15
SJER_032,NEON.MAM.D17.L3178,F,PEMA,20,152,76,18,17
SJER_006,NEON.MAM.D17.L3179,M,PEBO,20,170,94,21,18
SJER_009,NEON.MAM.D17.L3187,M,PETR,24,177,96,25,22
SOAP_003,NEON.MAM.D17.L3207,F,PEBO,20,173,98,21,18
SOAP_003,NEON.MAM.D17.L3211,F,PEBO,30,203,112,22,18
SOAP_003,NEON.MAM.D17.L3222,F,PEBO,25,197,110,21,18
TEAK_003,NEON.MAM.D17.L3224,M,PEMA,13,142,72,19,18
SOAP_012,NEON.MAM.D17.L3225,M,PEMA,16,138,70,19,18
SOAP_003,NEON.MAM.D17.L3226,M,PEBO,25,202,111,22,19
TEAK_001,NEON.MAM.D17.L3229,M,MILO,50,210,81,21,16
SJER_012,NEON.MAM.D17.L3241,M,PEMA,15,132,56,19,17
SJER_006,NEON.MAM.D17.L3247,M,PEMA,19,134,70,20,14
SJER_032,NEON.MAM.D17.L3259,M,PEMA,12,122,59,18,15
SJER_006,NEON.MAM.D17.L3269,F,PEMA,16,145,70,19,16
TEAK_010,NEON.MAM.D17.L3282,F,NESP,53,202,101,30,19
TEAK_003,NEON.MAM.D17.L3353,M,NESP,56,235,104,32,19
SOAP_003,NEON.MAM.D17.L3357,F,PEBO,20,176,101,22,18
TEAK_010,NEON.MAM.D17.L3367,F,NESP,58,161,108,27,19
TEAK_003,NEON.MAM.D17.L3380,M,NESP,46,191,105,30,20
TEAK_010,NEON.MAM.D17.L3387,M,NESP,38,206,97,32,19
SOAP_006,NEON.MAM.D17.L3416,F,PEBO,23,165,96,23,15
TEAK_001,NEON.MAM.D17.L3476,M,MILO,41,180,71,22,18
SOAP_003,NEON.MAM.D17.L3479,M,PEBO,19,174,95,23,18
TEAK_001,NEON.MAM.D17.L3483,F,PEMA,18,141,84,19,15
SOAP_003,NEON.MAM.D17.L3485,M,PEBO,22,175,98,20,13
SJER_006,NEON.MAM.D17.L3626,F,PEMA,23,158,82,18,16
SJER_032,NEON.MAM.D17.L3721,F,PEBO,27,179,102,24,20
TEAK_004,NEON.MAM.D17.L3737,F,PEBO,25,194,112,25,17
TEAK_004,NEON.MAM.D17.L3742,F,PEBO,23,180,103,23,21
TEAK_003,NEON.MAM.D17.L3802,M,NESP,62,213,90,33,20
TEAK_003,NEON.MAM.D17.L3823,F,NESP,62,154,109,31,20
SJER_032,NEON.MAM.D17.L3854,F,PEMA,21,145,71,18,15
SJER_006,NEON.MAM.D17.L3862,M,PEBO,24,195,109,24,19
TEAK_010,NEON.MAM.D17.L3878,F,NESP,63,143,110,30,15
SJER_006,NEON.MAM.D17.L3889,M,PEMA,15,125,60,19,19
SJER_007,NEON.MAM.D17.L3891,F,PEMA,19,171,94,23,17
SOAP_003,NEON.MAM.D17.L3898,F,PEBO,19,158,93,22,18
SJER_007,NEON.MAM.D17.L3980,M,PEBO,19,165,96,21,18
SJER_013,NEON.MAM.D17.L9030,F,CHCA,23,170,95,25,9
TEAK_001,NEON.MAM.D17.O001A720190730,M,PEMA,15,135,65,19,18
TEAK_001,NEON.MAM.D17.O001B1020230720,M,PEMA,21,152,77,21,16
TEAK_001,NEON.MAM.D17.O001I220220726,M,SOMO,4,89,49,14,8
TEAK_003,NEON.MAM.D17.O003A620190704,M,PEMA,18,134,69,18,17
TEAK_003,NEON.MAM.D17.O003H620220823,M,PEMA,17,155,79,21,17
SOAP_003,NEON.MAM.D17.O003J520180717,F,PEBO,28,198,110,21,17
SJER_009,NEON.MAM.D17.O009A420190402,M,PEBO,21,187,100,22,13
SJER_009,NEON.MAM.D17.O009C320190307,M,PEMA,16,134,59,19,15
TEAK_010,NEON.MAM.D17.O010D220190924,F,PEMA,17,144,70,20,18
SJER_010,NEON.MAM.D17.O010E820190403,F,PEBO,16,162,92,20,16
SJER_012,NEON.MAM.D17.O012J1020190405,M,PEMA,15,145,69,20,16
SJER_009,NEON.MAM.D17.R0148,F,PEBO,25,189,105,21,18
SJER_006,NEON.MAM.D17.R1001,F,PETR,28,213,104,20,21
SJER_006,NEON.MAM.D17.R1004,M,PEBO,23,202,113,22,19
SJER_006,NEON.MAM.D17.R1007,M,PEMA,21,138,66,19,16
SJER_009,NEON.MAM.D17.R1010,F,PEBO,19,175,96,20,17
SJER_006,NEON.MAM.D17.R1011,M,PEMA,11,123,60,18,14
SOAP_027,NEON.MAM.D17.R1014,M,PEBO,26,191,104,22,20
SOAP_006,NEON.MAM.D17.R1016,M,PEBO,21,165,93,20,18
SJER_006,NEON.MAM.D17.R1017,M,PEMA,21,158,67,20,15
SJER_009,NEON.MAM.D17.R1019,M,PEBO,22,170,95,24,20
SJER_006,NEON.MAM.D17.R1024,M,PEMA,16,139,62,19,14
SJER_006,NEON.MAM.D17.R1026,M,REME,10,132,70,18,12
SJER_009,NEON.MAM.D17.R1028,M,REME,9,123,68,16,11
SJER_006,NEON.MAM.D17.R1030,M,PEBO,21,164,84,22,21
SJER_033,NEON.MAM.D17.R1031,M,PEMA,12,119,52,16,16
SJER_010,NEON.MAM.D17.R1036,M,PEIN,12,137,70,19,6
SJER_006,NEON.MAM.D17.R1042,F,CHCA,22,213,126,26,13
SOAP_006,NEON.MAM.D17.R1046,F,PEMA,18,146,72,18,16
SJER_002,NEON.MAM.D17.R1052,F,REME,12,131,70,14,12
SJER_033,NEON.MAM.D17.R1053,M,PEBO,22,165,90,21,18
SJER_033,NEON.MAM.D17.R1054,F,REME,9,128,68,16,12
SJER_033,NEON.MAM.D17.R1055,F,PETR,24,175,95,23,22
SJER_002,NEON.MAM.D17.R1058,F,REME,13,120,71,15,13
SJER_033,NEON.MAM.D17.R1059,F,PETR,25,178,99,21,21
SJER_033,NEON.MAM.D17.R1060,M,REME,10,120,70,18,13
SJER_033,NEON.MAM.D17.R1063,M,REME,11,132,78,14,10
SJER_013,NEON.MAM.D17.R1066,M,CHCA,26,190,120,26,10
SJER_033,NEON.MAM.D17.R1067,M,REME,10,128,67,16,8
SJER_002,NEON.MAM.D17.R1068,M,PEBO,18,113,63,18,16
SJER_033,NEON.MAM.D17.R1071,M,REME,11,134,73,17,12
SJER_006,NEON.MAM.D17.R1072,F,REME,10,141,79,16,14
SJER_013,NEON.MAM.D17.R1073,M,REME,9,134,78,15,12
SJER_013,NEON.MAM.D17.R1074,M,REME,11,141,79,16,13
SJER_033,NEON.MAM.D17.R1075,F,REME,11,118,66,17,13
SJER_013,NEON.MAM.D17.R1077,M,CHCA,29,155,78,25,10
SJER_033,NEON.MAM.D17.R1080,M,REME,9,113,63,17,10
SJER_013,NEON.MAM.D17.R1083,M,PEBO,23,172,94,21,18
SJER_013,NEON.MAM.D17.R1084,M,PEBO,29,186,105,22,18
SJER_012,NEON.MAM.D17.R1085,M,PEMA,17,130,66,19,13
SJER_013,NEON.MAM.D17.R1086,F,REME,10,128,68,16,13
SJER_013,NEON.MAM.D17.R1088,F,REME,12,130,71,16,12
SJER_013,NEON.MAM.D17.R1089,M,REME,12,136,73,16,12
SJER_013,NEON.MAM.D17.R1091,M,REME,12,139,74,16,12
SJER_013,NEON.MAM.D17.R1092,M,CHCA,32,148,52,25,10
SJER_032,NEON.MAM.D17.R1095,F,REME,12,138,78,15,12
SJER_002,NEON.MAM.D17.R1096,M,REME,9,113,63,14,10
SJER_033,NEON.MAM.D17.R1098,M,REME,8,108,62,14,12
SJER_009,NEON.MAM.D17.R1100,M,PEBO,24,187,94,20,17
SJER_006,NEON.MAM.D17.R1101,F,PEMA,23,152,72,19,17
SJER_032,NEON.MAM.D17.R1103,F,PEBO,23,186,105,21,17
SJER_007,NEON.MAM.D17.R1106,M,PEMA,23,151,68,19,18
SJER_013,NEON.MAM.D17.R1107,M,REME,10,127,69,14,9
SJER_013,NEON.MAM.D17.R1108,M,REME,7,111,65,16,11
SJER_009,NEON.MAM.D17.R1109,F,PEBO,20,175,90,21,16
SJER_006,NEON.MAM.D17.R1111,M,REME,10,129,69,17,13
SJER_006,NEON.MAM.D17.R1113,F,PEMA,21,171,92,22,17
SJER_032,NEON.MAM.D17.R1117,M,PEBO,24,182,100,22,16
SJER_033,NEON.MAM.D17.R1118,M,REME,10,140,75,17,13
SJER_006,NEON.MAM.D17.R1121,M,PEMA,17,165,80,20,15
SJER_032,NEON.MAM.D17.R1125,M,PEIN,10,126,71,18,8
SJER_032,NEON.MAM.D17.R1126,M,PEBO,24,180,97,21,17
SJER_032,NEON.MAM.D17.R1127,F,PEMA,18,141,71,20,16
SJER_032,NEON.MAM.D17.R1128,F,PEBO,24,172,113,22,18
SJER_013,NEON.MAM.D17.R1132,F,CHCA,28,155,140,22,12
SJER_013,NEON.MAM.D17.R1133,F,CHCA,27,210,135,23,8
SJER_013,NEON.MAM.D17.R1135,F,CHCA,30,207,128,26,13
SJER_002,NEON.MAM.D17.R1138,M,REME,11,117,70,17,12
SJER_007,NEON.MAM.D17.R1139,F,PEBO,27,190,111,20,18
SJER_007,NEON.MAM.D17.R1140,M,PEBO,24,187,102,21,18
SJER_032,NEON.MAM.D17.R1151,F,PEBO,20,163,83,23,17
SJER_007,NEON.MAM.D17.R1152,M,PEMA,24,144,73,20,14
SJER_032,NEON.MAM.D17.R1157,M,PETR,23,165,95,23,22
SJER_007,NEON.MAM.D17.R1158,F,PEBO,29,171,90,21,18
SJER_013,NEON.MAM.D17.R1164,M,CHCA,29,210,120,28,9
TEAK_001,NEON.MAM.D17.R1165,M,PEMA,13,144,70,20,16
SJER_002,NEON.MAM.D17.R1167,M,PEMA,14,115,60,19,11
SJER_032,NEON.MAM.D17.R1169,M,REME,11,130,67,15,10
SJER_007,NEON.MAM.D17.R1171,M,PEMA,21,131,60,18,18
SJER_009,NEON.MAM.D17.R1172,M,PEBO,20,168,85,22,18
SOAP_002,NEON.MAM.D17.R1177,M,PEBO,24,187,101,22,20
SOAP_002,NEON.MAM.D17.R1181,M,PEBO,20,172,95,21,17
SOAP_002,NEON.MAM.D17.R1185,M,PEBO,21,185,98,22,18
SOAP_002,NEON.MAM.D17.R1196,F,PEBO,24,196,115,21,19
SOAP_006,NEON.MAM.D17.R1199,F,PEBO,21,190,101,22,19
SJER_002,NEON.MAM.D17.R1201,M,REME,12,130,70,17,14
SJER_002,NEON.MAM.D17.R1204,F,REME,8,115,69,15,11
SJER_002,NEON.MAM.D17.R1205,M,REME,9,120,70,15,12
SJER_002,NEON.MAM.D17.R1207,M,REME,10,105,60,16,11
SJER_009,NEON.MAM.D17.R1211,M,PEBO,18,140,80,19,17
SJER_009,NEON.MAM.D17.R1216,M,PEBO,24,168,88,22,17
SJER_032,NEON.MAM.D17.R1218,F,PEBO,21,160,90,21,18
SJER_032,NEON.MAM.D17.R1222,M,PEBO,21,141,93,21,19
SJER_032,NEON.MAM.D17.R1223,F,PEMA,17,125,60,18,15
SJER_006,NEON.MAM.D17.R1225,F,PEMA,19,152,72,18,16
SJER_006,NEON.MAM.D17.R1226,M,PEMA,19,142,67,18,15
SJER_032,NEON.MAM.D17.R1230,M,PETR,27,186,106,22,21
SJER_010,NEON.MAM.D17.R1231,M,REME,10,110,61,8,9
SJER_010,NEON.MAM.D17.R1237,F,CHCA,26,195,131,22,9
SJER_032,NEON.MAM.D17.R1239,M,REME,12,138,75,16,14
SJER_032,NEON.MAM.D17.R1241,F,PEBO,26,163,73,21,18
SJER_032,NEON.MAM.D17.R1245,M,PEBO,19,172,97,21,17
SJER_010,NEON.MAM.D17.R1246,M,REME,9,112,62,13,11
SJER_002,NEON.MAM.D17.R1248,M,REME,11,110,60,13,10
SJER_032,NEON.MAM.D17.R1251,M,PEMA,14,126,70,18,12
SJER_013,NEON.MAM.D17.R1252,F,CHCA,24,191,114,26,5
SJER_013,NEON.MAM.D17.R1253,F,CHCA,25,174,85,23,10
SJER_010,NEON.MAM.D17.R1257,M,REME,11,131,75,15,10
SJER_007,NEON.MAM.D17.R1260,M,PEBO,21,177,102,22,18
SJER_006,NEON.MAM.D17.R1261,F,PEBO,22,200,109,22,19
SJER_032,NEON.MAM.D17.R1262,M,PEBO,25,147,58,22,20
SJER_032,NEON.MAM.D17.R1265,M,PEBO,25,202,110,22,17
SJER_013,NEON.MAM.D17.R1269,M,REME,11,133,68,18,10
SJER_032,NEON.MAM.D17.R1273,F,PEBO,20,169,90,21,16
SJER_007,NEON.MAM.D17.R1274,F,PEBO,28,156,64,22,20
SJER_006,NEON.MAM.D17.R1276,M,PEBO,26,137,66,24,18
SJER_032,NEON.MAM.D17.R1277,M,PEMA,17,145,73,19,16
SJER_006,NEON.MAM.D17.R1279,F,PEMA,20,132,65,17,11
SJER_006,NEON.MAM.D17.R1282,M,PEMA,22,155,74,18,13
SJER_006,NEON.MAM.D17.R1291,M,REME,10,121,76,16,13
SJER_006,NEON.MAM.D17.R1294,F,PEMA,20,152,74,16,13
SJER_032,NEON.MAM.D17.R1300,M,REME,9,122,72,17,11
SJER_032,NEON.MAM.D17.R1301,M,PEBO,13,73,83,21,13
SJER_032,NEON.MAM.D17.R1302,M,PEBO,22,137,70,20,16
SJER_032,NEON.MAM.D17.R1306,M,REME,10,137,73,17,13
SJER_006,NEON.MAM.D17.R1314,F,REME,10,120,69,17,11
SJER_032,NEON.MAM.D17.R1316,F,REME,12,138,78,17,11
SJER_006,NEON.MAM.D17.R1323,F,PEBO,22,173,96,21,18
SJER_032,NEON.MAM.D17.R1327,M,PEBO,27,274,106,20,19
SJER_032,NEON.MAM.D17.R1328,M,REME,10,131,80,16,11
SJER_032,NEON.MAM.D17.R1330,M,PEBO,23,210,93,20,18
SJER_032,NEON.MAM.D17.R1333,F,PETR,10,121,73,22,18
SJER_013,NEON.MAM.D17.R1335,M,PEMA,22,152,71,20,16
SJER_032,NEON.MAM.D17.R1336,M,REME,9,120,69,17,13
SJER_013,NEON.MAM.D17.R1337,F,REME,8,125,70,18,10
SJER_032,NEON.MAM.D17.R1347,F,REME,9,130,72,18,10
SJER_032,NEON.MAM.D17.R1349,M,REME,10,135,72,15,12
SJER_006,NEON.MAM.D17.R1352,F,REME,12,146,80,18,12
SJER_006,NEON.MAM.D17.R1354,F,REME,10,129,74,14,12
SJER_006,NEON.MAM.D17.R1355,M,REME,9,138,78,17,13
SJER_032,NEON.MAM.D17.R1356,M,REME,10,170,80,17,13
SJER_006,NEON.MAM.D17.R1358,M,REME,10,134,70,17,13
SJER_006,NEON.MAM.D17.R1361,F,PEMA,16,144,72,20,16
SJER_006,NEON.MAM.D17.R1362,F,CHCA,29,209,130,26,12
SJER_032,NEON.MAM.D17.R1364,M,PETR,31,206,111,24,23
SJER_006,NEON.MAM.D17.R1365,M,REME,11,142,80,16,12
SJER_006,NEON.MAM.D17.R1366,F,PEMA,21,158,81,19,14
SJER_032,NEON.MAM.D17.R1368,F,PEBO,22,180,95,20,16
SJER_006,NEON.MAM.D17.R1369,M,REME,9,134,79,17,13
SJER_032,NEON.MAM.D17.R1370,M,REME,10,133,76,17,12
SJER_006,NEON.MAM.D17.R1371,F,CHCA,24,216,131,25,13
SJER_006,NEON.MAM.D17.R1372,F,REME,10,130,74,16,12
SJER_032,NEON.MAM.D17.R1373,M,REME,10,137,74,15,12
SJER_006,NEON.MAM.D17.R1377,M,REME,10,133,75,16,11
SJER_006,NEON.MAM.D17.R1380,M,REME,9,126,65,17,12
SJER_007,NEON.MAM.D17.R1381,F,PEBO,23,171,93,21,16
SJER_006,NEON.MAM.D17.R1382,M,REME,8,120,70,16,11
SJER_010,NEON.MAM.D17.R1385,M,REME,9,120,68,16,12
SJER_010,NEON.MAM.D17.R1389,M,REME,10,125,71,16,13
SJER_033,NEON.MAM.D17.R1391,F,REME,9,128,71,18,11
SJER_010,NEON.MAM.D17.R1393,M,REME,10,118,63,16,12
SJER_033,NEON.MAM.D17.R1394,F,REME,12,130,66,18,12
SJER_033,NEON.MAM.D17.R1395,F,REME,9,120,70,15,10
SJER_032,NEON.MAM.D17.R1400,F,PEMA,20,136,73,19,15
SJER_032,NEON.MAM.D17.R1401,M,REME,9,123,70,16,10
SJER_032,NEON.MAM.D17.R1404,F,PETR,19,155,81,20,21
SJER_032,NEON.MAM.D17.R1405,F,PEBO,23,178,100,22,13
SJER_032,NEON.MAM.D17.R1408,F,REME,8,120,70,15,12
SJER_032,NEON.MAM.D17.R1411,F,REME,8,124,71,17,12
SJER_006,NEON.MAM.D17.R1414,F,REME,9,125,66,17,11
SJER_033,NEON.MAM.D17.R1415,M,REME,11,128,76,18,13
SJER_006,NEON.MAM.D17.R1417,F,PEBO,24,170,100,20,17
SJER_006,NEON.MAM.D17.R1421,M,PEMA,17,140,68,18,15
SJER_006,NEON.MAM.D17.R1422,M,PEMA,18,152,79,19,16
SJER_033,NEON.MAM.D17.R1423,M,REME,10,115,75,17,11
SJER_006,NEON.MAM.D17.R1432,M,PEMA,20,159,75,20,14
SJER_006,NEON.MAM.D17.R1439,M,PEMA,19,144,67,19,15
SJER_032,NEON.MAM.D17.R1451,F,REME,9,125,68,16,10
SJER_032,NEON.MAM.D17.R1454,F,PEMA,17,143,70,19,13
SJER_033,NEON.MAM.D17.R1457,F,REME,9,134,76,16,11
SJER_033,NEON.MAM.D17.R1458,F,REME,10,118,65,17,11
SJER_032,NEON.MAM.D17.R1459,M,REME,11,138,70,16,13
SJER_033,NEON.MAM.D17.R1463,F,REME,9,124,63,17,12
SJER_033,NEON.MAM.D17.R1465,F,REME,10,130,70,17,11
SJER_033,NEON.MAM.D17.R1466,F,REME,9,118,66,18,12
SJER_032,NEON.MAM.D17.R1471,F,REME,8,133,74,16,10
SJER_033,NEON.MAM.D17.R1472,M,REME,10,133,73,17,12
SJER_032,NEON.MAM.D17.R1473,M,REME,9,133,72,18,11
SJER_032,NEON.MAM.D17.R1474,F,PEMA,16,142,63,19,14
SJER_033,NEON.MAM.D17.R1476,M,REME,11,140,75,17,11
SJER_010,NEON.MAM.D17.R1478,F,PECA,37,193,113,25,21
SJER_010,NEON.MAM.D17.R1479,F,REME,10,122,71,15,11
SJER_010,NEON.MAM.D17.R1481,M,REME,11,143,80,16,13
SJER_010,NEON.MAM.D17.R1482,M,REME,10,124,72,16,11
SJER_010,NEON.MAM.D17.R1486,F,REME,11,135,70,17,11
SJER_033,NEON.MAM.D17.R1488,M,REME,10,136,82,18,12
SJER_032,NEON.MAM.D17.R1496,M,PEBO,19,169,94,21,18
SJER_032,NEON.MAM.D17.R1497,M,REME,9,131,70,19,11
SJER_032,NEON.MAM.D17.R1499,M,PEMA,17,123,72,19,15
SJER_006,NEON.MAM.D17.R1503,F,PEBO,22,186,94,20,15
SJER_006,NEON.MAM.D17.R1505,F,PEBO,20,174,96,20,18
SJER_006,NEON.MAM.D17.R1508,F,PEBO,23,191,103,21,15
SJER_032,NEON.MAM.D17.R1509,M,PEBO,22,180,97,20,18
SJER_007,NEON.MAM.D17.R1510,M,PETR,31,186,104,22,19
SJER_006,NEON.MAM.D17.R1514,F,REME,8,118,67,16,12
SJER_009,NEON.MAM.D17.R1516,F,PEBO,28,202,119,21,14
SJER_006,NEON.MAM.D17.R1517,F,PEMA,14,132,61,18,13
SJER_006,NEON.MAM.D17.R1518,F,PEBO,20,149,81,21,17
SJER_006,NEON.MAM.D17.R1519,F,PEMA,19,140,70,17,15
SJER_006,NEON.MAM.D17.R1520,F,PEBO,23,125,112,20,15
SOAP_003,NEON.MAM.D17.R1524,M,PEBO,22,200,110,22,15
SJER_010,NEON.MAM.D17.R1529,F,PEBO,22,156,70,22,19
SJER_010,NEON.MAM.D17.R1535,F,PEBO,33,200,110,22,18
SJER_032,NEON.MAM.D17.R1541,M,PEMA,11,131,61,18,11
SJER_006,NEON.MAM.D17.R1548,M,PEBO,25,188,102,20,15
SJER_013,NEON.MAM.D17.R1564,M,PEBO,26,196,114,22,18
SJER_013,NEON.MAM.D17.R1568,F,PEMA,14,131,62,19,14
SJER_006,NEON.MAM.D17.R1576,M,PEBO,22,186,95,22,17
SJER_006,NEON.MAM.D17.R1581,M,REME,11,123,62,17,9
SJER_032,NEON.MAM.D17.R1584,F,REME,9,117,65,15,11
SJER_006,NEON.MAM.D17.R1586,F,PEBO,22,170,88,21,15
SJER_006,NEON.MAM.D17.R1587,F,PEMA,18,147,69,19,15
SJER_006,NEON.MAM.D17.R1588,F,PEBO,23,182,105,22,18
SJER_006,NEON.MAM.D17.R1597,F,PEMA,17,136,64,18,14
SJER_032,NEON.MAM.D17.R1604,M,PEMA,18,140,64,19,19
SJER_006,NEON.MAM.D17.R1605,M,PEMA,19,133,61,19,12
SJER_032,NEON.MAM.D17.R1615,F,PEBO,25,200,106,22,17
SJER_006,NEON.MAM.D17.R1618,M,PEMA,18,140,62,19,13
SJER_009,NEON.MAM.D17.R1622,F,PEBO,19,172,95,21,11
SJER_032,NEON.MAM.D17.R1625,F,PEMA,21,138,71,19,13
SJER_032,NEON.MAM.D17.R1626,F,PEMA,18,135,67,18,12
SJER_032,NEON.MAM.D17.R1627,M,REME,8,120,67,16,12
SJER_032,NEON.MAM.D17.R1632,M,PEBO,20,193,92,22,15
SJER_032,NEON.MAM.D17.R1633,M,PEBO,23,185,100,22,15
SJER_032,NEON.MAM.D17.R1636,M,PEMA,15,143,69,17,13
SJER_032,NEON.MAM.D17.R1639,F,PEBO,20,178,100,20,17
SJER_033,NEON.MAM.D17.R1640,F,PEMA,19,142,70,18,13
SJER_032,NEON.MAM.D17.R1641,F,PEMA,21,143,69,19,12
SJER_032,NEON.MAM.D17.R1644,M,PEMA,24,155,81,21,14
SJER_032,NEON.MAM.D17.R1648,F,PEMA,14,130,68,18,14
SJER_032,NEON.MAM.D17.R1649,M,PEBO,22,187,110,22,17
SJER_007,NEON.MAM.D17.R1650,M,PETR,31,193,105,22,23
SJER_007,NEON.MAM.D17.R1654,F,PEBO,20,160,92,21,17
SJER_007,NEON.MAM.D17.R1656,M,PEBO,20,166,89,21,19
SJER_013,NEON.MAM.D17.R1657,M,PEMA,18,134,64,20,13
SJER_013,NEON.MAM.D17.R1658,F,PEMA,15,126,60,18,14
SJER_013,NEON.MAM.D17.R1661,F,PEMA,19,157,80,20,16
SJER_007,NEON.MAM.D17.R1662,M,PEBO,17,161,88,20,18
SJER_007,NEON.MAM.D17.R1665,F,PEBO,28,195,109,22,15
SJER_013,NEON.MAM.D17.R1666,M,PEBO,28,197,112,22,17
SJER_013,NEON.MAM.D17.R1669,M,PEBO,19,177,99,20,16
SJER_013,NEON.MAM.D17.R1673,M,PEBO,24,183,102,22,17
SJER_007,NEON.MAM.D17.R1674,M,PEMA,17,133,70,19,12
SJER_006,NEON.MAM.D17.R1675,M,PEMA,17,144,71,18,13
SJER_006,NEON.MAM.D17.R1677,M,PEMA,12,130,60,18,10
SJER_006,NEON.MAM.D17.R1685,F,PEBO,20,172,94,21,15
SJER_033,NEON.MAM.D17.R1686,F,PEMA,25,155,79,19,15
SJER_006,NEON.MAM.D17.R1687,F,PEBO,21,171,95,22,14
SJER_006,NEON.MAM.D17.R1696,M,PEMA,15,136,61,17,11
SJER_007,NEON.MAM.D17.R1702,M,PEBO,29,196,108,23,19
SJER_007,NEON.MAM.D17.R1703,M,PEBO,27,190,102,21,19
SJER_007,NEON.MAM.D17.R1705,F,PEBO,23,179,97,21,16
SJER_007,NEON.MAM.D17.R1706,M,PEBO,28,180,86,24,21
SJER_007,NEON.MAM.D17.R1707,M,PEBO,21,170,93,23,22
SJER_007,NEON.MAM.D17.R1708,F,PEBO,24,181,106,21,19
SJER_007,NEON.MAM.D17.R1710,M,PEMA,24,146,71,20,15
SJER_007,NEON.MAM.D17.R1713,M,PEBO,26,178,96,21,14
SJER_007,NEON.MAM.D17.R1715,M,PETR,26,170,88,21,21
SJER_007,NEON.MAM.D17.R1716,F,PEBO,28,171,92,20,16
SJER_007,NEON.MAM.D17.R1718,M,PEBO,26,179,97,21,18
SJER_013,NEON.MAM.D17.R1732,M,PEBO,19,178,95,21,18
SJER_013,NEON.MAM.D17.R1734,M,PEBO,23,180,93,22,18
SJER_013,NEON.MAM.D17.R1739,F,PEBO,24,162,97,22,19
SJER_013,NEON.MAM.D17.R1742,M,PEBO,28,185,111,22,19
SJER_013,NEON.MAM.D17.R1747,F,PEBO,22,185,114,21,19
SOAP_003,NEON.MAM.D17.R1751,F,PEBO,24,198,110,22,18
SJER_033,NEON.MAM.D17.R1759,M,PEBO,23,185,96,20,14
SOAP_003,NEON.MAM.D17.R1765,F,PEBO,26,195,103,21,15
SOAP_002,NEON.MAM.D17.R1768,M,PEBO,25,197,109,22,19
SJER_009,NEON.MAM.D17.R1769,F,PEBO,22,167,90,21,17
SOAP_003,NEON.MAM.D17.R1773,M,PEBO,2,195,115,22,19
SJER_032,NEON.MAM.D17.R1777,M,PEBO,24,191,104,22,15
SJER_032,NEON.MAM.D17.R1779,M,PEMA,15,130,60,18,12
SJER_013,NEON.MAM.D17.R1786,M,PEBO,22,181,96,22,13
SJER_013,NEON.MAM.D17.R1790,F,PEBO,26,162,74,20,15
SOAP_003,NEON.MAM.D17.R1797,M,PEBO,22,179,99,20,16
SJER_007,NEON.MAM.D17.R1801,M,PEBO,27,188,96,22,18
SJER_007,NEON.MAM.D17.R1802,F,PEBO,19,175,89,20,12
SJER_007,NEON.MAM.D17.R1806,M,PEBO,24,183,102,21,16
SJER_007,NEON.MAM.D17.R1808,M,PEBO,20,157,88,20,14
SJER_007,NEON.MAM.D17.R1812,M,PEBO,21,165,90,21,17
SJER_006,NEON.MAM.D17.R1837,F,PETR,24,196,116,24,23
SJER_033,NEON.MAM.D17.R1847,M,PEMA,18,157,75,20,11
SJER_032,NEON.MAM.D17.R1867,M,PEBO,25,180,62,22,17
SJER_009,NEON.MAM.D17.R1876,M,PEBO,22,179,93,22,14
SJER_009,NEON.MAM.D17.R1877,M,PEBO,24,194,96,22,16
SJER_009,NEON.MAM.D17.R1878,F,PEBO,20,163,87,21,16
SJER_009,NEON.MAM.D17.R1879,F,PEBO,28,202,103,21,17
SJER_009,NEON.MAM.D17.R1881,F,PEBO,26,206,118,22,17
SJER_009,NEON.MAM.D17.R1882,F,PEBO,27,200,110,23,18
SJER_009,NEON.MAM.D17.R1884,M,PETR,27,202,108,22,23
SJER_009,NEON.MAM.D17.R1888,F,PEBO,20,170,90,22,16
SJER_009,NEON.MAM.D17.R1889,F,PEBO,25,176,94,20,17
SJER_032,NEON.MAM.D17.R1901,F,PEBO,26,169,97,21,19
SJER_032,NEON.MAM.D17.R1903,M,REME,11,129,72,15,10
SJER_032,NEON.MAM.D17.R1904,F,REME,12,120,70,16,6
SJER_006,NEON.MAM.D17.R1905,F,CHCA,27,211,127,24,12
SJER_032,NEON.MAM.D17.R1909,M,PEBO,23,175,100,21,15
SJER_006,NEON.MAM.D17.R1910,M,PEMA,14,136,62,18,14
SJER_006,NEON.MAM.D17.R1914,M,PEMA,17,138,67,16,12
SJER_006,NEON.MAM.D17.R1915,F,PEMA,24,166,91,20,16
SJER_002,NEON.MAM.D17.R1916,F,REME,12,109,60,15,11
SJER_032,NEON.MAM.D17.R1922,M,PEBO,32,155,104,20,16
SJER_010,NEON.MAM.D17.R1925,M,CHCA,27,185,110,24,11
SJER_010,NEON.MAM.D17.R1934,M,CHCA,25,194,119,25,10
SJER_032,NEON.MAM.D17.R1936,F,PEMA,20,159,89,20,16
SJER_006,NEON.MAM.D17.R1939,F,PEMA,20,146,66,17,15
SJER_032,NEON.MAM.D17.R1941,F,PETR,24,174,95,22,24
SJER_033,NEON.MAM.D17.R1942,M,REME,11,131,67,17,14
SJER_002,NEON.MAM.D17.R1943,M,REME,8,154,74,16,12
SJER_006,NEON.MAM.D17.R1948,M,PEMA,20,140,85,21,14
TEAK_001,NEON.MAM.D17.R1950,F,MILO,46,150,72,22,13
TEAK_001,NEON.MAM.D17.R1953,M,MILO,32,149,55,21,14
TEAK_001,NEON.MAM.D17.R1957,M,PEMA,14,145,74,20,17
TEAK_001,NEON.MAM.D17.R1958,F,MIMO,46,175,52,20,12
SJER_032,NEON.MAM.D17.R1959,F,PEBO,22,178,95,20,17
SJER_033,NEON.MAM.D17.R1963,F,REME,7,113,63,16,12
TEAK_032,NEON.MAM.D17.R1967,M,PEMA,18,150,69,21,18
SJER_033,NEON.MAM.D17.R1969,F,REME,14,132,72,18,12
SJER_033,NEON.MAM.D17.R1971,M,REME,10,140,74,16,12
SJER_032,NEON.MAM.D17.R1972,F,PEBO,18,163,94,20,18
SJER_032,NEON.MAM.D17.R1973,F,PEBO,22,161,98,21,17
SJER_032,NEON.MAM.D17.R1974,M,PEBO,23,175,96,20,16
TEAK_003,NEON.MAM.D17.R1976,M,NESP,57,179,81,31,12
TEAK_001,NEON.MAM.D17.R1980,M,PEMA,16,145,72,20,16
SOAP_002,NEON.MAM.D17.R1981,M,PEBO,19,172,95,22,20
SJER_002,NEON.MAM.D17.R1986,F,PEMA,19,146,68,20,14
SOAP_003,NEON.MAM.D17.R1987,M,PEBO,20,166,90,21,19
SOAP_003,NEON.MAM.D17.R1990,F,PEBO,18,167,90,21,20
TEAK_001,NEON.MAM.D17.R1991,F,MIMO,44,147,44,21,12
TEAK_010,NEON.MAM.D17.R1992,F,NESP,59,209,88,33,19
SOAP_003,NEON.MAM.D17.R1995,F,PEBO,19,168,92,22,20
TEAK_001,NEON.MAM.D17.R1996,F,PEMA,17,145,60,19,15
TEAK_001,NEON.MAM.D17.R1998,F,PEMA,17,145,72,20,18
SJER_032,NEON.MAM.D17.R2001,M,PETR,26,180,101,24,24
SJER_006,NEON.MAM.D17.R2004,M,PEBO,24,179,96,22,16
SJER_007,NEON.MAM.D17.R2005,F,PEMA,21,142,69,19,14
SJER_006,NEON.MAM.D17.R2006,F,PEBO,25,158,68,21,19
SOAP_003,NEON.MAM.D17.R2008,F,PEBO,19,166,188,21,17
SJER_006,NEON.MAM.D17.R2009,F,CHCA,25,220,137,26,9
SJER_006,NEON.MAM.D17.R2010,M,PEBO,22,182,98,22,14
SJER_006,NEON.MAM.D17.R2013,F,PEBO,21,189,102,22,18
SOAP_003,NEON.MAM.D17.R2015,F,PEBO,28,182,105,21,16
SJER_007,NEON.MAM.D17.R2017,F,PEBO,21,162,86,21,19
SJER_006,NEON.MAM.D17.R2019,F,PEMA,19,140,66,18,15
SJER_006,NEON.MAM.D17.R2022,F,PEMA,17,141,72,19,14
SOAP_006,NEON.MAM.D17.R2023,F,PEBO,22,182,96,20,16
SOAP_002,NEON.MAM.D17.R2024,F,PEBO,25,188,108,22,18
SJER_006,NEON.MAM.D17.R2025,M,PEBO,21,172,90,22,20
SOAP_002,NEON.MAM.D17.R2026,F,PEBO,28,192,108,21,18
SOAP_003,NEON.MAM.D17.R2031,F,PEBO,22,185,99,20,15
SOAP_006,NEON.MAM.D17.R2037,M,PEBO,22,178,96,22,16
SOAP_006,NEON.MAM.D17.R2038,M,PEBO,13,124,63,19,16
SOAP_002,NEON.MAM.D17.R2039,F,PEBO,21,168,92,20,15
SOAP_002,NEON.MAM.D17.R2044,F,PEMA,14,135,70,16,14
SOAP_006,NEON.MAM.D17.R2046,M,PEBO,25,203,110,22,16
SJER_032,NEON.MAM.D17.R2048,M,PEBO,20,170,85,21,15
SJER_006,NEON.MAM.D17.R2049,F,PEMA,17,136,64,19,12
SOAP_006,NEON.MAM.D17.R2052,M,PEBO,25,194,106,21,18
SOAP_002,NEON.MAM.D17.R2060,F,PEBO,23,159,92,21,17
SOAP_006,NEON.MAM.D17.R2062,M,PEBO,27,207,112,22,16
SOAP_006,NEON.MAM.D17.R2070,F,PEBO,22,183,103,20,16
SOAP_012,NEON.MAM.D17.R2075,M,PEMA,16,140,64,19,14
SJER_009,NEON.MAM.D17.R2076,F,PEBO,20,170,80,20,16
SOAP_003,NEON.MAM.D17.R2077,F,PEBO,21,183,101,22,14
SOAP_003,NEON.MAM.D17.R2081,M,PEBO,24,145,50,22,15
SOAP_003,NEON.MAM.D17.R2086,M,PEBO,25,196,110,21,16
SOAP_002,NEON.MAM.D17.R2096,M,PEBO,18,166,98,22,19
SOAP_002,NEON.MAM.D17.R2103,F,PEBO,34,192,95,22,20
SOAP_003,NEON.MAM.D17.R2108,M,PEBO,28,205,109,22,16
SOAP_002,NEON.MAM.D17.R2110,M,PEBO,22,185,100,20,18
SJER_006,NEON.MAM.D17.R2111,M,PETR,24,177,105,23,24
SJER_010,NEON.MAM.D17.R2114,F,PEBO,24,156,70,21,18
SOAP_006,NEON.MAM.D17.R2125,F,PEBO,25,218,107,21,16
SOAP_006,NEON.MAM.D17.R2126,F,REME,10,124,71,15,11
SOAP_006,NEON.MAM.D17.R2136,M,PEBO,22,190,105,21,16
SOAP_006,NEON.MAM.D17.R2138,F,PEBO,21,179,98,20,16
SJER_009,NEON.MAM.D17.R2148,F,PEBO,22,175,95,22,15
SOAP_006,NEON.MAM.D17.R2153,F,PEBO,30,225,121,22,20
SOAP_006,NEON.MAM.D17.R2154,F,PEBO,20,170,86,21,18
SJER_006,NEON.MAM.D17.R2156,F,PEMA,14,112,62,19,14
SJER_009,NEON.MAM.D17.R2159,F,PEMA,19,150,62,19,15
SOAP_002,NEON.MAM.D17.R2160,M,PEBO,24,137,94,21,18
SOAP_012,NEON.MAM.D17.R2161,M,PEBO,24,204,107,22,19
SJER_009,NEON.MAM.D17.R2164,F,PEMA,20,155,90,17,15
SOAP_006,NEON.MAM.D17.R2169,F,PEBO,21,175,101,22,19
SJER_009,NEON.MAM.D17.R2175,M,PEBO,26,198,98,22,18
SJER_009,NEON.MAM.D17.R2176,F,PEBO,22,183,100,22,20
SJER_032,NEON.MAM.D17.R2178,F,PETR,23,178,93,22,23
SJER_032,NEON.MAM.D17.R2185,M,PEBO,22,182,95,21,18
SOAP_012,NEON.MAM.D17.R2189,F,PEBO,29,177,100,22,17
SJER_006,NEON.MAM.D17.R2191,M,PEMA,15,139,58,18,15
SJER_032,NEON.MAM.D17.R2195,M,PEMA,22,151,65,20,17
SJER_006,NEON.MAM.D17.R2196,M,PEMA,17,131,67,18,17
SOAP_002,NEON.MAM.D17.R2197,M,PEBO,22,154,70,22,18
SJER_032,NEON.MAM.D17.R2199,M,PETR,26,182,100,23,25
SJER_009,NEON.MAM.D17.R2200,M,PEBO,22,173,92,22,18
SOAP_006,NEON.MAM.D17.R2202,M,PEBO,23,185,89,22,20
SJER_006,NEON.MAM.D17.R2203,M,PEMA,16,138,65,18,12
SJER_009,NEON.MAM.D17.R2207,M,PEMA,19,145,75,19,17
SJER_009,NEON.MAM.D17.R2208,F,PEMA,25,156,75,20,17
SOAP_006,NEON.MAM.D17.R2212,M,PEBO,25,185,101,21,14
SJER_006,NEON.MAM.D17.R2215,M,PETR,26,169,90,21,24
SJER_006,NEON.MAM.D17.R2221,M,PEMA,17,136,64,18,12
SJER_006,NEON.MAM.D17.R2222,F,PEMA,15,141,67,19,15
SJER_032,NEON.MAM.D17.R2223,M,PEBO,16,157,88,20,16
SOAP_006,NEON.MAM.D17.R2224,M,PEBO,21,172,95,22,17
SJER_007,NEON.MAM.D17.R2228,M,PEBO,29,199,115,22,17
SJER_032,NEON.MAM.D17.R2234,M,PEMA,19,143,67,19,18
SOAP_006,NEON.MAM.D17.R2236,M,PEBO,22,177,98,22,20
SJER_007,NEON.MAM.D17.R2239,F,PEBO,20,174,96,20,19
SJER_009,NEON.MAM.D17.R2240,F,PEBO,29,188,103,22,20
SJER_006,NEON.MAM.D17.R2241,M,PEBO,23,190,100,21,16
SJER_002,NEON.MAM.D17.R2242,M,PEMA,16,132,57,18,12
SJER_006,NEON.MAM.D17.R2243,F,PEBO,27,152,68,21,17
SJER_006,NEON.MAM.D17.R2244,M,PEMA,14,131,60,19,14
SJER_033,NEON.MAM.D17.R2246,F,PEBO,26,172,92,25,20
SJER_006,NEON.MAM.D17.R2247,M,PEMA,19,150,72,20,15
SJER_006,NEON.MAM.D17.R2257,F,PEMA,20,163,72,20,16
SJER_032,NEON.MAM.D17.R2258,M,PEBO,23,175,96,22,22
SJER_009,NEON.MAM.D17.R2266,F,PEBO,21,155,93,22,17
SJER_006,NEON.MAM.D17.R2268,M,PEMA,15,129,61,19,14
SJER_006,NEON.MAM.D17.R2271,M,PETR,24,172,106,24,25
SJER_006,NEON.MAM.D17.R2272,F,PEMA,15,130,66,19,14
SJER_010,NEON.MAM.D17.R2276,F,PEBO,23,188,110,22,16
SJER_010,NEON.MAM.D17.R2277,F,PEBO,22,187,104,21,16
SJER_010,NEON.MAM.D17.R2279,M,PEBO,29,180,101,24,20
SJER_010,NEON.MAM.D17.R2280,F,PETR,23,169,85,22,22
SJER_010,NEON.MAM.D17.R2282,M,PEBO,32,180,91,24,19
SJER_032,NEON.MAM.D17.R2287,M,PEBO,21,170,90,22,18
SJER_010,NEON.MAM.D17.R2291,M,PEBO,22,169,84,22,18
SJER_006,NEON.MAM.D17.R2292,M,PEMA,16,133,61,18,12
SJER_009,NEON.MAM.D17.R2300,M,PEBO,26,183,100,22,19
SJER_009,NEON.MAM.D17.R2301,M,PEMA,19,150,66,18,14
SJER_009,NEON.MAM.D17.R2303,M,PEMA,18,166,77,20,16
SJER_009,NEON.MAM.D17.R2306,F,PEBO,18,165,94,21,18
SJER_009,NEON.MAM.D17.R2308,M,PEBO,28,208,115,21,19
SJER_009,NEON.MAM.D17.R2309,F,PEBO,28,193,102,22,16
SJER_006,NEON.MAM.D17.R2311,F,PEBO,23,175,92,22,18
SJER_006,NEON.MAM.D17.R2313,F,PEBO,30,173,90,21,20
SJER_009,NEON.MAM.D17.R2317,M,PEBO,19,167,85,22,20
SJER_006,NEON.MAM.D17.R2319,M,PEBO,22,173,97,22,19
TEAK_001,NEON.MAM.D17.R2330,F,MILO,41,175,64,21,14
TEAK_001,NEON.MAM.D17.R2331,M,PEMA,22,163,79,21,17
TEAK_001,NEON.MAM.D17.R2334,F,PEMA,21,162,74,20,18
TEAK_001,NEON.MAM.D17.R2337,M,PEMA,17,152,73,19,19
SJER_009,NEON.MAM.D17.R2341,M,PEBO,27,198,112,21,19
SOAP_003,NEON.MAM.D17.R2346,F,PEBO,23,196,108,24,17
SJER_007,NEON.MAM.D17.R2351,M,PEBO,21,171,98,21,18
SJER_006,NEON.MAM.D17.R2352,M,PEBO,22,195,104,23,19
SJER_007,NEON.MAM.D17.R2355,F,PEBO,18,170,89,21,17
SOAP_002,NEON.MAM.D17.R2356,M,PEBO,23,175,97,21,18
SJER_007,NEON.MAM.D17.R2357,M,PEBO,23,182,101,23,18
SOAP_006,NEON.MAM.D17.R2359,M,PEBO,26,195,100,22,20
SOAP_006,NEON.MAM.D17.R2360,M,PEBO,21,172,91,22,18
SJER_006,NEON.MAM.D17.R2362,F,PEBO,23,179,102,21,19
SJER_007,NEON.MAM.D17.R2363,F,PEBO,20,176,95,21,18
SJER_033,NEON.MAM.D17.R2364,F,PEMA,20,160,79,18,16
SOAP_002,NEON.MAM.D17.R2366,M,PEBO,20,182,99,22,19
SOAP_006,NEON.MAM.D17.R2367,F,PEBO,24,182,97,22,20
SOAP_002,NEON.MAM.D17.R2368,F,PEMA,15,134,65,18,16
SJER_007,NEON.MAM.D17.R2375,F,PEBO,21,176,95,22,20
SJER_007,NEON.MAM.D17.R2379,M,PEBO,21,168,98,22,16
SJER_006,NEON.MAM.D17.R2380,F,PEBO,24,185,97,25,24
SOAP_003,NEON.MAM.D17.R2382,F,PEBO,19,167,90,20,18
SJER_010,NEON.MAM.D17.R2383,F,PEMA,23,169,85,20,18
SJER_007,NEON.MAM.D17.R2384,F,PEBO,23,170,94,21,20
SJER_032,NEON.MAM.D17.R2388,F,PEBO,29,195,112,23,22
SJER_010,NEON.MAM.D17.R2392,M,PEMA,20,170,87,22,17
SJER_032,NEON.MAM.D17.R2396,M,PEBO,21,175,95,22,20
SJER_006,NEON.MAM.D17.R2402,M,PEBO,24,195,104,21,16
SJER_009,NEON.MAM.D17.R2409,F,PEBO,30,189,105,22,18
SJER_009,NEON.MAM.D17.R2410,F,PEMA,16,141,64,18,16
SJER_006,NEON.MAM.D17.R2411,F,PEMA,16,135,72,20,14
SJER_006,NEON.MAM.D17.R2412,F,PEMA,16,156,72,20,12
SOAP_006,NEON.MAM.D17.R2415,M,PEBO,26,193,96,20,18
SOAP_003,NEON.MAM.D17.R2425,F,PEBO,22,188,96,21,15
SJER_006,NEON.MAM.D17.R2428,M,PEMA,15,146,72,19,15
SOAP_003,NEON.MAM.D17.R2429,M,PEBO,24,194,103,22,13
SOAP_003,NEON.MAM.D17.R2431,F,PEBO,26,194,105,21,18
SOAP_012,NEON.MAM.D17.R2437,M,PEMA,14,130,63,18,14
SOAP_003,NEON.MAM.D17.R2441,M,PEBO,24,185,99,22,16
SOAP_002,NEON.MAM.D17.R2444,M,PEBO,21,182,101,21,16
SOAP_003,NEON.MAM.D17.R2445,F,PEBO,22,175,99,21,16
SOAP_006,NEON.MAM.D17.R2453,M,PEBO,20,190,100,21,16
SOAP_003,NEON.MAM.D17.R2455,M,PEBO,23,190,104,22,17
SOAP_006,NEON.MAM.D17.R2458,F,PEBO,21,180,94,22,15
SOAP_006,NEON.MAM.D17.R2460,M,PEBO,24,195,105,22,16
SOAP_003,NEON.MAM.D17.R2462,M,REME,13,150,75,17,11
SOAP_012,NEON.MAM.D17.R2466,M,PEBO,22,195,100,21,14
SOAP_003,NEON.MAM.D17.R2470,F,PEBO,16,165,85,20,14
SOAP_003,NEON.MAM.D17.R2474,F,PEBO,28,192,98,22,16
SOAP_006,NEON.MAM.D17.R2475,M,PEBO,24,198,101,22,18
SOAP_002,NEON.MAM.D17.R2477,M,PEBO,23,186,104,22,18
SJER_006,NEON.MAM.D17.R2481,M,PETR,23,160,88,22,24
SJER_006,NEON.MAM.D17.R2491,F,PEMA,14,140,64,19,13
SOAP_002,NEON.MAM.D17.R2492,M,PEMA,16,140,70,20,14
TEAK_010,NEON.MAM.D17.R2493,M,NESP,40,181,87,30,18
SJER_006,NEON.MAM.D17.R2494,F,PEMA,18,145,67,20,14
SOAP_002,NEON.MAM.D17.R2498,F,PEMA,20,146,71,18,16
SJER_006,NEON.MAM.D17.R2501,F,PEMA,19,139,68,20,15
SJER_006,NEON.MAM.D17.R2507,M,PEMA,15,145,71,18,16
SJER_006,NEON.MAM.D17.R2508,M,PEMA,16,150,72,17,13
SJER_006,NEON.MAM.D17.R2512,F,PEBO,26,188,99,22,19
SJER_006,NEON.MAM.D17.R2514,F,PEBO,22,190,115,20,19
SJER_032,NEON.MAM.D17.R2515,M,PEMA,21,156,75,20,15
SJER_032,NEON.MAM.D17.R2519,F,PEBO,23,185,100,22,18
SJER_006,NEON.MAM.D17.R2520,M,PEBO,22,171,95,23,20
SJER_007,NEON.MAM.D17.R2522,M,PEBO,20,170,90,22,16
SJER_009,NEON.MAM.D17.R2524,M,PEBO,18,167,87,22,18
SJER_006,NEON.MAM.D17.R2526,F,PEMA,16,142,63,21,16
SJER_006,NEON.MAM.D17.R2531,F,PEMA,11,118,55,17,13
SJER_009,NEON.MAM.D17.R2532,M,PEMA,17,141,65,21,17
SJER_010,NEON.MAM.D17.R2533,F,PEBO,17,139,81,20,14
SJER_006,NEON.MAM.D17.R2535,F,PEMA,14,135,61,18,15
SJER_006,NEON.MAM.D17.R2536,M,PEMA,20,151,80,20,17
SOAP_012,NEON.MAM.D17.R2537,F,PEBO,19,170,94,22,17
SJER_010,NEON.MAM.D17.R2540,M,PEBO,24,188,98,21,16
SJER_009,NEON.MAM.D17.R2541,M,PEBO,27,156,74,22,18
SJER_010,NEON.MAM.D17.R2544,M,PEBO,22,172,90,22,16
SJER_010,NEON.MAM.D17.R2549,F,PETR,26,209,119,23,24
SOAP_012,NEON.MAM.D17.R2554,M,PEBO,24,200,100,22,18
SOAP_003,NEON.MAM.D17.R2559,M,PEBO,19,195,116,20,17
SOAP_003,NEON.MAM.D17.R2566,M,PEBO,13,155,90,20,15
SOAP_003,NEON.MAM.D17.R2568,M,PEBO,20,191,112,21,17
SJER_009,NEON.MAM.D17.R2575,M,PEBO,25,190,103,21,16
SJER_006,NEON.MAM.D17.R2576,F,REME,17,131,60,19,12
SOAP_003,NEON.MAM.D17.R2586,M,PEBO,24,199,103,21,18
SOAP_003,NEON.MAM.D17.R2588,M,PEBO,25,210,109,22,17
SOAP_006,NEON.MAM.D17.R2590,M,PEBO,27,197,104,20,18
SOAP_003,NEON.MAM.D17.R2591,M,PEBO,22,190,102,22,20
SJER_009,NEON.MAM.D17.R2596,M,PEBO,28,190,100,21,19
SJER_006,NEON.MAM.D17.R2601,F,PEMA,18,150,66,19,14
SJER_032,NEON.MAM.D17.R2608,M,PEMA,19,150,70,21,16
SJER_006,NEON.MAM.D17.R2609,F,PETR,23,172,100,23,22
SJER_033,NEON.MAM.D17.R2610,M,PEMA,18,140,68,18,15
SJER_006,NEON.MAM.D17.R2611,F,PEBO,23,192,105,21,17
SJER_002,NEON.MAM.D17.R2612,M,PETR,29,197,112,22,21
SJER_007,NEON.MAM.D17.R2615,F,PEBO,29,196,107,22,17
SJER_032,NEON.MAM.D17.R2618,F,REME,11,127,69,16,11
SJER_012,NEON.MAM.D17.R2620,F,PEMA,21,146,71,19,14
SJER_032,NEON.MAM.D17.R2623,F,PEMA,16,134,61,18,14
SJER_032,NEON.MAM.D17.R2625,F,PEBO,28,189,105,22,20
SJER_007,NEON.MAM.D17.R2626,M,PEBO,20,169,90,23,22
SJER_006,NEON.MAM.D17.R2627,F,PEMA,13,130,60,18,12
SJER_006,NEON.MAM.D17.R2629,M,PEMA,18,137,65,18,14
SJER_007,NEON.MAM.D17.R2638,F,PEBO,23,190,104,20,18
SJER_012,NEON.MAM.D17.R2648,M,PEMA,15,145,65,19,14
SJER_006,NEON.MAM.D17.R2649,M,PETR,24,190,104,22,24
SOAP_003,NEON.MAM.D17.R2650,M,PEBO,20,172,90,22,17
SOAP_003,NEON.MAM.D17.R2651,F,PEBO,22,174,93,22,19
SOAP_003,NEON.MAM.D17.R2654,F,PEBO,18,173,90,21,19
SOAP_003,NEON.MAM.D17.R2656,F,PEBO,19,172,95,22,20
SOAP_003,NEON.MAM.D17.R2660,M,PEBO,22,172,92,22,18
SOAP_003,NEON.MAM.D17.R2662,M,PEBO,20,174,86,22,19
SOAP_003,NEON.MAM.D17.R2663,F,PEBO,22,181,95,22,20
SOAP_003,NEON.MAM.D17.R2664,M,PEBO,20,181,95,22,20
SOAP_003,NEON.MAM.D17.R2665,F,PEBO,20,180,92,22,17
SOAP_003,NEON.MAM.D17.R2666,F,PEBO,22,186,92,21,17
SOAP_003,NEON.MAM.D17.R2667,M,PEBO,20,175,93,22,18
SOAP_003,NEON.MAM.D17.R2670,M,PEBO,21,182,94,22,19
SOAP_003,NEON.MAM.D17.R2675,M,PEBO,19,165,92,22,18
SOAP_003,NEON.MAM.D17.R2677,F,PEBO,21,178,99,22,18
SOAP_003,NEON.MAM.D17.R2678,M,PEBO,22,178,94,20,20
SOAP_003,NEON.MAM.D17.R2680,F,PEBO,24,178,100,22,19
TEAK_003,NEON.MAM.D17.R2682,M,PEMA,20,160,78,20,18
TEAK_003,NEON.MAM.D17.R2683,M,PEMA,22,160,79,20,18
SOAP_003,NEON.MAM.D17.R2685,F,PEBO,22,161,91,21,19
SOAP_003,NEON.MAM.D17.R2687,M,PEBO,20,176,92,22,18
TEAK_010,NEON.MAM.D17.R2697,M,PEMA,15,146,68,19,16
TEAK_010,NEON.MAM.D17.R2698,M,PEMA,17,145,73,20,16
TEAK_010,NEON.MAM.D17.R2699,F,PEMA,16,136,65,20,18
TEAK_001,NEON.MAM.D17.R2702,F,PEMA,14,141,67,19,15
TEAK_001,NEON.MAM.D17.R2703,M,MILO,41,164,74,22,14
SOAP_002,NEON.MAM.D17.R2704,F,PEBO,17,170,96,22,18
SJER_006,NEON.MAM.D17.R2722,F,PEMA,15,138,68,16,16
SOAP_006,NEON.MAM.D17.R2730,M,PEBO,20,180,96,22,20
TEAK_004,NEON.MAM.D17.R2731,M,PEBO,21,173,100,22,17
SJER_033,NEON.MAM.D17.R2739,M,PEMA,15,125,59,17,15
TEAK_004,NEON.MAM.D17.R2740,M,PEMA,14,138,71,17,15
SOAP_006,NEON.MAM.D17.R2745,M,PEBO,23,163,91,21,19
TEAK_007,NEON.MAM.D17.R2749,M,PEMA,23,154,70,20,18
SJER_009,NEON.MAM.D17.R2750,M,PETR,25,185,111,24,25
SJER_002,NEON.MAM.D17.R2753,F,PEMA,16,135,69,18,17
SOAP_006,NEON.MAM.D17.R2755,M,PEBO,18,168,90,21,20
SJER_033,NEON.MAM.D17.R2761,M,PETR,25,172,97,23,24
SOAP_002,NEON.MAM.D17.R2763,M,PEBO,19,171,97,21,19
SJER_007,NEON.MAM.D17.R2769,M,PEBO,26,181,106,22,18
SJER_033,NEON.MAM.D17.R2771,F,PEBO,19,175,96,21,19
TEAK_004,NEON.MAM.D17.R2775,F,PEBO,21,174,99,21,18
TEAK_032,NEON.MAM.D17.R2778,M,PEMA,17,129,68,19,17
TEAK_010,NEON.MAM.D17.R2791,F,PEMA,20,161,86,21,16
TEAK_004,NEON.MAM.D17.R2795,M,PEBO,20,180,96,22,20
SOAP_006,NEON.MAM.D17.R2801,M,PEBO,22,170,92,22,19
SOAP_006,NEON.MAM.D17.R2804,F,PEBO,19,167,93,22,20
TEAK_004,NEON.MAM.D17.R2817,F,PEMA,20,146,71,19,18
SOAP_002,NEON.MAM.D17.R2819,M,PEBO,18,172,96,22,18
TEAK_004,NEON.MAM.D17.R2820,M,PEBO,24,185,102,21,18
SOAP_006,NEON.MAM.D17.R2821,F,PEBO,21,157,92,21,19
TEAK_004,NEON.MAM.D17.R2825,F,PEMA,14,134,66,17,14
TEAK_010,NEON.MAM.D17.R2827,F,NESP,62,201,101,30,18
SOAP_006,NEON.MAM.D17.R2828,F,PEBO,20,163,91,21,20
TEAK_010,NEON.MAM.D17.R2830,F,PEMA,16,147,73,18,16
TEAK_001,NEON.MAM.D17.R2834,M,MIMO,32,133,41,20,12
TEAK_010,NEON.MAM.D17.R2839,F,PEMA,12,136,72,21,17
SOAP_006,NEON.MAM.D17.R2840,F,PEBO,21,179,97,22,20
TEAK_001,NEON.MAM.D17.R2841,F,MILO,44,186,68,22,17
TEAK_001,NEON.MAM.D17.R2842,F,MIMO,39,142,36,19,12
TEAK_001,NEON.MAM.D17.R2844,M,MIMO,32,132,38,20,14
TEAK_001,NEON.MAM.D17.R2845,M,PEMA,14,141,70,21,16
TEAK_001,NEON.MAM.D17.R2846,M,PEMA,12,127,67,17,15
TEAK_004,NEON.MAM.D17.R2848,M,PEMA,18,151,81,21,17
SOAP_006,NEON.MAM.D17.R2852,M,PEBO,23,155,65,22,19
SOAP_006,NEON.MAM.D17.R2853,F,PEBO,25,182,100,22,20
SOAP_006,NEON.MAM.D17.R2854,F,PEBO,22,189,105,22,16
SOAP_006,NEON.MAM.D17.R2855,M,PEBO,22,187,105,22,20
SOAP_006,NEON.MAM.D17.R2856,M,PEBO,18,165,93,20,19
SOAP_006,NEON.MAM.D17.R2857,M,PEBO,22,148,65,21,21
SOAP_006,NEON.MAM.D17.R2859,M,MICA,44,168,60,24,14
SOAP_006,NEON.MAM.D17.R2860,M,PEBO,22,184,102,21,16
SOAP_006,NEON.MAM.D17.R2861,F,PEBO,18,169,96,21,16
SOAP_006,NEON.MAM.D17.R2862,M,PEBO,23,171,97,23,21
SJER_007,NEON.MAM.D17.R2865,F,PEMA,13,134,62,17,14
SJER_007,NEON.MAM.D17.R2866,F,PEMA,16,140,60,19,13
TEAK_032,NEON.MAM.D17.R2875,M,PEMA,18,123,63,18,17
SJER_007,NEON.MAM.D17.R2879,M,PEBO,21,182,104,22,15
SJER_006,NEON.MAM.D17.R2903,M,PEBO,21,181,98,23,19
SJER_009,NEON.MAM.D17.R2913,F,PEMA,16,138,68,18,15
TEAK_010,NEON.MAM.D17.R2920,F,NESP,51,202,88,32,19
TEAK_010,NEON.MAM.D17.R2923,M,PEMA,16,141,68,20,17
TEAK_007,NEON.MAM.D17.R2927,F,PEMA,20,160,77,20,16
TEAK_007,NEON.MAM.D17.R2928,F,PEMA,18,152,74,20,15
TEAK_001,NEON.MAM.D17.R2930,M,MILO,47,176,73,20,19
TEAK_001,NEON.MAM.D17.R2937,F,PEMA,21,142,68,19,15
TEAK_001,NEON.MAM.D17.R2938,M,MIMO,38,165,60,22,17
TEAK_004,NEON.MAM.D17.R2940,M,PEBO,24,187,100,22,19
TEAK_001,NEON.MAM.D17.R2945,F,MILO,47,180,68,21,16
TEAK_010,NEON.MAM.D17.R2949,F,PEBO,18,175,101,21,19
TEAK_004,NEON.MAM.D17.R2966,F,PEBO,19,190,96,22,17
TEAK_004,NEON.MAM.D17.R2967,M,PEMA,17,148,76,20,15
SOAP_002,NEON.MAM.D17.R2971,M,PEBO,24,187,104,22,19
SJER_006,NEON.MAM.D17.R2987,M,PEBO,24,179,97,22,18
TEAK_010,NEON.MAM.D17.R2992,M,NESP,56,214,91,32,19
TEAK_004,NEON.MAM.D17.R2996,F,PEBO,20,163,92,21,19
SJER_032,NEON.MAM.D17.R3002,F,PEBO,17,169,93,22,15
SJER_032,NEON.MAM.D17.R3005,F,PEBO,21,173,97,24,21
SJER_009,NEON.MAM.D17.R3006,F,PEBO,21,171,101,22,17
SJER_006,NEON.MAM.D17.R3008,F,PEBO,19,174,93,22,17
SJER_006,NEON.MAM.D17.R3013,M,PEBO,23,179,97,21,16
SJER_010,NEON.MAM.D17.R3016,F,PETR,23,184,104,22,22
SJER_006,NEON.MAM.D17.R3017,M,PEBO,24,193,107,22,19
SJER_007,NEON.MAM.D17.R3018,M,PEBO,24,183,105,23,18
SJER_009,NEON.MAM.D17.R3024,M,PEMA,17,137,69,18,12
SJER_006,NEON.MAM.D17.R3025,M,PEMA,17,138,68,20,13
SJER_010,NEON.MAM.D17.R3026,F,PEBO,19,179,101,22,19
SJER_033,NEON.MAM.D17.R3028,F,PETR,27,189,107,23,25
SJER_006,NEON.MAM.D17.R3030,M,PEBO,22,175,94,22,20
SJER_032,NEON.MAM.D17.R3032,F,PEMA,23,165,86,22,19
SJER_032,NEON.MAM.D17.R3033,M,PEBO,19,175,99,21,19
SJER_032,NEON.MAM.D17.R3034,M,PEBO,22,165,77,22,18
SJER_006,NEON.MAM.D17.R3036,F,PEMA,18,133,62,19,16
SJER_010,NEON.MAM.D17.R3037,F,PEBO,21,173,99,24,21
SJER_032,NEON.MAM.D17.R3041,M,PETR,24,178,99,24,24
SJER_032,NEON.MAM.D17.R3045,M,PEMA,15,132,64,19,15
SJER_032,NEON.MAM.D17.R3046,M,PEMA,21,141,71,20,15
SJER_033,NEON.MAM.D17.R3047,M,PETR,23,182,102,22,24
SJER_010,NEON.MAM.D17.R3048,M,PEBO,20,141,48,22,18
SJER_002,NEON.MAM.D17.R3049,F,PEBO,22,164,80,22,20
SJER_006,NEON.MAM.D17.R3053,M,PEMA,17,126,67,19,17
SJER_009,NEON.MAM.D17.R3057,F,PEMA,20,149,83,21,17
SJER_009,NEON.MAM.D17.R3061,M,PEMA,14,133,69,18,14
SJER_009,NEON.MAM.D17.R3062,M,PEBO,24,168,91,26,22
SJER_012,NEON.MAM.D17.R3074,F,PEMA,19,133,59,17,15
SJER_032,NEON.MAM.D17.R3076,M,PEBO,17,160,89,25,17
TEAK_003,NEON.MAM.D17.R3078,U,NESP,55,217,103,35,19
TEAK_003,NEON.MAM.D17.R3079,M,PEMA,15,144,70,21,16
SJER_009,NEON.MAM.D17.R3081,F,PEBO,19,178,99,22,17
SJER_009,NEON.MAM.D17.R3082,F,PEMA,17,155,75,20,15
SJER_009,NEON.MAM.D17.R3083,F,PETR,21,182,102,22,22
SOAP_002,NEON.MAM.D17.R3084,M,PEBO,21,150,91,20,17
SJER_009,NEON.MAM.D17.R3088,F,PETR,22,181,101,23,23
SJER_012,NEON.MAM.D17.R3091,F,PEMA,145,179,81,21,18
SJER_010,NEON.MAM.D17.R3094,F,PEBO,22,173,90,22,14
SJER_006,NEON.MAM.D17.R3095,M,PEBO,18,171,95,21,18
SJER_006,NEON.MAM.D17.R3098,F,PEBO,22,179,106,21,21
SJER_006,NEON.MAM.D17.R3113,F,PEBO,21,179,102,23,18
SJER_006,NEON.MAM.D17.R3119,F,PEMA,16,142,70,20,18
SJER_033,NEON.MAM.D17.R3126,M,PEBO,25,199,107,20,17
SJER_012,NEON.MAM.D17.R3129,M,PEBO,26,180,102,24,21
SJER_012,NEON.MAM.D17.R3131,F,PEMA,15,136,66,18,14
SJER_006,NEON.MAM.D17.R3137,F,PETR,27,186,106,24,24
SJER_012,NEON.MAM.D17.R3138,M,PEMA,17,144,65,20,16
SJER_006,NEON.MAM.D17.R3144,M,DIHE,56,261,195,42,14
SJER_006,NEON.MAM.D17.R3151,F,PEMA,17,146,65,20,16
SJER_006,NEON.MAM.D17.R3154,F,PEBO,21,172,99,23,21
TEAK_003,NEON.MAM.D17.R3155,M,NESP,54,205,105,34,17
SJER_032,NEON.MAM.D17.R3156,M,PEMA,17,137,66,18,16
SJER_006,NEON.MAM.D17.R3158,F,PEMA,18,150,75,18,16
SJER_032,NEON.MAM.D17.R3159,M,PEMA,16,145,67,17,15
SJER_006,NEON.MAM.D17.R3165,M,PEBO,23,190,106,23,17
SOAP_002,NEON.MAM.D17.R3167,F,PEMA,10,144,74,20,16
SJER_032,NEON.MAM.D17.R3169,F,PETR,22,176,102,24,24
SOAP_002,NEON.MAM.D17.R3170,F,PEBO,29,161,106,21,18
TEAK_003,NEON.MAM.D17.R3174,F,NEMR,57,159,121,29,16
SJER_006,NEON.MAM.D17.R3189,M,PETR,24,190,108,23,23
SJER_006,NEON.MAM.D17.R3193,F,PEBO,18,170,104,24,18
SJER_006,NEON.MAM.D17.R3195,M,PEMA,16,137,61,20,14
SJER_006,NEON.MAM.D17.R3199,M,PEBO,26,146,65,22,18
SJER_006,NEON.MAM.D17.R3206,M,PEMA,19,151,71,24,16
TEAK_004,NEON.MAM.D17.R3210,F,PEBO,28,219,120,23,19
SJER_032,NEON.MAM.D17.R3212,F,PEBO,31,209,117,25,21
SOAP_003,NEON.MAM.D17.R3215,M,PEBO,24,151,98,22,17
TEAK_010,NEON.MAM.D17.R3220,M,PEMA,16,147,72,17,17
SJER_033,NEON.MAM.D17.R3228,M,PEBO,16,133,67,18,17
SJER_006,NEON.MAM.D17.R3231,F,PEMA,18,131,66,20,14
SJER_012,NEON.MAM.D17.R32335,M,PEMA,17,129,68,19,17
SJER_012,NEON.MAM.D17.R3235,M,PEMA,18,132,61,20,18
TEAK_001,NEON.MAM.D17.R3236,F,PEMA,13,134,70,18,15
SJER_007,NEON.MAM.D17.R3238,M,PEBO,19,185,110,22,18
SJER_007,NEON.MAM.D17.R3243,F,PETR,22,170,92,23,24
SOAP_003,NEON.MAM.D17.R3254,M,PEBO,22,195,111,22,19
TEAK_007,NEON.MAM.D17.R3255,M,PEMA,16,137,70,19,18
SOAP_003,NEON.MAM.D17.R3256,F,PEBO,23,168,97,21,16
SOAP_003,NEON.MAM.D17.R3264,M,PETR,30,182,99,23,25
SOAP_003,NEON.MAM.D17.R3270,F,PEBO,26,180,100,22,18
TEAK_001,NEON.MAM.D17.R3271,M,PEMA,18,143,70,20,20
SOAP_003,NEON.MAM.D17.R3272,F,PETR,31,189,105,23,25
SOAP_003,NEON.MAM.D17.R3274,M,PEBO,17,165,96,21,14
TEAK_001,NEON.MAM.D17.R3279,F,PEMA,15,140,71,18,15
TEAK_007,NEON.MAM.D17.R3281,M,PEMA,19,141,69,18,17
SOAP_027,NEON.MAM.D17.R3288,F,PEBO,18,161,99,20,19
TEAK_010,NEON.MAM.D17.R3289,M,PEMA,11,129,69,17,14
SOAP_003,NEON.MAM.D17.R3292,M,PEBO,21,181,108,20,17
SOAP_027,NEON.MAM.D17.R3293,M,PEBO,22,182,101,22,18
TEAK_010,NEON.MAM.D17.R3295,M,NESP,52,155,109,31,18
SOAP_027,NEON.MAM.D17.R3312,F,PEBO,31,199,114,22,18
SOAP_002,NEON.MAM.D17.R3314,F,PEMA,13,135,67,16,14
SOAP_002,NEON.MAM.D17.R3323,M,PEMA,17,123,79,19,16
SOAP_002,NEON.MAM.D17.R3327,M,PEMA,16,129,66,19,17
TEAK_003,NEON.MAM.D17.R3332,F,NESP,56,159,114,31,20
SJER_006,NEON.MAM.D17.R3334,F,REME,9,126,75,12,8
TEAK_003,NEON.MAM.D17.R3337,M,NESP,55,158,115,30,17
SJER_006,NEON.MAM.D17.R3352,M,PEMA,14,139,66,19,15
SOAP_006,NEON.MAM.D17.R3356,F,PEBO,24,174,100,23,21
TEAK_003,NEON.MAM.D17.R3359,M,NESP,58,158,108,31,19
TEAK_001,NEON.MAM.D17.R3363,M,PEMA,16,152,76,20,15
TEAK_001,NEON.MAM.D17.R3369,F,MILO,40,166,65,21,15
TEAK_010,NEON.MAM.D17.R3373,F,NESP,54,206,94,34,18
TEAK_003,NEON.MAM.D17.R3374,M,PEMA,17,139,73,19,15
TEAK_003,NEON.MAM.D17.R3377,M,NESP,54,199,100,31,20
TEAK_003,NEON.MAM.D17.R3382,M,NESP,46,191,104,30,19
TEAK_004,NEON.MAM.D17.R3386,M,PEBO,24,192,105,22,16
TEAK_001,NEON.MAM.D17.R3388,F,PEBO,21,160,101,22,18
TEAK_010,NEON.MAM.D17.R3392,F,NESP,52,205,94,32,17
TEAK_003,NEON.MAM.D17.R3396,M,PEMA,18,144,69,20,17
SJER_032,NEON.MAM.D17.R3398,M,PEBO,25,183,96,22,19
TEAK_010,NEON.MAM.D17.R3401,M,PEMA,14,132,60,16,15
TEAK_004,NEON.MAM.D17.R3403,M,PEBO,23,181,101,21,18
SOAP_002,NEON.MAM.D17.R3404,M,PEMA,18,150,68,21,17
TEAK_003,NEON.MAM.D17.R3405,M,PEMA,16,135,71,21,18
SOAP_003,NEON.MAM.D17.R3406,F,PEBO,25,204,109,22,16
SOAP_003,NEON.MAM.D17.R3408,F,PEBO,22,168,95,21,18
SOAP_003,NEON.MAM.D17.R3409,M,PEBO,18,154,99,22,20
TEAK_010,NEON.MAM.D17.R3411,M,PEMA,13,134,68,17,15
SOAP_003,NEON.MAM.D17.R3413,M,PETR,17,165,97,23,24
TEAK_003,NEON.MAM.D17.R3414,F,NESP,57,156,114,31,18
TEAK_007,NEON.MAM.D17.R3415,M,PEMA,18,131,60,17,18
SOAP_003,NEON.MAM.D17.R3417,F,PEBO,18,169,94,22,17
TEAK_001,NEON.MAM.D17.R3418,F,PEMA,17,139,70,18,17
TEAK_004,NEON.MAM.D17.R3419,F,PEBO,24,160,101,21,17
SOAP_003,NEON.MAM.D17.R3421,M,PEBO,20,168,99,21,17
SOAP_003,NEON.MAM.D17.R3423,M,PEBO,21,167,90,20,18
SOAP_006,NEON.MAM.D17.R3424,M,PEBO,38,170,94,22,16
TEAK_003,NEON.MAM.D17.R3477,M,NESP,58,142,111,31,14
TEAK_010,NEON.MAM.D17.R3478,M,PEMA,18,135,63,20,17
SOAP_003,NEON.MAM.D17.R3480,F,PEBO,24,193,113,22,18
SOAP_003,NEON.MAM.D17.R3481,F,PEBO,20,182,99,21,18
TEAK_010,NEON.MAM.D17.R3482,F,NESP,52,208,103,32,18
SOAP_027,NEON.MAM.D17.R3484,F,PEBO,19,171,96,21,17
SOAP_003,NEON.MAM.D17.R3486,M,PEBO,24,192,110,22,18
SOAP_027,NEON.MAM.D17.R3487,M,PEBO,20,166,93,23,17
SOAP_003,NEON.MAM.D17.R3488,M,PEBO,27,198,110,22,19
SOAP_003,NEON.MAM.D17.R3489,M,PEBO,24,181,104,20,20
SOAP_003,NEON.MAM.D17.R3490,M,PEBO,22,188,111,21,18
SOAP_027,NEON.MAM.D17.R3491,F,PEBO,32,214,124,21,19
SOAP_003,NEON.MAM.D17.R3492,M,PEBO,26,196,108,22,19
SOAP_027,NEON.MAM.D17.R3493,M,PEBO,23,156,86,22,22
SOAP_003,NEON.MAM.D17.R3494,M,PEBO,20,170,96,21,18
TEAK_003,NEON.MAM.D17.R3496,F,NESP,52,165,111,36,17
SOAP_003,NEON.MAM.D17.R3498,M,PEBO,20,166,92,21,18
SOAP_003,NEON.MAM.D17.R3499,F,PEBO,20,176,102,21,17
TEAK_010,NEON.MAM.D17.R3583,F,NESP,47,197,99,27,20
SJER_032,NEON.MAM.D17.R3585,F,PEMA,18,142,69,19,15
SOAP_002,NEON.MAM.D17.R3590,M,PEMA,15,151,79,20,17
TEAK_003,NEON.MAM.D17.R3592,F,NEQU,67,212,90,32,19
SJER_032,NEON.MAM.D17.R3594,M,PEBO,22,192,103,18,18
TEAK_001,NEON.MAM.D17.R3596,M,PEMA,18,156,85,20,15
TEAK_010,NEON.MAM.D17.R3600,F,NESP,56,199,107,33,18
TEAK_010,NEON.MAM.D17.R3604,F,NESP,54,194,104,31,17
TEAK_001,NEON.MAM.D17.R3605,M,PEMA,18,157,75,20,16
TEAK_001,NEON.MAM.D17.R3606,M,PEMA,14,140,71,19,19
TEAK_001,NEON.MAM.D17.R3608,M,PEMA,19,154,77,21,18
TEAK_003,NEON.MAM.D17.R3610,M,NESP,50,198,106,32,18
TEAK_010,NEON.MAM.D17.R3611,F,NEQU,65,163,117,32,18
TEAK_010,NEON.MAM.D17.R3613,F,NESP,56,170,111,32,21
TEAK_001,NEON.MAM.D17.R3614,M,MILO,36,149,65,22,12
TEAK_003,NEON.MAM.D17.R3618,F,PEMA,17,155,76,21,17
TEAK_003,NEON.MAM.D17.R3619,F,NEQU,62,166,118,32,19
TEAK_001,NEON.MAM.D17.R3620,M,PEMA,15,135,69,19,17
SOAP_003,NEON.MAM.D17.R3621,M,PEBO,22,165,97,22,22
TEAK_003,NEON.MAM.D17.R3622,M,NESP,52,203,96,32,18
SJER_006,NEON.MAM.D17.R3629,M,PEBO,28,200,116,21,17
SJER_006,NEON.MAM.D17.R362X,M,PEBO,25,202,111,22,17
SJER_032,NEON.MAM.D17.R3630,F,PEBO,20,156,89,20,20
SJER_006,NEON.MAM.D17.R3631,M,PETR,28,204,118,22,22
SJER_006,NEON.MAM.D17.R3632,M,PEBO,24,188,103,22,21
SJER_032,NEON.MAM.D17.R3636,M,PEBO,22,160,95,23,22
SJER_007,NEON.MAM.D17.R3639,M,PEBO,23,160,90,21,20
SJER_010,NEON.MAM.D17.R3642,M,PETR,23,173,100,23,25
SJER_007,NEON.MAM.D17.R3645,M,PEBO,25,180,91,23,20
SJER_006,NEON.MAM.D17.R3647,F,PEMA,25,140,65,18,15
SJER_007,NEON.MAM.D17.R3648,F,PEBO,25,162,105,23,21
TEAK_001,NEON.MAM.D17.R3652,F,PEMA,20,151,77,17,20
SJER_007,NEON.MAM.D17.R3653,F,PETR,22,160,85,23,25
TEAK_010,NEON.MAM.D17.R3655,M,NESP,52,199,105,35,16
SJER_032,NEON.MAM.D17.R3657,M,REME,10,129,69,17,13
TEAK_003,NEON.MAM.D17.R3658,M,PEMA,20,148,76,20,20
SJER_007,NEON.MAM.D17.R3660,F,PEBO,23,172,90,20,18
TEAK_010,NEON.MAM.D17.R3661,F,NESP,58,206,89,32,18
SJER_007,NEON.MAM.D17.R3662,M,PEBO,23,172,93,22,20
SJER_007,NEON.MAM.D17.R3663,M,PEMA,25,170,85,23,20
SJER_007,NEON.MAM.D17.R3666,M,PEMA,25,161,88,22,20
SJER_006,NEON.MAM.D17.R3668,M,PEBO,21,170,95,21,17
SJER_006,NEON.MAM.D17.R3675,M,PETR,30,182,113,24,25
SJER_006,NEON.MAM.D17.R3684,F,PEMA,19,127,51,17,16
SJER_006,NEON.MAM.D17.R3688,M,PEBO,25,175,95,23,22
SJER_032,NEON.MAM.D17.R3689,M,PEMA,18,128,70,19,15
SJER_006,NEON.MAM.D17.R3690,U,PEBO,22,168,98,21,19
SJER_032,NEON.MAM.D17.R3693,F,PEMA,16,123,68,18,14
SJER_009,NEON.MAM.D17.R3695,F,PETR,33,200,112,22,22
SJER_032,NEON.MAM.D17.R3696,F,PEBO,23,160,100,23,21
TEAK_025,NEON.MAM.D17.R3698,M,PEMA,18,146,72,18,16
SJER_032,NEON.MAM.D17.R3700,F,PEBO,28,180,98,24,23
SJER_006,NEON.MAM.D17.R3703,M,PEBO,22,170,104,23,19
SJER_006,NEON.MAM.D17.R3706,M,PETR,26,184,110,26,29
SJER_006,NEON.MAM.D17.R3710,F,PEBO,24,173,99,22,18
SJER_006,NEON.MAM.D17.R3711,F,PEBO,22,171,93,21,16
SJER_033,NEON.MAM.D17.R3712,F,PETR,24,185,101,22,25
SJER_006,NEON.MAM.D17.R3717,M,PEBO,20,181,102,22,16
SJER_007,NEON.MAM.D17.R3722,F,PEBO,22,185,97,24,16
SJER_006,NEON.MAM.D17.R3723,F,PETR,24,192,109,21,24
SJER_007,NEON.MAM.D17.R3726,M,PEBO,23,175,96,22,13
SJER_006,NEON.MAM.D17.R3727,F,PEBO,19,180,107,21,17
SJER_006,NEON.MAM.D17.R3728,M,REME,7,128,79,16,9
SJER_032,NEON.MAM.D17.R3729,M,PETR,26,185,106,22,25
SJER_006,NEON.MAM.D17.R3730,M,PEBO,20,188,104,19,18
SJER_032,NEON.MAM.D17.R3731,F,PEMA,20,153,74,20,16
SJER_002,NEON.MAM.D17.R3734,F,PEBO,24,179,101,23,23
TEAK_001,NEON.MAM.D17.R3744,M,PEMA,20,156,83,22,17
TEAK_010,NEON.MAM.D17.R3748,M,PEMA,22,147,66,17,15
SJER_006,NEON.MAM.D17.R3749,F,PEBO,22,186,103,21,16
SOAP_002,NEON.MAM.D17.R3760,F,PEMA,16,140,69,17,15
TEAK_010,NEON.MAM.D17.R3763,F,PEMA,23,148,77,19,16
SJER_032,NEON.MAM.D17.R3768,F,PEBO,22,180,102,21,17
SJER_006,NEON.MAM.D17.R3774,M,PEBO,25,189,105,23,15
SJER_032,NEON.MAM.D17.R3782,F,REME,7,118,62,15,13
SJER_033,NEON.MAM.D17.R3784,F,REME,10,137,76,19,12
SJER_032,NEON.MAM.D17.R3787,M,PEMA,16,137,70,18,14
SJER_033,NEON.MAM.D17.R3790,M,PETR,27,177,102,24,25
SJER_033,NEON.MAM.D17.R3799,F,PEBO,20,190,101,23,21
SJER_032,NEON.MAM.D17.R3800,F,PEBO,23,170,90,22,19
SJER_006,NEON.MAM.D17.R3804,M,PEMA,13,129,63,18,12
SJER_006,NEON.MAM.D17.R3805,M,PEMA,15,133,63,18,16
TEAK_001,NEON.MAM.D17.R3807,M,PEMA,20,157,75,21,18
SJER_006,NEON.MAM.D17.R3809,F,PEBO,24,175,97,21,19
SOAP_003,NEON.MAM.D17.R3810,M,PEBO,26,176,106,22,17
SJER_006,NEON.MAM.D17.R3811,M,PEMA,19,136,64,18,15
SJER_006,NEON.MAM.D17.R3814,F,PETR,28,184,102,23,23
SJER_009,NEON.MAM.D17.R3815,F,PETR,26,188,105,22,25
SJER_032,NEON.MAM.D17.R3818,M,PETR,28,177,110,23,24
TEAK_010,NEON.MAM.D17.R3820,F,NESP,58,158,120,31,20
SJER_006,NEON.MAM.D17.R3824,M,PEMA,19,150,76,19,16
SJER_006,NEON.MAM.D17.R3850,F,PEBO,27,183,102,22,20
SJER_032,NEON.MAM.D17.R3851,M,PEBO,24,142,106,23,20
SJER_006,NEON.MAM.D17.R3852,F,PEBO,29,190,110,25,23
SJER_032,NEON.MAM.D17.R3853,F,PEMA,12,131,80,16,12
SOAP_012,NEON.MAM.D17.R3855,F,PEBO,30,177,100,21,20
SJER_009,NEON.MAM.D17.R3856,M,PETR,23,177,105,23,24
SJER_006,NEON.MAM.D17.R3857,M,PEBO,22,168,99,21,20
SJER_009,NEON.MAM.D17.R3858,F,PEBO,19,155,95,22,16
TEAK_010,NEON.MAM.D17.R3859,F,PEMA,14,130,62,19,17
SJER_006,NEON.MAM.D17.R3860,M,PEMA,18,146,65,21,15
TEAK_001,NEON.MAM.D17.R3863,M,PEMA,16,145,72,22,18
SJER_032,NEON.MAM.D17.R3865,M,PEMA,19,135,78,19,15
TEAK_001,NEON.MAM.D17.R3868,F,MILO,48,185,70,22,20
TEAK_003,NEON.MAM.D17.R3869,F,NESP,55,169,111,32,19
TEAK_003,NEON.MAM.D17.R3871,M,PEMA,15,148,76,18,16
TEAK_001,NEON.MAM.D17.R3873,F,PEMA,15,142,65,20,15
TEAK_010,NEON.MAM.D17.R3874,F,PEMA,14,142,75,21,15
TEAK_010,NEON.MAM.D17.R3880,M,NESP,53,182,105,31,15
SJER_032,NEON.MAM.D17.R3888,M,PETR,29,191,111,22,25
TEAK_003,NEON.MAM.D17.R3894,M,PEMA,16,141,81,12,16
SJER_006,NEON.MAM.D17.R3896,M,PEMA,16,80,66,19,17
TEAK_010,NEON.MAM.D17.R3H20,F,NEQU,66,167,120,35,22
TOOL_073,NEON.MAM.D18.217159,F,MIOE,32,148,31,18,11
TOOL_076,NEON.MAM.D18.828364,F,MIOE,49,156,37,19,13
TOOL_073,NEON.MAM.D18.L3869,F,MIOE,31,142,30,20,10
TOOL_002,NEON.MAM.D18.O002G620190718,F,SOUG,4,85,30,12,3
TOOL_031,NEON.MAM.D18.O031A920190815,F,MIOE,23,113,29,19,12
TOOL_031,NEON.MAM.D18.O031F320190815,F,MIOE,39,143,33,18,14
BARR_036,NEON.MAM.D18.O036E220190815,F,LETR,19,94,16,18,11
BARR_037,NEON.MAM.D18.O037D320190718,M,LETR,66,137,19,22,11
TOOL_071,NEON.MAM.D18.O071A520190815,M,MIOE,48,144,39,21,13
TOOL_071,NEON.MAM.D18.O071A820190815,F,MIOE,46,160,36,19,14
TOOL_071,NEON.MAM.D18.O071C720190815,M,MIOE,25,118,26,20,11
TOOL_071,NEON.MAM.D18.O071D820190815,F,MIOE,45,145,37,18,13
TOOL_071,NEON.MAM.D18.O071G520190815,M,MIOE,50,158,39,18,14
TOOL_073,NEON.MAM.D18.O073G320180724,M,MIOE,41,160,36,20,10
TOOL_076,NEON.MAM.D18.O076A120190815,M,MIOE,18,116,33,17,11
TOOL_076,NEON.MAM.D18.O076C220190815,M,MIOE,22,121,36,19,11
TOOL_076,NEON.MAM.D18.O076E120190815,F,MIOE,17,107,31,17,10
TOOL_077,NEON.MAM.D18.O077D1020190718,F,SOUG,4,72,28,11,4
TOOL_077,NEON.MAM.D18.O077I120190814,F,MIOE,35,158,43,18,9
TOOL_078,NEON.MAM.D18.O078C320190814,M,SOTU,6,98,39,13,5
TOOL_078,NEON.MAM.D18.O078I120190814,F,MYRU,18,119,47,19,15
TOOL_078,NEON.MAM.D18.O078I920190815,F,MYRU,15,107,26,18,11
BARR_083,NEON.MAM.D18.O083D620190815,M,DIGR,22,102,20,15,11
BARR_084,NEON.MAM.D18.O084I420190719,M,LETR,66,148,18,21,11
TOOL_073,NEON.MAM.D18.R2060,M,MIOE,32,151,39,17,8
TOOL_073,NEON.MAM.D18.R2066,F,MIOE,26,127,30,19,5
TOOL_073,NEON.MAM.D18.R3121,M,MIOE,47,181,46,18,10
TOOL_031,NEON.MAM.D18.R3191,F,MIOE,30,140,30,19,9
TOOL_078,NEON.MAM.D18.R3199,F,MIOE,37,160,36,19,12
TOOL_078,NEON.MAM.D18.R3320,F,MYRU,16,108,32,18,12
TOOL_073,NEON.MAM.D18.R3516,F,MIOE,31,146,34,19,12
TOOL_073,NEON.MAM.D18.R3517,F,MIOE,27,149,37,19,12
TOOL_073,NEON.MAM.D18.R3548,F,MIOE,40,161,37,19,11
TOOL_078,NEON.MAM.D18.R3550,F,MIOE,45,161,41,19,12
TOOL_078,NEON.MAM.D18.R3558,M,MIOE,51,180,48,19,12
TOOL_031,NEON.MAM.D18.R3615,M,MIOE,18,110,28,18,13
TOOL_071,NEON.MAM.D18.R3643,F,MIOE,24,124,33,20,11
TOOL_071,NEON.MAM.D18.R3667,F,MIOE,41,149,42,18,9
TOOL_078,NEON.MAM.D18.R5350,M,MIMI,42,143,31,22,11
TOOL_078,NEON.MAM.D18.R5375,M,MIMI,16,107,18,19,11
TOOL_078,NEON.MAM.D18.R5400,F,MIMI,34,128,26,18,10
TOOL_078,NEON.MAM.D18.R5824,F,MIMI,41,134,28,19,9
TOOL_073,NEON.MAM.D18.R5850,F,MIOE,40,129,46,20,12
DEJU_017,NEON.MAM.D19.L1562,F,MYRU,22,122,28,20,11
HEAL_032,NEON.MAM.D19.L2533,M,MYRU,24,121,18,18,12
DEJU_005,NEON.MAM.D19.L2565,M,TAHU,230,310,110,54,25
DEJU_005,NEON.MAM.D19.L2875,F,MYRU,31,128,30,19,16
BONA_004,NEON.MAM.D19.L6049,U,MIMI,24,122,23,17,12
DEJU_001,NEON.MAM.D19.O001I120210813,F,MYRU,20,127,35,19,16
DEJU_001,NEON.MAM.D19.O001J320200902,F,MYRU,24,133,31,17,14
DEJU_001,NEON.MAM.D19.O001J320210813,M,MYRU,14,120,30,17,12
DEJU_001,NEON.MAM.D19.O001J920190710,U,SOCI,3,84,34,12,4
BONA_002,NEON.MAM.D19.O002C320190801,U,SOCI,4,83,36,12,4
BONA_002,NEON.MAM.D19.O002D720190801,M,MYRU,17,119,28,19,11
BONA_002,NEON.MAM.D19.O002E620190829,U,SOCI,4,87,36,12,4
BONA_002,NEON.MAM.D19.O002F520190830,U,SOCI,4,74,38,11,5
BONA_002,NEON.MAM.D19.O002I120190801,U,SOCI,4,85,41,11,5
BONA_002,NEON.MAM.D19.O002J820200826,F,MYRU,19,115,31,20,15
DEJU_003,NEON.MAM.D19.O003A1020210811,F,MYRU,15,109,35,19,16
DEJU_003,NEON.MAM.D19.O003A820210811,M,MYRU,15,112,32,19,15
DEJU_003,NEON.MAM.D19.O003C120200804,F,MYRU,23,130,34,17,10
DEJU_003,NEON.MAM.D19.O003H1020210811,F,SOCI,4,87,41,13,4
DEJU_003,NEON.MAM.D19.O003J420210615,M,MYRU,25,138,33,18,16
DEJU_003,NEON.MAM.D19.O003J520200804,F,MYRU,34,142,36,18,11
BONA_004,NEON.MAM.D19.O004B420190801,U,SOCI,8,91,39,14,6
BONA_004,NEON.MAM.D19.O004C10170731,U,SOTU,6,105,40,13,4
BONA_004,NEON.MAM.D19.O004C220190801,U,SOCI,4,89,42,12,5
BONA_004,NEON.MAM.D19.O004C320190801,U,SOCI,4,85,39,11,5
BONA_004,NEON.MAM.D19.O004C320200828,U,SOCI,7,90,35,14,5
BONA_004,NEON.MAM.D19.O004G120210702,M,SOTU,9,92,37,12,4
BONA_004,NEON.MAM.D19.O004I120190801,U,SOCI,3,83,49,11,6
BONA_004,NEON.MAM.D19.O004J07170801,M,MYRU,20,111,36,19,15
BONA_004,NEON.MAM.D19.O004J1020190904,F,MYRU,25,123,27,18,15
BONA_004,NEON.MAM.D19.O004J920200731,F,SOTU,12,94,34,14,5
BONA_004,NEON.MAM.D19.O004J920200828,F,MYRU,18,112,30,20,12
DEJU_005,NEON.MAM.D19.O005G720210810,F,SOCI,3,85,37,12,3
DEJU_006,NEON.MAM.D19.O006A420210813,M,SOCI,4,81,38,13,9
DEJU_006,NEON.MAM.D19.O006E620210813,M,SOCI,4,85,39,13,8
DEJU_006,NEON.MAM.D19.O006G520170531,M,MIOE,42,151,30,21,9
DEJU_006,NEON.MAM.D19.O006H620210813,F,SOTU,7,109,36,14,9
DEJU_006,NEON.MAM.D19.O006I120210813,F,MYRU,22,122,34,19,18
DEJU_006,NEON.MAM.D19.O006I920210813,M,SOTU,6,85,35,14,9
HEAL_010,NEON.MAM.D19.O010A1020190725,F,SOHO,4,75,32,10,4
HEAL_010,NEON.MAM.D19.O010A1020200820,F,SOCI,3,86,33,11,5
HEAL_010,NEON.MAM.D19.O010B03170822,F,LETR,38,127,21,20,10
HEAL_010,NEON.MAM.D19.O010F820200819,M,SOTU,6,78,30,13,5
HEAL_010,NEON.MAM.D19.O010J09170627,M,LETR,49,124,15,18,12
HEAL_014,NEON.MAM.D19.O014A220190626,M,SOCI,4,88,46,10,6
DEJU_014,NEON.MAM.D19.O014A520210716,F,MYRU,19,125,34,18,16
HEAL_014,NEON.MAM.D19.O014A620190626,M,SOCI,4,85,44,11,6
HEAL_014,NEON.MAM.D19.O014A820190820,F,MYRU,13,107,26,17,14
HEAL_014,NEON.MAM.D19.O014B1020190724,M,SOCI,5,87,36,12,3
HEAL_014,NEON.MAM.D19.O014B220190820,F,SOTU,6,96,32,12,6
HEAL_014,NEON.MAM.D19.O014B220200820,M,SOTU,7,88,34,13,4
HEAL_014,NEON.MAM.D19.O014C520190626,M,SOCI,3,84,42,10,5
HEAL_014,NEON.MAM.D19.O014D10170823,U,SOCI,4,79,34,13,6
HEAL_014,NEON.MAM.D19.O014F120190820,F,MYRU,12,107,29,18,13
HEAL_014,NEON.MAM.D19.O014F220190820,F,MYRU,17,116,28,17,13
HEAL_014,NEON.MAM.D19.O014F320190724,F,SOTU,7,83,33,13,6
HEAL_014,NEON.MAM.D19.O014F420190820,F,SOTU,6,100,31,14,3
HEAL_014,NEON.MAM.D19.O014F620190820,U,SOCI,4,92,37,13,4
HEAL_014,NEON.MAM.D19.O014F920190626,F,SOCI,4,86,42,11,6
HEAL_014,NEON.MAM.D19.O014F920200820,M,SOCI,4,78,31,12,3
HEAL_014,NEON.MAM.D19.O014G220190820,F,MYRU,21,122,32,18,14
BONA_014,NEON.MAM.D19.O014G620190829,U,SOCI,4,81,40,12,4
DEJU_014,NEON.MAM.D19.O014G620210716,M,MYRU,14,112,28,18,14
HEAL_014,NEON.MAM.D19.O014H520190724,M,SOCI,4,79,35,11,7
HEAL_014,NEON.MAM.D19.O014I120190724,M,SOTU,6,88,33,13,5
HEAL_014,NEON.MAM.D19.O014I220190724,F,SOCI,4,89,36,11,3
HEAL_014,NEON.MAM.D19.O014I520190820,M,SOTU,6,96,34,19,6
DEJU_014,NEON.MAM.D19.O014I920190808,F,MYRU,22,118,40,19,11
HEAL_014,NEON.MAM.D19.O014J1020190724,F,SOCI,4,86,35,13,6
HEAL_014,NEON.MAM.D19.O014J620190820,M,MYRU,14,102,28,18,13
HEAL_016,NEON.MAM.D19.O016B10170824,U,SOCI,4,81,30,10,4
DEJU_017,NEON.MAM.D19.O017A420210715,M,TAHU,220,325,136,46,25
DEJU_017,NEON.MAM.D19.O017E620190806,M,MYRU,21,115,40,18,15
DEJU_017,NEON.MAM.D19.O017I420200708,M,MYRU,24,135,37,18,13
DEJU_017,NEON.MAM.D19.O017J1020190808,M,TAHU,200,300,126,50,25
DEJU_017,NEON.MAM.D19.O017J1020210810,F,MYRU,26,123,36,18,16
BONA_020,NEON.MAM.D19.O020A920190801,U,SOCI,4,90,39,11,4
BONA_020,NEON.MAM.D19.O020C520190904,U,SOCI,4,82,35,11,4
BONA_020,NEON.MAM.D19.O020E220200828,M,MYRU,15,122,30,18,12
BONA_020,NEON.MAM.D19.O020I220190904,U,SOCI,4,79,34,11,5
BONA_020,NEON.MAM.D19.O020I320200702,M,MYRU,25,132,31,18,14
BONA_020,NEON.MAM.D19.O020I320210803,M,MYRU,17,110,30,19,15
BONA_023,NEON.MAM.D19.O023F220180809,F,MYRU,16,121,27,19,9
BONA_023,NEON.MAM.D19.O023G220180809,U,SOCI,3,93,36,10,2
BONA_023,NEON.MAM.D19.O023G220200730,F,MYRU,25,134,42,18,14
BONA_023,NEON.MAM.D19.O023G520190829,U,SOCI,4,82,35,12,3
BONA_023,NEON.MAM.D19.O023I720190829,U,SOCI,4,86,33,11,3
BONA_023,NEON.MAM.D19.O023J620200827,M,MYRU,18,115,36,19,11
HEAL_031,NEON.MAM.D19.O031A820190723,U,SOCI,4,87,33,12,4
HEAL_031,NEON.MAM.D19.O031B720190820,U,SOCI,4,80,38,12,4
HEAL_031,NEON.MAM.D19.O031C1020210625,M,MYRU,23,120,34,17,14
HEAL_031,NEON.MAM.D19.O031E220190723,U,SOCI,4,83,39,13,7
HEAL_031,NEON.MAM.D19.O031E220200818,F,MIPE,27,133,34,21,11
HEAL_032,NEON.MAM.D19.O032A220190820,F,MYRU,14,103,27,18,12
HEAL_032,NEON.MAM.D19.O032A620210720,U,SOCI,3,92,39,11,4
HEAL_032,NEON.MAM.D19.O032A820200821,F,MYRU,22,216,33,16,15
HEAL_032,NEON.MAM.D19.O032B1020190725,M,SOCI,3,89,39,12,4
HEAL_032,NEON.MAM.D19.O032B520190820,F,SOCI,3,92,36,13,3
HEAL_032,NEON.MAM.D19.O032C1020190724,M,SOCI,4,86,36,12,4
HEAL_032,NEON.MAM.D19.O032C720190626,F,SOCI,4,83,40,12,4
HEAL_032,NEON.MAM.D19.O032D220190625,M,SOCI,5,81,36,12,4
HEAL_032,NEON.MAM.D19.O032D820210720,U,SOCI,3,94,38,10,3
HEAL_032,NEON.MAM.D19.O032F520210624,M,SOMO,4,97,43,13,4
HEAL_032,NEON.MAM.D19.O032G820190627,M,SOHO,5,81,43,10,6
HEAL_032,NEON.MAM.D19.O032G820190723,U,SOCI,4,77,36,11,3
HEAL_032,NEON.MAM.D19.O032G820190724,M,SOCI,4,89,35,11,3
HEAL_032,NEON.MAM.D19.O032H08170627,U,SOCI,4,91,40,12,4
HEAL_032,NEON.MAM.D19.O032I1020180913,M,SOCI,3,76,38,11,4
HEAL_032,NEON.MAM.D19.O032I320190820,F,MYRU,14,106,26,17,13
HEAL_032,NEON.MAM.D19.O032I420190820,M,SOCI,4,77,36,11,4
HEAL_032,NEON.MAM.D19.O032I520190820,M,SOHO,4,85,30,11,3
HEAL_032,NEON.MAM.D19.O032I920200821,M,SOTU,7,92,31,8,4
HEAL_032,NEON.MAM.D19.O032J420210720,U,SOCI,4,93,36,12,5
HEAL_033,NEON.MAM.D19.O033A1020210722,M,SOTU,6,90,31,13,7
HEAL_033,NEON.MAM.D19.O033A420190820,F,SOCI,4,83,38,11,5
BONA_033,NEON.MAM.D19.O033A620190730,F,MYRU,22,122,33,18,15
BONA_033,NEON.MAM.D19.O033B420190731,F,SOCI,4,80,39,13,8
BONA_033,NEON.MAM.D19.O033B420200826,U,SOCI,3,80,34,12,5
HEAL_033,NEON.MAM.D19.O033B520190627,M,SOCI,3,81,42,13,6
BONA_033,NEON.MAM.D19.O033B620200826,U,SOCI,3,77,34,11,4
BONA_033,NEON.MAM.D19.O033B920190829,F,SOCI,4,83,37,10,5
BONA_033,NEON.MAM.D19.O033C1020190830,M,MYRU,16,112,31,19,14
HEAL_033,NEON.MAM.D19.O033C520190820,M,SOTU,7,95,39,12,5
BONA_033,NEON.MAM.D19.O033C620180905,U,SOCI,4,96,36,10,6
HEAL_033,NEON.MAM.D19.O033C720210721,U,SOCI,3,81,32,11,4
HEAL_033,NEON.MAM.D19.O033C820190725,U,SOCI,4,84,35,12,3
HEAL_033,NEON.MAM.D19.O033D220210722,U,SOCI,6,95,36,13,6
BONA_033,NEON.MAM.D19.O033D420180905,M,SOCI,4,93,36,11,6
HEAL_033,NEON.MAM.D19.O033D520190724,M,SOTU,5,89,33,14,5
HEAL_033,NEON.MAM.D19.O033D620190820,F,SOTU,6,88,36,14,6
BONA_033,NEON.MAM.D19.O033E620180907,U,SOCI,4,75,35,10,4
BONA_033,NEON.MAM.D19.O033E620190829,M,SOCI,3,85,38,11,4
HEAL_033,NEON.MAM.D19.O033E820190724,M,SOCI,3,86,37,12,4
HEAL_033,NEON.MAM.D19.O033F520190627,M,SOTU,7,91,40,13,5
BONA_033,NEON.MAM.D19.O033F620190830,U,SOCI,4,87,34,12,4
HEAL_033,NEON.MAM.D19.O033F620210722,U,SOCI,6,96,35,14,3
BONA_033,NEON.MAM.D19.O033G420200825,M,MYRU,17,106,30,19,14
BONA_033,NEON.MAM.D19.O033G420210728,U,SOCI,4,80,39,11,8
HEAL_033,NEON.MAM.D19.O033G520190820,U,SOCI,3,93,43,13,4
HEAL_033,NEON.MAM.D19.O033G920200821,M,SOMO,6,90,41,6,3
BONA_033,NEON.MAM.D19.O033H220180905,U,SOCI,4,79,31,11,7
HEAL_033,NEON.MAM.D19.O033H520190820,F,MYRU,13,109,29,19,9
BONA_033,NEON.MAM.D19.O033H820200826,U,SOCI,3,84,36,12,4
BONA_033,NEON.MAM.D19.O033H920190801,M,SOCI,4,79,32,11,6
HEAL_033,NEON.MAM.D19.O033I120190723,F,SOTU,6,56,32,13,6
HEAL_033,NEON.MAM.D19.O033I220190625,M,SOHO,5,77,29,11,4
HEAL_033,NEON.MAM.D19.O033I220190820,F,SOTU,7,94,40,12,4
BONA_033,NEON.MAM.D19.O033I220200825,M,MYRU,16,112,33,18,14
BONA_033,NEON.MAM.D19.O033J1020190829,F,MYRU,21,116,38,19,11
HEAL_033,NEON.MAM.D19.O033J120190820,M,SOTU,6,91,41,12,4
BONA_033,NEON.MAM.D19.O033J720180905,M,MYRU,16,122,29,20,17
HEAL_033,NEON.MAM.D19.O033J820190820,M,MYRU,18,111,33,19,12
HEAL_034,NEON.MAM.D19.O034B920190627,M,SOCI,3,83,40,11,4
HEAL_034,NEON.MAM.D19.O034D720190723,U,SOCI,4,91,36,13,5
HEAL_034,NEON.MAM.D19.O034E220210625,F,LETR,18,111,16,16,11
HEAL_034,NEON.MAM.D19.O034E520200818,F,SOCI,4,87,37,12,5
HEAL_034,NEON.MAM.D19.O034E620190723,F,MYRU,29,123,39,19,15
HEAL_034,NEON.MAM.D19.O034G220190723,F,SOHO,4,75,30,11,4
BONA_094,NEON.MAM.D19.O094A220190828,U,SOCI,4,85,31,12,2
BONA_094,NEON.MAM.D19.O094A820190828,U,SOCI,4,90,34,11,3
BONA_094,NEON.MAM.D19.O094B520200701,M,MYRU,16,108,24,18,14
BONA_094,NEON.MAM.D19.O094F620200827,M,MYRU,16,110,28,18,14
BONA_094,NEON.MAM.D19.O094H820190828,U,SOCI,3,77,32,11,3
BONA_094,NEON.MAM.D19.O094J1020190828,U,SOCI,3,83,33,11,4
HEAL_016,NEON.MAM.D19.R1537,M,MIPE,26,132,39,20,11
DEJU_017,NEON.MAM.D19.R1556,M,MYRU,24,117,29,20,12
DEJU_014,NEON.MAM.D19.R1571,M,MYRU,21,113,23,20,13
HEAL_014,NEON.MAM.D19.R2078,M,LETR,49,130,15,19,10
BONA_004,NEON.MAM.D19.R2405,M,MIXA,97,201,54,27,14
BONA_004,NEON.MAM.D19.R2418,F,MIXA,72,181,43,24,16
HEAL_014,NEON.MAM.D19.R2539,M,LETR,54,141,16,22,8
HEAL_014,NEON.MAM.D19.R2541,M,LETR,55,141,14,19,8
DEJU_005,NEON.MAM.D19.R2863,F,TAHU,180,340,11,47,25
DEJU_005,NEON.MAM.D19.R2895,M,TAHU,220,330,120,48,25
HEAL_031,NEON.MAM.D19.R3008,F,MIPE,21,116,34,19,12
HEAL_032,NEON.MAM.D19.R3346,M,MYRU,13,110,27,18,11
BONA_020,NEON.MAM.D19.R3401,F,MYRU,20,135,34,19,13
BONA_002,NEON.MAM.D19.R3429,F,MYRU,33,145,49,19,15
DEJU_005,NEON.MAM.D19.R3794,M,MYRU,24,122,29,19,14
DEJU_003,NEON.MAM.D19.R3848,M,MYRU,24,131,41,19,11
HEAL_031,NEON.MAM.D19.R3906,F,MIPE,28,130,34,18,10
DEJU_003,NEON.MAM.D19.R4148,F,MYRU,30,122,36,18,12
BONA_002,NEON.MAM.D19.R4161,M,MYRU,23,112,28,18,14
HEAL_014,NEON.MAM.D19.R4195,F,MYRU,25,141,36,16,14
BONA_002,NEON.MAM.D19.R4226,M,MYRU,23,136,35,20,13
DEJU_005,NEON.MAM.D19.R4319,M,MYRU,19,105,37,18,13
BONA_004,NEON.MAM.D19.R4339,F,MYRU,24,135,38,18,14
BONA_004,NEON.MAM.D19.R4391,F,MYRU,26,137,34,18,12
HEAL_032,NEON.MAM.D19.R4406,M,MYRU,14,113,31,18,12
DEJU_003,NEON.MAM.D19.R4844,F,MYRU,23,123,32,19,16
DEJU_005,NEON.MAM.D19.R4870,F,MYRU,16,114,33,18,19
HEAL_033,NEON.MAM.D19.R4885,M,MIOE,32,130,36,20,11
DEJU_005,NEON.MAM.D19.R4890,F,MYRU,20,115,33,18,13
